gene,chromosome,start_position,end_position
NEUROG2,4,112513516,112516180
GSX2,4,54099523,54102498
LIMD1,3,45555394,45686341
LRIG1,3,66378794,66501263
SMAD6,15,66702236,66782849
ACVRL1,12,51906908,51923361
TMPRSS2,21,41464296,41531116
ATG101,12,52069246,52077495
BCR,22,23179704,23318037
PAX2,10,100735396,100829944
CEBPA,19,33299934,33302534
TYRO3,15,41557675,41583589
RGMA,15,93035271,93089211
IL2RA,10,6010689,6062370
IPO9,1,201829104,201884291
BMPR2,2,202376327,202567751
PLIN3,19,4838339,4867717
FEZF2,3,62369681,62374473
PROCA1,17,28703197,28711888
CERKL,2,181535041,181680665
OR7A10,19,14840466,14848922
DOCK1,10,126905397,127452518
POU4F2,4,146638893,146642474
EOMES,3,27715949,27722711
NAV3,12,77324641,78213010
IER5,1,181088700,181092900
DCST2,1,155018520,155033781
SOX7,8,10723768,10730511
MBD3L3,19,7056207,7069665
TP73,1,3652516,3736201
TBX20,7,35202430,35254100
MARCKSL1,1,32333827,32336233
HMGN2,1,26472013,26478209
GPR151,5,146513144,146516190
TRIB1,8,125430358,125438403
CKB,14,103519660,103523167
INTS3,1,153728050,153774808
KCNC3,19,50311937,50333515
CECR2,22,17359949,17558151
SLC16A2,X,74421383,74533918
RBPJ,4,26163455,26435131
AMH,19,2249309,2252073
RUNX2,6,45328157,45664349
LMO2,11,33858574,33892076
TMEM74,8,108606850,108787624
KCNJ18,17,21692523,21704612
LARP1B,4,128060801,128222931
ZDHHC3,3,44915257,44976185
NSG2,5,174045706,174243501
PARD3B,2,204545475,205620162
GATA2,3,128479423,128493208
SYNCRIP,6,85607779,85644063
HTR2B,2,231108230,231125080
NECTIN4,1,161070988,161090045
CAMLG,5,134737608,134752705
SDHC,1,161314381,161363206
COL1A1,17,50184101,50201634
EIF2AK2,2,37099210,37157688
SP140,2,230203110,230316577
STRIP1,1,110031577,110074641
SCG2,2,223596940,223602361
TGIF2LX,X,89921908,89922883
SMAD1,4,145480769,145559176
OR7C1,19,14789260,14835376
MECOM,3,169083499,169663775
KRAS,12,25205246,25250936
CDKN1A,6,36676441,36687397
LCN6,9,136744017,136748525
GADD45A,1,67685201,67688334
KRT6A,12,52487176,52493257
PCDHB9,5,141187127,141191541
DLK1,14,100725705,100738224
DXO,6,31969810,31972509
CLHC1,2,55172547,55232563
MYCL,1,39895428,39902256
VPS41,7,38722974,38932394
TAS2R38,7,141972631,141973773
ZFP91,11,58578476,58621550
IKZF1,7,50303412,50405101
SEC14L1,17,77088749,77217101
ZNF385C,17,42025576,42098479
SBF1,22,50443219,50483923
OR2D2,11,6891574,6892500
FEV,2,218981087,218985184
TPD52,8,80034745,80231232
LRFN5,14,41606733,41904549
SMIM20,4,25861830,25929813
DUSP9,X,153642401,153651326
FIGNL2,12,51817899,51848718
OBP2A,9,135545504,135549969
BYSL,6,41921229,41933050
NR5A2,1,200027597,200177420
BMP7,20,57168753,57266641
ARHGDIB,12,14942015,14961985
BRS3,X,136487947,136493780
TNC,9,115019575,115118257
EFS,14,23353248,23366286
LRRC15,3,194355249,194369743
OR2F1,7,143954844,143997312
EPB41L5,2,120013066,120179119
ACTL6B,7,100643097,100656458
CCL28,5,43376645,43412391
NIPA2,15,22838625,22869362
FAM110C,2,38814,46870
CDKN1B,12,12685498,12722373
CD82,11,44564414,44620924
UBTF,17,44205033,44221626
PON2,7,95404861,95435389
DUSP4,8,29333064,29350684
KRTAP10-12,21,44697172,44698044
SCO1,17,10672474,10698375
TUFM,16,28842410,28846419
CDH11,16,64943753,65126112
KRTAP3-2,17,40999193,40999906
ZNF100,19,21722771,21767598
ABHD15,17,29560547,29567037
ZNF354A,5,178711512,178732381
H3C2,6,26031589,26032099
METAP1D,2,171999943,172082432
VPS37B,12,122865330,122896127
RAET1E,6,149883179,149898113
ZNF300,5,150894392,150904983
ZAP70,2,97713576,97744327
CARD16,11,105039092,105101431
CDRT15L2,17,20579724,20580911
SOX5,12,23529504,24562544
CD68,17,7579380,7582112
SFXN3,10,101031229,101041244
FADS2,11,61792980,61867354
OR1S2,11,58203204,58204142
NIPAL2,8,98189826,98294393
VDR,12,47841537,47943048
BMPR1B,4,94757937,95158448
LRIG2,1,113073179,113132260
OR7G1,19,9114828,9115763
TMEM100,17,55718739,55732121
NNMT,11,114257765,114314329
LPCAT4,15,34358633,34367539
PLCE1,10,93993894,94332823
PHF3,6,63635802,63779336
CBLC,19,44777845,44802291
PNN,14,39175163,39183220
SSR1,6,7268306,7347446
PURB,7,44876299,44885530
BARHL1,9,132582606,132590252
MPI,15,74890005,74902219
PTPRJ,11,47980425,48170839
NPY,7,24284188,24291862
SMAD5,5,136132845,136188747
AHNAK,11,62433542,62556235
MTF1,1,37809574,37859614
GTF2H1,11,18322276,18367045
GLT8D2,12,103988612,104064468
CTCFL,20,57495966,57525652
PPP2R3B,Y,333933,386955
LRIG3,12,58872037,58920551
TMEM169,2,216081866,216102783
REEP4,8,22138019,22141951
OTOP2,17,74922950,74933912
SGF29,16,28553915,28591790
CARMIL3,14,24052009,24069734
PHF10,6,169703902,169725566
KLF9,9,70384604,70414657
KLF5,13,73054976,73077541
RNASE6,14,20781068,20782467
MYO6,6,75749175,75919537
ZC3H11A,1,203795623,203854999
BCL2A1,15,79960892,79971196
AOC1,7,150824627,150861504
ADAMTSL1,9,17906563,18910950
VAX1,10,117128521,117138301
PHLPP2,16,71637835,71724701
TRDMT1,10,17137336,17202054
VGLL2,6,117265558,117273618
FBXO39,17,6776215,6797101
SERINC1,6,122443348,122471854
SNAPC4,9,136375567,136400176
CYP2C9,10,94938588,94990148
DKK3,11,11956207,12009948
TBPL1,6,133952170,133990432
GRM1,6,146027646,146437601
IGFBP4,17,40443446,40457727
CGGBP1,3,88051944,88149885
SFT2D3,2,127701497,127705242
KDM2B,12,121429096,121582279
ZNF567,19,36687268,36727701
RPS23,5,82273320,82278414
ALDH1B1,9,38392623,38398661
FSIP1,15,39588357,39782858
EEF1A2,20,63477488,63500533
MARCHF1,4,163524298,164384050
TPSG1,16,1221651,1225793
ZNF28,19,52797408,52857600
LPAR2,19,19623639,19628930
RFPL4B,6,112347330,112351294
STX3,11,59713456,59805882
RAB7A,3,128693669,128825942
KRTAP9-1,17,41189887,41190639
CRABP2,1,156699597,156708094
SPPL3,12,120762510,120904358
TMEM220,17,10699015,10730354
ARHGAP20,11,110577042,110713189
CCDC82,11,96349241,96389956
HOXC9,12,53994895,54003337
PRG4,1,186296270,186314567
TTLL10,1,1173880,1197940
SNX12,X,71056332,71073426
SRGAP2,1,206203346,206464436
ADPRHL1,13,113399611,113453488
SHPRH,6,145864245,145964423
ZNF710,15,89999180,90082206
ZNF699,19,9291140,9309838
TAS2R5,7,141790217,141791367
TNFRSF4,1,1211326,1214153
SLC38A3,3,50202871,50221504
CNGA4,11,6234765,6245011
BHLHE41,12,26120030,26125037
KATNAL1,13,30202630,30307551
ADAMTS19,5,129459686,129738683
FAM107B,10,14518557,14774897
CX3CR1,3,39263495,39281735
TUBGCP3,13,112485005,112588205
DSTYK,1,205142505,205211709
TMEM215,9,32783540,32789201
HEXD,17,82418318,82442645
UBE2M,19,58555709,58558954
TP53,17,7661779,7687546
EVI2A,17,31316410,31321749
HAUS8,19,17049729,17075625
BIK,22,43110748,43129712
KCNK4,11,64291302,64300031
PNISR,6,99397629,99425335
DHX30,3,47802641,47851617
IKBKG,X,154541179,154565047
LTA,6,31572054,31574324
TBC1D10A,22,30291990,30326947
MBD3L2B,19,7018969,7021431
HDAC5,17,44076746,44123702
CYTIP,2,157409360,157491093
CACNG4,17,66964707,67033400
LYPD8,1,248737957,248755759
FNDC8,17,35121615,35130732
OR52E8,11,5856749,5857690
TUBA1B,12,49127782,49131397
PRKCH,14,61187559,61550980
LHX3,9,136196250,136205128
ADAD1,4,122378966,122429802
ZNF17,19,57410723,57421934
C9orf152,9,110190048,110208159
GJD4,10,35605341,35608935
FIGN,2,163593396,163736012
TMSB4X,X,12975107,12977227
NFATC3,16,68084751,68229259
BDNF,11,27654893,27722058
RPL21,13,27251283,27259609
INKA2,1,111680630,111755824
SOX13,1,204073111,204127743
COL22A1,8,138588235,138914063
MYL4,17,47200446,47227683
ZNF354B,5,178859953,178888122
CD27,12,6444941,6451718
MAP3K13,3,185282941,185489094
MED12,X,71118543,71144103
MAK,6,10762723,10838553
ABHD17A,19,1876810,1885618
SEMA4C,2,96859718,96873840
OR8H1,11,56288462,56292254
PEX16,11,45909663,45918812
NBEA,13,34942270,35673022
TIMM10B,11,6481496,6484683
PRPF31,19,54115410,54131719
TMEM132B,12,125186386,125662377
ATP6V1D,14,67294371,67360265
FBXO28,1,224114111,224162047
GRB10,7,50590063,50793462
TKFC,11,61333210,61353295
GABBR1,6,29555629,29633976
ING1,13,110712736,110723339
CMC2,16,80966448,81020270
RPLP0,12,120196699,120201235
PSMD10,X,108084202,108091619
RNF7,3,141738249,141747560
HNF4G,8,75407914,75566834
CPM,12,68842197,68971570
LIM2,19,51379909,51388264
TRIM11,1,228393672,228406841
OSR2,8,98940116,98952336
TMEM114,16,8537605,8590511
RSKR,17,28455752,28614197
POU2F2,19,42086110,42196585
NDN,15,23685400,23687305
CAPN7,3,15206112,15252919
SDC1,2,20200796,20225433
DCAF12L1,X,126549383,126552814
PPRC1,10,102132994,102150333
KBTBD2,7,32868166,32894131
PRXL2B,1,2586491,2591470
ZNF426,19,9523223,9538826
KCTD6,3,58491078,58502360
SAMD13,1,84298366,84389957
RSPO1,1,37610802,37635604
SEMA6D,15,47184101,47774228
ZNF850,19,36714383,36772825
STMN2,8,79611117,79666159
MLLT1,19,6210377,6279975
DAGLB,7,6407846,6484190
CDK5RAP1,20,33358437,33401561
DDI2,1,15617458,15669044
STIL,1,47250139,47314892
OR10A3,11,7937171,7941708
MAPKAPK5,12,111842013,111902222
IREB2,15,78437431,78501453
FNDC10,1,1598012,1600135
CGB7,19,49054274,49058860
ERGIC2,12,29337352,29381189
KBTBD3,11,106051098,106077459
ZRANB1,10,124942123,124988189
WSCD1,17,6057807,6124427
ODF2,9,128455186,128501292
NPAS3,14,32934396,33820863
DEFB126,20,142590,145751
SLC8B1,12,113298759,113359502
RIPOR1,16,67518418,67546788
HS3ST1,4,11393150,11429564
SFI1,22,31488688,31618588
ENKUR,10,24981979,25062279
TULP3,12,2877223,2941138
USP17L22,4,9267619,9269211
ADAMTS1,21,26835755,26845409
TACC2,10,121989163,122254545
SCMH1,1,41027202,41242306
ZNF629,16,30778456,30787205
SPX,12,21526296,21541249
KARS1,16,75627472,75648663
ZCCHC18,X,104112060,104115847
MEIS2,15,36889204,37101307
CD9,12,6199715,6238271
KIAA0040,1,175156986,175193265
HOXB8,17,48611377,48618003
B3GNT2,2,62195485,62224731
ZNF446,19,58474017,58481233
CYSLTR2,13,48653709,48711227
NR4A1,12,52022832,52059509
ZNF517,8,144798866,144811169
MET,7,116672051,116798386
ZSCAN30,18,35251058,35290245
UPP2,2,157876557,158136154
OTC,X,38327598,38424632
LCE1C,1,152804832,152806651
MBNL2,13,97221434,97394121
ZNF214,11,6996671,7020355
GATA1,X,48786540,48794311
POU5F1B,8,127322183,127420066
GATA3,10,8045315,8075198
SUV39H2,10,14878820,14904315
CSH2,17,63872012,63873766
RABGAP1L,1,174159410,174995308
MUC4,3,195746765,195811973
SPRN,10,133420666,133424625
USF3,3,113648385,113696646
GPR108,19,6729914,6737606
ESRRG,1,216503246,217137755
FOXI3,2,88446787,88452693
RPE65,1,68428822,68451103
ZNF501,3,44729593,44737936
CP,3,149162410,149221998
TLN1,9,35696948,35732195
KCNC4,1,110210314,110283100
OR6X1,11,123753580,123754518
ABCD4,14,74285269,74303055
CARD10,22,37490362,37519542
GTF2B,1,88852633,88891944
DACH2,X,86148451,86832604
PLEKHB1,11,73646178,73662819
CABP7,22,29720003,29731833
TNN,1,175067509,175148075
PHB2,12,6965327,6970841
NIBAN2,9,127505339,127578989
PSG5,19,43166256,43186536
TMC1,9,72521608,72838297
WNT7A,3,13816258,13880071
CHEK2,22,28687738,28742422
TNNI2,11,1838981,1841680
RBM18,9,122237622,122264855
CFAP57,1,43172330,43254358
CRHBP,5,76953044,76981158
FAM9C,X,13035617,13044682
SPON1,11,13962694,14268133
TCF12,15,56918099,57299707
FBXL5,4,15604381,15681679
BPIFA2,20,33161768,33181412
PPFIBP1,12,27523431,27695565
ZFYVE16,5,80407149,80483379
SLCO6A1,5,102371774,102499016
SLC2A2,3,170995125,171026775
ECHS1,10,133362472,133373714
GTF2A1L,2,48617798,48733148
GTSE1,22,46296870,46330810
LEP,7,128241278,128257629
PHF5A,22,41459705,41468711
DENND1B,1,197504748,197775706
CCDC159,19,11344684,11354944
LIX1,5,97091867,97142846
RNF126,19,647526,663233
SERPINF1,17,1761979,1777627
SOX9,17,72121020,72126416
SCAMP5,15,74957219,75021497
NFRKB,11,129863636,129895590
ZNF891,12,133104779,133130289
HOMER3,19,18929201,18941728
TGFBR3,1,91680343,91906335
RAPH1,2,203394345,203535451
MRPL55,1,228105949,228109358
OR52L1,11,5985892,5986985
TLCD4,1,95117292,95197607
TBCD,17,82751855,82945918
EPB41,1,28887091,29120046
ACSM4,12,7304072,7328719
TMEM132D,12,129071725,129904025
CLK2,1,155262868,155278491
FUZ,19,49806866,49817376
ZNF664,12,123971745,124015445
PRRC2A,6,31620715,31637771
TMEM126A,11,85647956,85656547
SERPINB12,18,63542369,63569329
FAM106A,17,18511221,18625681
KCNV1,8,109963636,109975771
MOB1A,2,74152528,74178932
CYP26C1,10,93060798,93069540
ZSCAN29,15,43357920,43371048
ZNF267,16,31873788,31917357
OR4M2,15,22070241,22083221
IL2,4,122451470,122456725
L3MBTL4,18,5952760,6415477
RTKN,2,74425835,74442422
SLC14A2,18,45212995,45683688
TMEM179B,11,62787387,62790403
SLC25A35,17,8287763,8295410
AHRR,5,320682,438291
NKAIN4,20,63240784,63272694
TNFAIP1,17,28335602,28347009
PMFBP1,16,72112157,72176878
GAB3,X,154675249,154751583
H2BW2,X,104039956,104042454
RTL9,X,110358848,110456334
RS1,X,18639688,18672108
CMTM2,16,66579448,66588275
C1QTNF9B,13,23891099,23897502
CLEC18A,16,69950705,69964452
TMEM106A,17,43211835,43220041
OTUD7A,15,31475398,31870789
FBXW9,19,12688053,12696649
TAL1,1,47216290,47232225
GPR25,1,200872981,200874178
CT45A7,X,135829229,135837280
TMC4,19,54160095,54173250
FAT1,4,186587791,186726722
CCL19,9,34689570,34691276
SYP,X,49187807,49200218
ZNF217,20,53567071,53609907
SLC30A7,1,100896061,100996260
ZNF641,12,48337180,48351414
FBXL17,5,107859035,108382098
NKX2-4,20,21395365,21397526
DARS1,2,135905881,135986100
GSTM2,1,109667348,109709551
ZNF789,7,99472832,99503650
MYO1C,17,1464186,1492698
RPTN,1,152153595,152159228
PRRG3,X,151694607,151705924
TSPAN4,11,840686,867120
PCDH11X,X,91779261,92623230
CACNA1D,3,53328963,53813733
ABCA9,17,68974488,69060949
KPNA4,3,160495007,160565587
KRIT1,7,92197498,92246166
C11orf91,11,33698261,33700826
SMIM10L2A,X,135421944,135428075
RNF103,2,86603395,86623877
GJB6,13,20221962,20232450
PKD1L2,16,81100875,81220370
SH2D4B,10,80537902,80646560
ABCC5,3,183919934,184017939
FOXL2,3,138944224,138947137
PMEPA1,20,57648392,57711536
RIPK2,8,89757783,89791064
TTPAL,20,44470527,44494604
BCAR1,16,75228181,75268053
GABRP,5,170763350,170814047
ZNF277,7,112206695,112356519
BTNL9,5,181040225,181061524
TACR2,10,69403903,69416918
ZDHHC22,14,77131270,77143032
TM2D2,8,38988808,38996824
PLXNB1,3,48403849,48430499
PPP1R14C,6,150143044,150250392
ATPSCKMT,5,10225507,10249897
SLC66A2,18,79902420,79951676
DSE,6,116253604,116444861
ADCY5,3,123282296,123449090
CPN1,10,100042193,100081907
RASGRF2,5,80960310,81230162
SOX2,3,181711925,181714436
IFRD2,3,50287732,50292918
RTL8C,X,135032355,135033546
NUP62,19,49906825,49929925
CAMK2D,4,113418054,113761927
SERPINA5,14,94561442,94593120
PRRC2B,9,131373636,131500197
TAF1D,11,93729948,93784391
GRB14,2,164492417,164622472
ADGRE2,19,14732392,14778560
KRT18,12,52945688,52952911
FAM118A,22,45308968,45342824
FAM186B,12,49582885,49605639
CRYM,16,21238874,21303083
UBE2O,17,76389456,76453208
ALK,2,29192774,29921586
TMEM135,11,87037831,87328824
BRD3,9,134030305,134068555
ZFYVE9,1,52141888,52348671
PLEKHG1,6,150599848,150843665
OR7G3,19,9126012,9126950
KCNA7,19,49067397,49072699
GORASP1,3,39095222,39108369
MYRFL,12,69825227,69959097
EEF1AKMT1,13,20727970,20773961
ARHGAP24,4,85475150,86002668
FNTB,14,64986837,65062655
RPRD1B,20,38033544,38127780
UNC119,17,28546708,28552653
SLC17A2,6,25906892,25930815
LRP2,2,169127109,169362534
SYT15,10,46578217,46594173
PILRA,7,100367530,100400096
ADAM19,5,157395534,157575858
TRAPPC11,4,183659267,183713594
PCDHB1,5,141051374,141059346
FNDC3A,13,48975912,49209779
RAPGEF6,5,131423921,131635234
VGLL3,3,86876388,86991149
ANKRD52,12,56237807,56258384
NCSTN,1,160343294,160358957
BCL6B,17,7023050,7030290
TLE1,9,81582313,81689681
IFFO1,12,6538961,6556102
RPL13,16,89560637,89567834
ARID5B,10,61901684,62096944
TUBA1C,12,49188736,49274600
ZDHHC8,22,20129456,20148007
SCARA5,8,27869883,27992834
RTN3,11,63681446,63759909
DNPH1,6,43225629,43229484
ID4,6,19837366,19842197
MIEF2,17,18259527,18266552
ACTR8,3,53863038,53882198
LCT,2,135787850,135837184
USP39,2,85602856,85657710
TMPRSS9,19,2360238,2426261
GNA13,17,65009289,65056817
CUL1,7,148697914,148801110
NSF,17,46590669,46757679
C3orf85,3,109118252,109152132
ATP6V1G2,6,31544444,31548427
ISOC2,19,55452975,55462343
TRPM1,15,31001065,31161160
SYNGR1,22,39349909,39385588
FKBP10,17,41812680,41823221
CORO1A,16,30182817,30189085
ERVFRD-1,6,11102324,11111845
UNCX,7,1232872,1237326
JAML,11,118193725,118226323
SLC5A6,2,27199587,27212958
GSTO2,10,104268873,104304950
NOL3,16,67170154,67176189
DISC1,1,231626790,232041272
ATG9A,2,219219380,219229717
ZNF701,19,52555822,52599928
MAPK8IP2,22,50600677,50613981
MAP4K4,2,101696850,101894690
CBFA2T3,16,88874858,88977207
GLUL,1,182378098,182392206
ELMOD1,11,107591091,107666779
RIN3,14,92513615,92688994
GPR88,1,100538139,100542021
PLEKHM1,17,45435900,45490758
KRTAP17-1,17,41314912,41315710
COL8A1,3,99638426,99799226
TRPM2,21,44350072,44445246
WDR19,4,39182494,39285810
NRF1,7,129611699,129757082
ARF4,3,57571363,57598220
AUNIP,1,25831913,25859458
TMIGD2,19,4292227,4302431
CARD8,19,48180770,48255946
ZIC4,3,147386046,147406809
TEF,22,41367333,41399326
VRK2,2,57907606,58164001
PDPN,1,13583465,13617957
SPDYE6,7,102345746,102356444
IRS1,2,226731312,226799820
CLEC5A,7,141927357,141947007
NKX6-3,8,41645177,41650817
SCN10A,3,38696802,38816286
LIMA1,12,50175788,50283524
HERC1,15,63608618,63833948
PRR7,5,177446445,177456291
CRTAP,3,33113956,33147773
RAB3IL1,11,61897232,61920269
GGCX,2,85544720,85561819
RPS3,11,75394327,75422280
GPN3,12,110452486,110469268
KLF1,19,12884422,12887201
IRS4,X,108719946,108736563
BTBD7,14,93237550,93333092
TAF1L,9,32629454,32635669
PRSS53,16,31083437,31089628
SPTBN4,19,40466241,40576464
MEI1,22,41699503,41799456
COMMD5,8,144837978,144853736
GBX1,7,151148009,151174745
MIGA2,9,129036614,129072087
DCUN1D3,16,20854897,20900400
TRIM73,7,75395063,75410996
ZFR,5,32354350,32444761
RUNX3,1,24899511,24965121
MTA1,14,105419808,105470737
H2AC14,6,27814302,27814777
LRRC37A3,17,64854130,64919480
YPEL4,11,57645087,57649944
NUP133,1,229440259,229508356
TNS3,7,47275154,47582558
RHO,3,129528639,129535344
LRIT3,4,109846013,109872315
BTG2,1,203305491,203309602
BBX,3,107522936,107811339
ZNF814,19,57848731,57889074
NDUFAF2,5,60945177,61154531
TMEM245,9,109015135,109119974
TAF8,6,42050513,42087461
RICTOR,5,38937920,39074402
ARPC1A,7,99325880,99366267
PRKRA,2,178431292,178451512
TRAT1,3,108822770,108855005
VPS13A,9,77177445,77421537
LEF1,4,108047545,108168956
DHX36,3,154272546,154324487
CORO7,16,4354542,4425705
SYBU,8,109573978,109691791
WARS1,14,100333784,100376805
CHMP3,2,86503430,86563507
MOB2,11,1469457,1501247
FBXO36,2,229922302,230013119
ZNF672,1,248838210,248849520
NEDD9,6,11183298,11382348
RNASE7,14,21042316,21044234
TTC7B,14,90524564,90816500
CCL14,17,35983288,35987033
APOL4,22,36189124,36204840
ZBTB34,9,126860632,126885878
MUSK,9,110668779,110806558
ITGB5,3,124761948,124901418
DNAJB8,3,128462437,128466968
SMAD4,18,51028528,51085045
IL4I1,19,49889654,49929539
GALR3,22,37822198,37825485
LBX1,10,101226180,101230401
UBE2L3,22,21549447,21624034
POLR2G,11,62761554,62766715
LY6D,8,142784882,142786539
CEACAM16,19,44699151,44710718
ECI1,16,2239402,2252300
BTBD1,15,83016423,83067281
EIF4EBP1,8,38030512,38060365
NEK10,3,27106484,27369460
FUT4,11,94543921,94549895
NETO1,18,72742314,72868146
ZNF319,16,57994673,58000672
NAT8,2,73640723,73643229
SH2B3,12,111405000,111451623
RNF40,16,30761745,30776307
IQCF5,3,51873721,51875601
MIOS,7,7566823,7609140
TRIP10,19,6737925,6751530
GIP,17,48958554,48968596
COL17A1,10,104030753,104086225
TCP10L2,6,167172145,167196679
TRHDE,12,72087266,72670758
LRRC43,12,122167738,122203471
ZNF324B,19,58450369,58459868
ZNF573,19,37735833,37817300
PAPPA2,1,176463171,176845601
CLIC6,21,34668994,34718227
TBKBP1,17,47694030,47712063
TEX50,1,173635338,173637130
PDP2,16,66878589,66895754
DYNLT3,X,37836757,37847571
NUDT14,14,105172937,105181323
UQCRB,8,96222947,96235564
EBLN1,10,22208475,22218018
ATP5ME,4,672423,674369
ANKDD1A,15,64911861,64958700
USE1,19,17215346,17220237
SCNN1D,1,1280436,1292029
RNASEH2C,11,65714005,65720818
PRAMEF2,1,12857086,12861909
NKX2-5,5,173232109,173235311
ESCO1,18,21529041,21600966
KIF14,1,200551497,200620771
MKX,10,27672874,27746060
RNF113B,13,98175785,98177269
SPANXD,X,141697411,141698739
CDH22,20,46173737,46309009
SRMS,20,63538489,63547749
LAMP5,20,9514316,9530541
ETV7,6,36354091,36387800
STK11,19,1177558,1228431
RNF38,9,36336396,36487548
SPATA2L,16,89696357,89701705
SPSB4,3,141050744,141148613
FADS3,11,61873519,61892136
TRMT13,1,100133045,100150496
LAP3,4,17577198,17607975
CDC42EP3,2,37641882,37738468
SCX,8,144266453,144268481
SMARCAD1,4,94207605,94291293
CCL21,9,34709005,34710167
GSE1,16,85169525,85676204
MBTPS1,16,84053761,84116942
CABCOCO1,10,61662929,61766845
SIDT1,3,113532400,113629714
FEM1A,19,4791734,4801273
CYB561,17,63432298,63447108
RRAGD,6,89364616,89412735
WAPL,10,86435256,86521843
OR3A3,17,3411370,3424070
DUOX2,15,45092650,45114172
ITIH6,X,54748918,54798255
ZNF304,19,57351271,57359898
PEBP4,8,22713237,23000000
RNF114,20,49936336,49953892
AHCYL2,7,129225021,129430211
IDH2,15,90083045,90102490
OR10H4,19,15944299,15950350
LAMB3,1,209614870,209653106
RIOX1,14,73490933,73493394
SIX2,2,45005182,45009452
PLK5,19,1508023,1536046
KAT5,11,65711996,65719604
CYP2E1,10,133520406,133561220
DRD3,3,114127580,114199407
SPINK8,3,48306842,48333661
ECSIT,19,11505927,11530564
TRAPPC3,1,36136570,36156053
HLX,1,220879431,220885059
EEF1AKMT3,12,57771492,57782541
ABHD4,14,22598249,22612963
FSCN3,7,127591409,127602144
QTRT2,3,114005833,114088542
ABCB11,2,168915498,169031324
CKMT1A,15,43692886,43702501
PRICKLE3,X,49174802,49186528
LSG1,3,194640791,194672463
TMEM232,5,110289233,110738956
H2BC7,6,26199516,26199988
IL18RAP,2,102418570,102452567
HDAC10,22,50245183,50251405
ZIC5,13,99962964,99971767
PTGFR,1,78303884,78540701
ARIH1,15,72474308,72602987
HTR1D,1,23190178,23217547
STATH,4,69995966,70002570
ZNF792,19,34956354,34964284
PAQR7,1,25861484,25875874
MBD1,18,50266746,50281846
ADAM8,10,133262416,133276909
OR52K1,11,4482646,4493497
INCENP,11,62123998,62155474
RPL30,8,98024851,98046469
UBL4A,X,154483717,154486615
MAN2C1,15,75355207,75368656
CUTC,10,99702558,99756187
RNF186,1,19814029,19815283
SLC27A4,9,128340506,128363283
TRAK1,3,42013624,42225890
EGFR,7,55018820,55211628
OTX1,2,63050057,63057836
TMEM131,2,97756333,97996226
TBC1D13,9,128787233,128810432
HMX3,10,123135970,123139423
TRIM74,7,72959485,72969466
TBL2,7,73567537,73578791
TERT,5,1253147,1295085
KCTD19,16,67289428,67326760
CCR7,17,40551081,40565472
PALD1,10,70477658,70668754
ZNF79,9,127424374,127449728
AQP3,9,33441156,33447596
DMAC1,9,7796500,7888380
CLDN14,21,36460616,36576569
SSH3,11,67303478,67312607
SEPHS1,10,13317425,13348596
KLF4,9,107484852,107490482
OR6S1,14,20640696,20641691
LTA4H,12,96000753,96043520
C6orf47,6,31658298,31660778
OGDH,7,44606549,44709070
PANK1,10,89579497,89645242
OR2AG1,11,6783020,6791558
HOXD13,2,176092721,176095944
BRCA1,17,43044292,43170245
NR1H2,19,50329640,50383404
VPS4A,16,69311336,69326939
RNF145,5,159157409,159210053
PPP1R10,6,30600400,30618612
POFUT2,21,45263928,45287898
DDX53,X,22999960,23003589
SLC37A2,11,125063302,125090516
CAD,2,27217369,27243943
UBLCP1,5,159263285,159286037
FOXI2,10,127737185,127741183
HUS1,7,47961882,47979682
CRLS1,20,6006052,6040053
STAP2,19,4324040,4342786
FNBP1,9,129887179,130043238
USP21,1,161159450,161165723
LRRC8C,1,89632707,89769903
TMEM212,3,171843349,171938715
SNX25,4,185204237,185390928
OR10J5,1,159535078,159536007
MOXD1,6,132296055,132401556
HRK,12,116856144,116881441
GATA6,18,22168837,22204154
MTBP,8,120445400,120542133
RIPOR3,20,50585180,50692021
TNRC6C,17,77958624,78108822
BEST3,12,69643360,69699476
TPCN1,12,113221050,113298589
PALM2AKAP2,9,109498325,110172512
SERINC5,5,80111228,80256048
IL1B,2,112829751,112836816
CDH17,8,94124381,94217303
ABCC6,16,16149565,16223637
CXCL1,4,73869392,73871308
OR4C6,11,55662201,55666195
CIP2A,3,108549864,108589644
ETFB,19,51345161,51366449
RIPOR2,6,24803362,25042170
EXOC3L2,19,45212370,45245407
MARVELD2,5,69415065,69444330
RBM10,X,47144284,47186814
ADM5,19,49688953,49690575
TBC1D32,6,121079494,121334745
EP400,12,131949931,132080460
MTERF4,2,241072169,241102332
IMP3,15,75639085,75648706
KDELR3,22,38468043,38483447
MMP7,11,102520508,102530853
ULK4,3,41246599,41962130
TYSND1,10,70137981,70146700
RAD54L,1,46246461,46278482
PKD2L1,10,100288149,100330264
ITPKB,1,226631688,226739323
ASF1B,19,14119512,14136622
TEKT4,2,94871430,94876823
MFSD9,2,102714630,102736888
RITA1,12,113185045,113193653
ZNF667,19,56438634,56478099
CCNA1,13,36431520,36442870
SPIB,19,50418938,50431314
ZC4H2,X,64915802,65034713
PDE4C,19,18207961,18255419
ACKR1,1,159204568,159206500
DCAF17,2,171434217,171485052
OR11H12,14,18601117,18602097
SYTL1,1,27342009,27353937
STX11,6,144149970,144191939
SPINT2,19,38244035,38292615
IFRD1,7,112422887,112481017
ERMARD,6,169751567,169781600
FOXN3,14,89124871,89619271
CAMK4,5,111223653,111494886
TXNRD1,12,104215779,104350307
FAM25C,10,47995322,47999791
HAPLN2,1,156619331,156626361
PAOX,10,133379246,133392078
BTN2A2,6,26383092,26394880
COL3A1,2,188974371,189012746
BCL2L14,12,12049844,12211084
ERGIC1,5,172834251,172952792
SUMO1,2,202206182,202238599
FAM170A,5,119629558,119635822
TBC1D10B,16,30357102,30370529
NKX1-2,10,124445243,124450035
C19orf25,19,1461143,1479565
AKAP12,6,151239936,151358563
MFSD14A,1,100038076,100083945
PPM1F,22,21919425,21952848
WASF3,13,26557661,26688948
LHX9,1,197911902,197935478
AXL,19,41219174,41261766
DDIT3,12,57516588,57521737
URGCP,7,43875894,43926411
ZNF831,20,59123381,59259113
B4GALT5,20,49632945,49713908
PDZD9,16,21983865,22001116
GOLGA8O,15,32441914,32455634
PDGFA,7,497258,520695
CASKIN2,17,75500261,75515621
HSF2BP,21,43529186,43659504
PYURF,4,88520998,88523776
GPR45,2,105241743,105243467
GOLGA6L9,15,82429816,82439153
PSMD13,11,236966,252986
KCNJ10,1,159998651,160070483
SLC30A10,1,219685427,219959018
LIFR,5,38474668,38608354
VEGFD,X,15345594,15384509
IFITM3,11,319675,329475
PON3,7,95357618,95396493
C7orf57,7,48035501,48061304
PLEKHO1,1,150149183,150164720
CCDC17,1,45620044,45624058
SERPINA1,14,94376745,94390866
THOC7,3,63833870,63863868
PTS,11,112226367,112269955
LRRC8E,19,7888500,7902021
HLA-A,6,29941260,29949572
ASS1,9,130443282,130502361
MRPS28,8,79918401,80030304
MS4A13,11,60515392,60542721
ANAPC10,4,144831908,145098823
MLEC,12,120687125,120704282
HOXA4,7,27128507,27130780
G6PC2,2,168901291,168910000
PPP2R2D,10,131900977,131959834
DNAJC25-GNG10,9,111631386,111670229
AMOTL2,3,134355347,134375479
CCBE1,18,59430939,59697694
HOXD3,2,176136545,176174227
SCEL,13,77535605,77646769
ZBTB5,9,37437687,37468850
RGMB,5,98768004,98798643
PLPP2,19,278504,291403
ERBB3,12,56076799,56103505
SEPTIN1,16,30378135,30395991
GPRC5C,17,74424851,74451653
FAM222B,17,28755971,28855232
JPH2,20,44106590,44189032
LBX2,2,74497517,74503316
HP,16,72054505,72061071
DSG1,18,31318160,31359246
SV2A,1,149903318,149918572
FAM8A1,6,17600302,17611719
RHOXF1,X,120109050,120245267
BRICD5,16,2209253,2210905
ART1,11,3645115,3668548
CDK2,12,55966781,55972789
KRTAP19-6,21,30541535,30541864
SCUBE3,6,35213859,35253080
CREB3L4,1,153963719,153974364
DMAP1,1,44213427,44220681
PALB2,16,23603160,23641321
VANGL1,1,115641854,115698224
ZNF668,16,31060842,31074240
STRIP2,7,129434392,129488399
PIM3,22,49960463,49964075
LSM3,3,14178801,14201122
YBX2,17,7288263,7294639
ENAM,4,70628744,70646824
TAF10,11,6606294,6612539
MAGEC1,X,141903894,141909374
HNRNPD,4,82351523,82374543
ADD3,10,109996356,110135565
KCNE3,11,74454841,74467743
UBXN2A,2,23926788,24004909
RMC1,18,23503483,23531822
TMEM126B,11,85628573,85636539
OR4K1,14,19930917,19936757
LILRA1,19,54593582,54602381
MC5R,18,13824149,13827323
IQCG,3,197888220,197960142
OCM2,7,97984687,97991169
GPN1,2,27628247,27651511
ASXL3,18,33578219,33751195
TAF6,7,100106876,100120091
KHDC3L,6,73362658,73364171
TLR5,1,223109339,223143318
GPBP1,5,57173821,57265668
CACNB4,2,151832771,152099167
SEC13,3,10293131,10321123
NCOA6,20,34689097,34825739
H3-5,12,31791185,31792298
IQCB1,3,121769399,121835093
TMEM248,7,66921171,66958551
GOLGA6L10,15,82339993,82349475
AP5S1,20,3811384,3828838
NEK9,14,75079353,75127344
NFKBIB,19,38899700,38908893
ZSCAN12,6,28378821,28399747
LZTS3,20,3162617,3174504
PPOX,1,161165837,161178013
REV3L,6,111299028,111483715
ETDA,X,135252061,135253583
PRDM14,8,70049063,70072782
SMDT1,22,42079564,42088243
GLG1,16,74447427,74607144
PRTG,15,55611544,55743152
NOXA1,9,137423350,137434451
SLFN14,17,35543985,35560819
NISCH,3,52455118,52493068
XYLT1,16,17101769,17470960
SLC5A8,12,101155493,101210238
PIK3R2,19,18153160,18170541
EPHB2,1,22710839,22921500
C7orf25,7,42908619,42912518
IGFLR1,19,35738798,35742455
LRRN2,1,204617170,204685738
ZNF587B,19,57819721,57846238
STK40,1,36339620,36385927
RGN,X,47078190,47094419
POU4F3,5,146338648,146341728
TLE3,15,70047790,70098176
MPND,19,4343527,4360086
ZNF253,19,19865881,19894674
PLA2G6,22,38111495,38214778
KLHL8,4,87159981,87240729
ACOD1,13,76948511,76958638
LYG2,2,99242169,99255666
SNED1,2,240998612,241095569
RAD51AP2,2,17510579,17518440
PPARD,6,35342530,35428193
SF3B5,6,144094884,144095573
CHRNB1,17,7445061,7457710
RAD51,15,40694774,40732344
CRACR2B,11,826144,831993
FGFBP3,10,91906584,91909486
TMEM167A,5,83052846,83077863
SLC22A3,6,160348373,160452577
KLF14,7,130730697,130734207
ILRUN,6,34587288,34696881
GID8,20,62937060,62948589
ANO10,3,43354859,43691594
MMACHC,1,45500300,45513382
C11orf21,11,2295628,2303180
MTX1,1,155208695,155213824
SNX24,5,122843439,123029354
PLGRKT,9,5357966,5438615
OR9I1,11,58116742,58125530
MPHOSPH6,16,82147798,82170228
SORT1,1,109309568,109397967
CFAP221,2,119544432,119662251
WNT10B,12,48965340,48971735
KRT73,12,52607570,52618559
ICAM1,19,10271093,10286615
BTBD19,1,44808523,44817381
PRDM6,5,123089241,123194266
MPO,17,58269855,58280935
MARCHF3,5,126867714,127031268
OCSTAMP,20,46540946,46550654
HMGCS2,1,119747979,119769092
CLN3,16,28474111,28495575
SH3BP5L,1,248810446,248826522
ABCD3,1,94418242,94518666
PIGF,2,46580937,46617055
NUBPL,14,31489956,31861226
METTL9,16,21597218,21657471
SLC25A44,1,156193932,156212796
SALL3,18,78979818,79002677
H3C8,6,26270918,26271413
PABPN1,14,23321457,23326163
SMIM33,5,139471004,139473700
JDP2,14,75427716,75474111
SLC40A1,2,189560538,189583758
TBX22,X,80014753,80031908
TAS2R42,12,11185993,11186937
ZNF454,5,178940827,178966648
VSX1,20,25070885,25082141
GOLGA8J,15,30082955,30096690
FAM89B,11,65572349,65574198
ITGAM,16,31259967,31332892
PIGBOS1,15,55317175,55319419
NUF2,1,163266576,163355766
KLK2,19,50861568,50880567
FTSJ1,X,48476021,48486364
CCDC77,12,389273,442644
PCDH20,13,61409685,61415849
TPRG1,3,188947214,189325304
EFEMP1,2,55865962,55924271
CHAMP1,13,114314482,114337626
ARID3B,15,74541188,74598131
EHF,11,34617044,34663386
DNAH7,2,195737703,196068837
ABCC1,16,15949138,16143257
ARHGEF7,13,111114559,111305737
IL7R,5,35852695,35879603
COG1,17,73193038,73209422
ADNP2,18,80109262,80147523
IMMT,2,86142798,86195626
MCL1,1,150560895,150579738
OGFOD1,16,56451508,56479104
RASL11A,13,27270810,27275192
BLVRA,7,43758009,43808097
SLC13A3,20,46557823,46684467
SERPINB7,18,63752935,63805376
ZNF420,19,37007823,37130368
TEN1,17,75979235,76000587
CLIC1,6,31730581,31740558
PTGES,9,129738331,129753042
TGFBI,5,136028988,136063818
RNASE1,14,20801228,20802884
GPR33,14,31482875,31488039
PTK2B,8,27311456,27459392
ARHGAP29,1,94148988,94275068
ECHDC2,1,52895910,52927212
MITF,3,69738536,69968336
GTF2E1,3,120742370,120783368
SLC6A18,5,1225381,1246189
TMEM14B,6,10747746,10852753
SRSF2,17,76734115,76737395
KBTBD13,15,65076746,65079948
KCTD21,11,78171245,78188644
P2RX4,12,121210065,121234112
GJB3,1,34781214,34786369
PNPT1,2,55634061,55693863
SUMO2,17,75165586,75182991
MCM2,3,127598223,127622437
ERO1A,14,52639915,52696025
TSPAN12,7,120787319,120858402
PARS2,1,54756594,54764546
SPATA46,1,162373203,162376874
ONECUT2,18,57435374,57491298
IPPK,9,92613181,92670262
LSM12,17,44034328,44067619
LAGE3,X,154477775,154479281
KNL1,15,40594020,40664342
NR6A1,9,124517275,124771311
ITM2C,2,230864639,230879248
SAR1B,5,134601149,134649271
AKT2,19,40230317,40285536
THAP2,12,71664301,71680644
DCUN1D1,3,182938074,182985953
MAPK1,22,21755537,21867680
DES,2,219417474,219426739
KCNJ2,17,70168302,70180044
FDPS,1,155304786,155320666
MCU,10,72692110,72887694
DENND4B,1,153928864,153946744
PCDHGA5,5,141364162,141512975
TFAP2A,6,10393186,10419659
BRD7,16,50313487,50368988
OR8G1,11,124241095,124254364
C4orf33,4,129093317,129116640
MYRF,11,61752593,61788518
EBF3,10,129835233,129973053
ATP6V0D2,8,85987323,86154227
USP6NL,10,11460328,11611803
PCDHGA8,5,141390157,141512975
ANXA9,1,150981321,150996077
P4HTM,3,48989889,49007153
FLOT2,17,28879335,28897739
TMEM258,11,61768501,61792802
B3GLCT,13,31199975,31332276
AFM,4,73481665,73504036
C3orf18,3,50558025,50573568
CLCA2,1,86424171,86456553
VPREB3,22,23752743,23754425
MRPS21,1,150293854,150308981
USP5,12,6852122,6866632
EMC3,3,9962682,10011202
KCTD12,13,76880175,76886405
XRRA1,11,74807739,74949200
SLC5A12,11,26667020,26723427
TFAP2E,1,35573314,35595328
PRRC2C,1,171485530,171593511
FOXN1,17,28506243,28538900
PLEKHG3,14,64704102,64750249
SLC39A4,8,144409742,144416844
HSPA1B,6,31827738,31830254
LCE4A,1,152708160,152709434
PLGLB2,2,87748085,87759723
RNASEH2B,13,50909747,51024120
ATP6V0E1,5,172983771,173035445
IRF2BP1,19,45883608,45886141
MAGED1,X,51803007,51902357
GFAP,17,44903159,44916937
AAK1,2,69457997,69674349
MFSD8,4,127917799,127966034
DNAH5,5,13690328,14011818
GPR141,7,37683721,37833788
HECW1,7,43112629,43566001
SLC10A6,4,86823468,86849384
GYG1,3,148991408,149031775
MOK,14,102224500,102305190
NOCT,4,139015772,139045939
MBTPS2,X,21839610,21885423
TTC14,3,180602163,180617828
KLHL33,14,20425852,20436166
ERC2,3,55508286,56469095
CEP41,7,130393771,130442433
CD200R1L,3,112815709,112846864
RGS19,20,64073181,64079988
MUC15,11,26559032,26572263
PTPDC1,9,94030794,94109856
RTL1,14,100879753,100903722
NOTCH4,6,32194843,32224111
KBTBD7,13,41189834,41194569
DCTN1,2,74361154,74392087
NAPSA,19,50358472,50365830
EMD,X,154379244,154381574
PPP1R14D,15,40815446,40829391
ANKRD13C,1,70258999,70354734
DNAJC15,13,43023203,43114213
SMCO2,12,27446736,27502185
AK2,1,33007986,33080996
TMEM38B,9,105694519,105776629
MAP2K1,15,66386825,66491656
SLC39A9,14,69398015,69462390
C8orf33,8,145052425,145066685
MZT1,13,72708367,72727629
MRPL32,7,42932346,42948958
CDCA8,1,37692481,37709719
OR6J1,14,22630929,22644352
ZNF382,19,36604817,36634114
RBAK,7,5045821,5069491
XPO7,8,21919641,22006585
ZNF708,19,21284033,21329425
SMLR1,6,130827406,130837135
USP49,6,41789896,41895375
ZEB2,2,144364364,144521057
CYLC1,X,83861126,83886699
SMURF1,7,99027435,99144164
SKOR2,18,47206169,47251660
CHML,1,241628851,241640369
KISS1R,19,917287,921005
RPRML,17,46978156,46979253
CLU,8,27596917,27615056
MLXIP,12,122078666,122147344
GOLGA7,8,41488200,41511095
BCS1L,2,218658764,218663466
ALX4,11,44260440,44310139
PROC,2,127415933,127429762
PAGE1,X,49687447,49695984
ZNF136,19,12163064,12189871
EIF2AK3,2,88556741,88691518
LACTB2,8,70631109,70669185
BGLAP,1,156242184,156243317
ZNF438,10,30820207,31032110
HLA-E,6,30489503,30494205
ARHGEF26,3,154121003,154257827
IL10,1,206767602,206774541
HPCA,1,32881498,32898441
RPL22L1,3,170864875,170870402
NRIP3,11,8965682,9005288
CPNE4,3,131533555,132285410
MST1R,3,49886902,49906130
ATP2A1,16,28878405,28904466
RANBP1,22,20115877,20127355
ARSF,X,3040235,3112822
PLXNB2,22,50274978,50307695
OR4F6,15,101803509,101806887
MTFP1,22,30425623,30429054
GCLM,1,93885199,93909513
ETS1,11,128458761,128587606
DPP10,2,114442299,115845780
SUN2,22,38733280,38794143
PSORS1C1,6,31114750,31140092
PPP1R37,19,45091396,45148077
CES4A,16,66988585,67010417
HNMT,2,137964020,138016364
CYP26B1,2,72129238,72147862
HSFX4,X,149929573,149931287
RTN2,19,45485294,45497055
TGM1,14,24249114,24264432
RRM1,11,4094707,4138932
OR13C8,9,104569168,104570130
LYL1,19,13099033,13103161
COLEC12,18,316737,500722
BCCIP,10,125823525,125853695
BATF,14,75522455,75546993
NUDCD3,7,44379119,44490690
CDHR3,7,105876796,106036432
KCNS3,2,17877847,18361616
KCNJ1,11,128836315,128874671
STPG1,1,24355886,24416934
RBP2,3,139452884,139480767
CDCP1,3,45082277,45146453
RFX8,2,101397359,101475112
TRAF2,9,136881903,136929221
PCDHB14,5,141223343,141227759
TMEM86A,11,18693122,18704785
RNF222,17,8390702,8397827
RIN1,11,66330241,66336840
POGLUT3,11,108472112,108498405
CCL7,17,34270221,34272242
P2RY11,19,10111693,10115372
HAPLN1,5,83637805,83723528
SIGLEC6,19,51517819,51531856
ACTR3B,7,152759749,152855378
DET1,15,88494440,88547321
CMKLR1,12,108288044,108339317
ZNF138,7,64794388,64833681
NCDN,1,35557456,35567274
KLHL14,18,32672601,32773023
SNORC,2,232857270,232878708
POMK,8,43093498,43131180
LPIN2,18,2885296,3013345
TARS3,15,101653596,101724565
ZSCAN10,16,3088890,3099295
PDLIM7,5,177483393,177497608
CCDC15,11,124954095,125041649
DHX33,17,5440917,5468982
CCNDBP1,15,43185118,43197177
EPM2A,6,145382535,145736023
FBXL7,5,15500180,15939795
TSPYL4,6,116249964,116254075
TMEM260,14,56488354,56650606
ROGDI,16,4796962,4802926
RASA4B,7,102479976,102517800
ZNF117,7,64970663,65006687
LRFN4,11,66856546,66860475
ZNF318,6,43307134,43369647
KIF24,9,34252380,34329280
RHPN1,8,143368810,143384221
BTN2A1,6,26457904,26476621
KLK8,19,50996007,51002711
PGAP4,9,101473170,101533537
MEMO1,2,31865060,32011230
BRI3BP,12,124993645,125031231
B3GALT2,1,193178730,193186613
HORMAD2,22,30080464,30177075
SALL4,20,51782331,51802521
OR2A1,7,144312419,144322737
NCALD,8,101686542,102124907
MIP,12,56449502,56469166
SLC26A9,1,205913048,205943460
TEX44,2,231592864,231594276
MS4A10,11,60785333,60801305
ID2,2,8678845,8684461
PDZD11,X,70281118,70290596
FLT3LG,19,49474150,49486233
MYBPHL,1,109292363,109307213
TSR1,17,2322392,2336657
WDR74,11,62832342,62842228
RFX5,1,151340640,151347339
HPSE2,10,98457077,99235862
IGFBP5,2,216672105,216695549
MPPED1,22,43411196,43507850
DPEP2,16,67987392,68000615
APOD,3,195568705,195584033
HTR1B,6,77460924,77463491
ZNF19,16,71464555,71565502
CLCN3,4,169612438,169723673
ZFP36L2,2,43222402,43226606
THBD,20,23045633,23049672
TBX21,17,47733236,47746126
CREBRF,5,173056352,173139284
LOXL1,15,73925989,73952137
SAMD12,8,118189455,118622112
EPB41L4B,9,109171463,109321067
TRMT44,4,8436140,8493531
RRAS2,11,14277922,14364506
CYP2F1,19,41114432,41128381
ZNF518A,10,96129695,96205288
TP53TG3C,16,33194226,33196858
TMEM236,10,17752201,17800868
ZNF518B,4,10439873,10461381
ARIH2,3,48918821,48986382
RSBN1,1,113761832,113812476
SRGAP3,3,8980591,9363053
PGS1,17,78378637,78425114
MICU1,10,72367328,72626134
SETD4,21,36034534,36079389
SSC5D,19,55488404,55519099
KRTCAP3,2,27442337,27446481
SF3B2,11,66050729,66069308
ITGB7,12,53191318,53207282
TMED7-TICAM2,5,115578642,115626161
RARRES2,7,150338314,150342144
TNFRSF11B,8,118923557,118952055
ACYP1,14,75053221,75069483
PRB4,12,11307077,11310436
DAP,5,10679230,10761273
BTC,4,74744759,74794717
OR10C1,6,29439306,29440977
DLGAP1,18,3496032,4455307
E2F7,12,77021246,77065572
STK4,20,44966494,45084214
ELP5,17,7250823,7260165
CNPY1,7,155474206,155555450
MRPS7,17,75261670,75270708
PABPC4L,4,134196333,134201885
ZNF341,20,33731657,33792269
RNF216,7,5620047,5781696
TICRR,15,89575469,89631056
CDK12,17,39461437,39567559
SPAG1,8,100157906,100259278
B3GNTL1,17,82942149,83051829
MLN,6,33794673,33804003
MRGPRE,11,3225030,3232417
OR4F17,19,107104,117102
PTPN4,2,119759604,119984899
CACNG6,19,53991637,54012666
E2F4,16,67192155,67198918
C1QTNF7,4,15339818,15446167
CYTL1,4,5014586,5019486
KPNA2,17,68035636,68047364
THRAP3,1,36224392,36305376
LRRC59,17,50375059,50398227
NDUFB11,X,47142071,47145466
EPB41L1,20,36091504,36232799
EDRF1,10,125719515,125764143
CALCA,11,14966622,14972354
GTDC1,2,143938068,144333107
PLPP6,9,4662294,4665258
SHISA3,4,42397488,42402487
LRRC53,1,74469376,74512611
SEPTIN3,22,41969443,41998221
WDR83OS,19,12668073,12669430
ACY3,11,67642551,67650900
OR6N1,1,158747814,158772195
ZNF473,19,50025714,50053414
GABRA2,4,46243548,46475230
CD302,2,159768628,159798255
PSMA6,14,35278633,35318734
PTMA,2,231706895,231713552
PAX4,7,127610292,127618142
EXOC3,5,442522,471937
IL20RA,6,136999971,137045180
DDAH2,6,31727038,31730617
POLR1D,13,27620742,27744237
KRTAP29-1,17,41301826,41302851
ZNF653,19,11483427,11505839
WDR7,18,56651343,57029811
PPP1R2B,5,156850295,156852528
ULK1,12,131894621,131923161
ADAT2,6,143422832,143450695
ZNF274,19,58183029,58213573
C5orf22,5,31532287,31555053
SPINK13,5,148268180,148286255
KANK2,19,11164267,11197945
FBLL1,5,168529305,168530634
ITGA3,17,50055968,50090485
GRK2,11,67266391,67286557
OR4C16,11,55572128,55573060
WNT11,11,76186325,76210761
FKBP4,12,2794290,2805423
PPP1R14B,11,64244478,64246943
PURG,8,30995802,31033715
MSMO1,4,165327667,165343180
SLCO1B7,12,20962768,21090106
ART3,4,76011184,76114094
LRRC4C,11,40113474,41459773
TMCO6,5,140639427,140645801
TSPAN17,5,176647387,176659058
LILRA3,HSCHR19LRC_COX2_CTG3_1,268410,280719
CCDC160,X,134237047,134246842
C11orf16,11,8920076,8933006
ZNF682,19,19997058,20039505
OR13D1,9,104694518,104695462
SIRPB2,20,1470741,1491587
DEFB127,20,157454,159163
SYNPO2,4,118850688,119061247
FOXD4,9,116231,118417
LPGAT1,1,211743457,211833674
GOLGA8H,15,30604028,30617752
SENP3,17,7561919,7571969
PWWP2B,10,132397168,132417859
RP9,7,33094797,33109405
BAIAP2,17,81035122,81117434
TNPO1,5,72816312,72916741
CDK11B,1,1635225,1659234
NACAD,7,45080437,45088969
RPS6KL1,14,74903951,74923302
MADCAM1,19,489176,505343
APOC2,19,44945709,44949580
ATF7IP,12,14365627,14502931
TTC27,2,32628032,32821051
GPHB5,14,63312835,63318935
CRYBB1,22,26599277,26619630
CADM4,19,43622366,43639850
MEGF6,1,3487942,3611543
ZNF197,3,44584888,44648471
C1QL3,10,16513734,16521879
KIAA2013,1,11919591,11926428
PCDHGA7,5,141382739,141512975
PLEC,8,143915152,143976734
RBMS1,2,160272151,160494100
DNMT3B,20,32762385,32809359
FOLH1B,11,89639237,89698599
LLGL1,17,18225569,18244876
RAB10,2,26033481,26138436
SUSD3,9,93058688,93085138
TUT1,11,62575045,62591637
ZBTB8A,1,32539142,32605941
OPRD1,1,28812170,28871267
MESD,15,80946289,80989834
PCNA,20,5114953,5126626
H4C12,6,27830918,27831560
SIKE1,1,114769479,114780699
ZNF155,19,43967862,43998326
PRAC2,17,48722666,48724767
MFAP3L,4,169986597,170033031
DNMBP,10,99875577,100009947
PLCD4,2,218607855,218637186
IQCA1,2,236324147,236507716
STX16,20,58651261,58679526
SYT12,11,67006772,67050870
ACTL7B,9,108854588,108855986
SPTSSB,3,161344798,161372880
GSAP,7,77310751,77416419
CAGE1,6,7326656,7389742
FAM98C,19,38403093,38409088
RBM14,11,66616626,66629934
FMNL1,17,45220736,45247319
GOLPH3,5,32124712,32174319
CALCR,7,93424486,93575738
SPAG4,20,35615829,35621613
ZNF226,19,44165073,44178381
KRTAP8-1,21,30812697,30813274
EMC9,14,24138958,24142023
SMN2,5,70049635,70078522
PLTP,20,45898621,45912235
HOXA6,7,27145396,27150603
EML4,2,42169330,42332548
LRRC73,6,43506965,43510388
PCDHGB6,5,141408021,141512975
BEND5,1,48727519,48776969
BRD9,5,850291,892838
IGF2R,6,159969082,160113507
E2F1,20,33675477,33686385
NLRP5,19,55986775,56061810
NFE4,7,102973354,102988856
TRPC6,11,101451470,101872562
RNF19B,1,32929036,32964915
ZP2,16,21197450,21214510
ZNF101,19,19668796,19683509
SUGP1,19,19276018,19320511
FUBP1,1,77944055,77979527
PDE1A,2,182139968,182523359
TP53I3,2,24077433,24085861
IGSF8,1,160091340,160101109
PTK7,6,43076257,43161719
GSTO1,10,104235356,104267461
ZNF800,7,127346790,127431924
SERPINB13,18,63586989,63604639
C6orf89,6,36871870,36928964
GUCY2C,12,14612632,14696599
STAT4,2,191029570,191178435
TSSK1B,5,113432553,113434989
PRR16,5,120464300,120687332
GSTZ1,14,77320996,77331597
AMBN,4,70592256,70607288
GPR6,6,109978256,109980720
OR4D11,11,59503576,59504511
PLPPR4,1,99264292,99309590
KRT8,12,52897182,52949954
ENO1,1,8860977,8879289
PRR11,17,59155732,59206709
MYO5A,15,52307281,52529132
MR1,1,181033374,181061938
OR10K1,1,158461574,158470857
STK25,2,241492670,241509730
RPS17,15,82536748,82540535
FBXL18,7,5431335,5513809
IGFL2,19,46143106,46161298
USP7,16,8892097,8975328
MRS2,6,24402908,24426194
CLPTM1L,5,1317744,1345099
FAM111B,11,59107185,59127415
PRORY,Y,21382954,21386360
MAGIX,X,49162564,49168774
DENND1C,19,6467207,6482557
TCL1A,14,95709947,95714196
TEX36,10,125576522,125683163
MEGF10,5,127290796,127465737
GATAD2A,19,19385638,19508932
RIC3,11,8106056,8169055
OR2Y1,5,180739123,180740058
UBE2D1,10,58334975,58370751
ZNF398,7,149126416,149183042
OR6Y1,1,158544550,158554405
TCF19,6,31158331,31167159
C1R,12,7080213,7092540
DDX27,20,49219347,49244077
INTS6,13,51354077,51454264
PUS10,2,60938141,61018259
PCYT2,17,81900958,81911461
BLVRB,19,40447765,40465826
CCDC154,16,1434383,1444556
SLC5A7,2,107986523,108013994
BIRC7,20,63235883,63240495
P2RY13,3,151326312,151329549
KANK4,1,62236165,62319434
ELOVL6,4,110045846,110199199
KTN1,14,55559072,55701526
CCDC157,22,30356635,30378673
PIK3C2G,12,18242960,18648416
ZNF570,19,37467508,37488652
LYZL2,10,30611779,30629762
WIPI2,7,5190182,5233840
ZNF408,11,46701016,46705912
THBS3,1,155195587,155209051
C1QTNF12,1,1242446,1246722
NR2C1,12,95020229,95073628
FBXO38,5,148383826,148442850
CSF2RB,22,36913628,36940443
ALKBH5,17,18183078,18209954
TEKT1,17,6789133,6831761
ERMAP,1,42817078,42845907
PAGE2B,X,55075030,55078909
THAP9,4,82900684,82919969
DEFB106A,8,7825139,7829053
ADRA1B,5,159865080,159973012
ICAM2,17,64002594,64020635
PLCL2,3,16802651,17090604
GNB3,12,6839954,6847393
YIPF7,4,44622088,44678795
LIMD2,17,63695883,63701172
PLEKHG7,12,92702843,92772455
OVGP1,1,111414319,111427735
TMCC1,3,129647792,129893778
RAPGEF2,4,159103013,159360174
MSH5,6,31739677,31762676
PPP1R14A,19,38251237,38256557
ACOXL,2,110732524,111118548
SOX11,2,5692384,5701385
POTEC,18,14507339,14543600
USP37,2,218450251,218568768
ZNF358,19,7515292,7521027
PPIE,1,39692182,39763914
FKBP3,14,45115599,45135319
TENM1,X,124375903,125204312
CSN3,4,70238382,70251474
FUT2,19,48695957,48705951
EPRS1,1,219968598,220046616
KRTAP10-10,21,44637356,44638455
KRT71,12,52543909,52553145
DNAJC18,5,139408588,139444491
SWSAP1,19,11374666,11376951
TOM1L2,17,17843507,17972469
AHI1,6,135283407,135498434
OTOG,11,17547259,17647150
OR6K2,1,158699678,158700652
THYN1,11,134248270,134253370
MNT,17,2384073,2401142
GAL3ST4,7,100159244,100168953
CENPVL1,X,51710512,51712131
PRR23C,3,139042102,139044892
EIF4EBP2,10,70404144,70428618
LRTOMT,11,72080331,72110782
F9,X,139530739,139563459
MYBL1,8,66562175,66614247
OTUD1,10,23439075,23442377
ZSCAN23,6,28425321,28443502
ALDH9A1,1,165662216,165698597
FSIP2,2,185738804,185833290
ZFP57,6,29672483,29681155
PADI2,1,17066761,17119459
SLAMF9,1,159951492,159954237
IGFBP7,4,57030766,57110690
INTS10,8,19817339,19853282
CCDC81,11,86374736,86423109
OR51B5,11,5303444,5505652
TEX101,19,43401496,43418597
SHC1,1,154962284,154974395
CDHR4,3,49790732,49799873
WDR90,16,649287,667837
MBD3L2,19,7049321,7051735
SREK1IP1,5,64718148,64768692
VCP,9,35053928,35072671
SPSB3,16,1776710,1793700
PRORP,14,35121842,35277622
NEUROD6,7,31337465,31340726
CARD11,7,2906141,3044228
HBZ,16,142728,154503
NDRG1,8,133237175,133302022
HIVEP1,6,12008762,12164999
SCN5A,3,38548057,38649743
CHCHD4,3,14112077,14124876
SPON2,4,1166932,1208962
OR4A47,11,48488793,48489722
NTRK2,9,84668375,85095751
UBXN6,19,4444999,4457794
NALCN,13,101053773,101416508
ZNF207,17,32350122,32381885
ZDHHC7,16,84974175,85011536
ZMYND19,9,137582081,137590512
TCEAL6,X,102140476,102142970
NBEAL1,2,203014608,203226378
CKLF,16,66552563,66566251
TCF15,20,604257,610309
PAM,5,102753981,103031149
MYO18B,22,25742144,26031045
POSTN,13,37562582,37598855
BPIFB3,20,33053903,33073847
PCDHGC5,5,141489081,141512975
RUNX1T1,8,91954972,92103385
IL13RA2,X,115003975,115019977
NHP2,5,178149459,178153961
PNMA5,X,152988824,152994116
CAVIN3,11,6318946,6320546
RHOG,11,3826978,3840985
NFATC2,20,51386957,51562831
LDB1,10,102106489,102120368
ABCB5,7,20615667,20777038
SLC4A2,7,151057210,151076527
FNDC5,1,32862268,32872482
CALHM5,6,116511639,116524788
SMIM14,4,39546336,39639088
CYS1,2,10056473,10080944
ARHGAP32,11,128965060,129279324
MIER2,19,305573,344815
TP53BP1,15,43403061,43510728
OVCH1,12,29412474,29497686
MPZL1,1,167721192,167791919
PGAM5,12,132710786,132722734
TMEM121B,22,17116297,17121367
MT1X,16,56682468,56684196
FATE1,X,151714192,151723194
BRAF,7,140719327,140924976
TBC1D2B,15,77984036,78077724
MXRA8,1,1352689,1361777
ZNF705G,8,7355517,7385558
ZNF606,19,57977076,58003349
SLC38A2,12,46358185,46372832
TMEM200B,1,29119429,29123918
OR1L6,9,122742303,122750783
CDH12,5,21750673,22853344
VNN2,6,132743870,132763459
AMMECR1L,2,127861630,127885967
AQP6,12,49967194,49977139
RNF150,4,140859807,141212877
YDJC,22,21628089,21630064
IK,5,140647058,140662480
SLC35A2,X,48903180,48911958
ANGPTL8,19,11237502,11241943
UBQLN2,X,56563627,56567868
RNF31,14,24146683,24160660
NXF3,X,103075810,103093143
C5AR2,19,47332148,47347329
ARL5C,17,39156894,39167484
PLAC9,10,80131682,80145359
ZNF639,3,179323031,179338583
PLEKHJ1,19,2230084,2237704
ALPK1,4,112285509,112442621
CR1L,1,207645113,207738416
ELFN1,7,1665745,1747946
CALHM1,10,103453240,103458900
FMR1NB,X,147981337,148026665
EEF1A1,6,73489308,73525587
APRT,16,88809339,88811963
CCDC106,19,55641062,55653161
TTC9,14,70641665,70675366
MTNR1A,4,186526792,186555567
HMHB1,5,143812147,143820716
CLEC4E,12,8533305,8540905
EDNRA,4,147480917,147544954
TAAR5,6,132588592,132589741
APBB2,4,40810027,41216714
COPS7A,12,6724014,6731875
OR6C68,12,55492378,55493316
ZNF788P,19,12092468,12113048
GRXCR1,4,42892713,43030658
SNX14,6,85504776,85594156
ZNF692,1,248850004,248859144
SLC25A53,X,104099214,104157009
LCE1E,1,152786214,152788426
GADD45GIP1,19,12953119,12957223
FCHO1,19,17747718,17788572
HBA1,16,176680,177522
NADK2,5,36192589,36242279
NFE2L2,2,177218667,177392756
RXFP2,13,31739526,31803389
DLG1,3,197042560,197299330
ATP13A5,3,193274789,193378820
S1PR1,1,101235366,101243713
STK35,20,2101767,2177038
DTX4,11,59171430,59208588
TNXB,6,32041153,32115334
RBP1,3,139517434,139539829
ZBTB8OS,1,32600172,32650969
SCGB2A1,11,62208673,62213943
CELA1,12,51328442,51346679
DLST,14,74881891,74903966
DNASE1L1,X,154401236,154412114
GCSAML,1,247507058,247577690
ZNF785,16,30573740,30585806
PRTFDC1,10,24848614,24952606
ZNF148,3,125225669,125375842
GPR35,2,240605430,240633159
KIF3B,20,32277651,32335011
PRL,6,22287244,22302826
IFIT1,10,89392546,89406487
KAZALD1,10,101061171,101068179
OR10A2,11,6863057,6874717
ATP2A2,12,110280669,110351093
CLN5,13,76990660,77019143
TC2N,14,91779746,91867536
ZSWIM5,1,45016395,45306209
AADAC,3,151813931,151828917
BCL2L12,19,49664622,49673916
ATF5,19,49923910,49933935
MDH1,2,63588557,63607273
MAP3K10,19,40191426,40215578
NKX2-1,14,36516392,36521149
CCDC194,19,17387196,17394196
ENTPD3,3,40387184,40428744
RPLP1,15,69452809,69456205
S100A3,1,153547329,153550151
CD72,9,35609982,35646810
OR2A5,7,144048948,144058845
LRRC32,11,76657524,76670868
SLC4A5,2,74216242,74343416
FUBP3,9,130578965,130638354
RHBG,1,156369209,156385219
STARD3NL,7,38178245,38230671
MRGPRX4,11,18172837,18174280
UBP1,3,33388336,33441407
CBLN4,20,55997357,56005519
MRM3,17,782345,792509
ZNF75D,X,135248590,135344113
PCGF3,4,705748,770089
HMX1,4,8846076,8871839
DRAM1,12,101877314,102012130
KDM4C,9,6720863,7175648
UBXN4,2,135741631,135785063
SGMS2,4,107824563,107915047
SETD1B,12,121804009,121832656
DCLRE1A,10,113834725,113854383
NDUFS5,1,39026318,39034636
KLRC1,12,10442264,10454685
C5orf34,5,43486709,43515148
HOXA7,7,27153716,27157936
ALDH2,12,111766887,111817532
LRRC4B,19,50516892,50568435
ARMH4,14,57999735,58298139
TMEM250,9,136114580,136118946
SEMA3B,3,50267542,50277546
SLC6A4,17,30194312,30238482
GNAI3,1,109548584,109600195
UPP1,7,48088628,48108736
VMA21,X,151396515,151409364
TTC29,4,146706617,146945882
SLC35A3,1,99969351,100035634
PJA2,5,109334704,109409991
TRPC4,13,37632063,37870204
NBPF3,1,21440099,21485005
IFNA2,9,21384255,21385398
CDH1,16,68737292,68835540
CLCNKB,1,16040252,16057367
C6orf132,6,42092233,42142620
ATP6AP2,X,40579372,40606848
ATP6V1A,3,113746770,113812056
ZNF585A,19,37106734,37172741
NTRK1,1,156815636,156881850
PITPNM2,12,122983480,123151142
RBM26,13,79311824,79406477
SOX30,5,157625679,157671480
HS6ST3,13,96090107,96839562
MAPK8IP1,11,45885618,45906470
LDLR,19,11089418,11133830
NFIB,9,14081843,14398983
HCFC1R1,16,3022625,3024286
LIPJ,10,88586753,88606976
SPR,2,72887379,72892158
THSD4,15,71096952,71783383
GALC,14,87837820,87993665
LZTFL1,3,45823316,45916042
ZNF439,19,11848726,11883750
MEIS3,19,47403124,47419530
MINPP1,10,87504875,87553461
MAFF,22,38200767,38216511
EPG5,18,45800581,45967340
PRR23D2,8,7778591,7781413
RRP1,21,43789513,43805757
EXT1,8,117794490,118111826
SULT1A3,16,30198059,30204324
FAXC,6,99271168,99350062
GZMA,5,55102646,55110252
ARID3C,9,34621049,34629066
CLIC2,X,155276211,155334673
HMGA1,6,34235618,34246236
ZKSCAN4,6,28241697,28252924
H2BC12,6,27137298,27146857
BAZ2A,12,56595596,56636913
SLC6A3,5,1392794,1445514
SLC25A38,3,39383347,39397351
R3HDML,20,44337043,44351238
SH2D2A,1,156806235,156817014
CRHR1,17,45784277,45835828
FNTA,8,43034194,43085788
ISY1,3,129127415,129161349
EPHA2,1,16124337,16156069
CRYGD,2,208121607,208124524
CCDC186,10,114120862,114174232
CCL26,7,75769533,75789896
LPAR5,12,6618835,6636444
PSMA4,15,78540089,78552417
CHST2,3,143119771,143124014
YBX3,12,10699077,10723388
SLC35E2A,1,1734690,1739557
NME6,3,48290288,48301685
REP15,12,27696447,27697596
FGF11,17,7438265,7444937
SCML4,6,107702154,107824317
IFNA17,9,21227243,21228222
SHOX,Y,624344,659411
PRAMEF20,1,13410450,13421328
MRAS,3,138347648,138405534
SYNM,15,99098217,99135593
CT45A6,X,135794685,135802787
VN1R1,19,57454790,57457140
PGBD2,1,248906196,248919946
EYA1,8,71197432,71592025
NOLC1,10,102152175,102163875
FANCA,16,89726683,89816977
EFCAB14,1,46674659,46719146
P2RY12,3,151336843,151384753
OTOR,20,16748358,16770062
MRE11,11,94415570,94493889
SCML2,X,18239307,18355149
SNAPC5,15,66490135,66497780
PALM3,19,14053363,14062076
ZNF844,19,12064731,12081565
GALNTL5,7,151956379,152019929
PMAIP1,18,59899644,59904305
JUND,19,18279694,18281622
CALCOCO2,17,48830971,48868228
CHDH,3,53812335,53846466
KBTBD8,3,66998307,67011210
P4HA1,10,73005811,73096983
USP24,1,55066359,55215753
GFRA4,20,3659248,3663483
GARNL3,9,127224265,127393660
PLXNA3,X,154458280,154477779
HPF1,4,169729468,169757944
CEP19,3,196706268,196712598
MAML2,11,95976598,96343195
ATAD3B,1,1471756,1497848
FBF1,17,75909574,75941140
SPINK5,5,148025683,148137382
ECEL1,2,232479825,232489045
TMPRSS3,21,42371840,42396119
CYB561D2,3,50350839,50358460
SOWAHC,2,109614364,109618990
OVCA2,17,2042022,2043425
STAT5A,17,42287547,42311943
PDE3A,12,20368537,20688583
MRPL42,12,93467490,93516214
NOG,17,56593699,56595611
ELAC2,17,12991268,13018065
MICAL3,22,17787649,18024561
MYO7B,2,127535683,127637729
PWWP2A,5,160061801,160119478
LUM,12,91102629,91111512
HS3ST5,6,114055093,114343209
TMEM62,15,43123279,43185144
IL22RA1,1,24119771,24143165
SSTR3,22,37204237,37212477
IFT20,17,28328319,28335489
GIMAP4,7,150567242,150573962
EFCAB5,17,29929200,30108452
DISP2,15,40358219,40378621
SLC44A2,19,10602457,10644558
TADA2A,17,37406884,37479725
ZNF648,1,182054570,182061712
MAP4K5,14,50417845,50561126
B4GALT4,3,119211628,119240952
SRARP,1,16004236,16008807
MDK,11,46380756,46383837
ALDH18A1,10,95605937,95656841
SOX18,20,64047582,64049639
OR5A2,11,59416969,59426413
KNG1,3,186717329,186744410
CHAT,10,49609095,49667942
GP1BB,22,19723539,19724776
HPR,16,72063148,72077246
LRIT1,10,84231520,84241546
ANKRD11,16,89267619,89490561
CALML6,1,1915108,1917296
OR52E5,11,5893208,5902730
TMED1,19,10832067,10836318
SNX13,7,17790761,17940712
KIFAP3,1,169921326,170085208
GSDMD,8,143553207,143563062
SALL2,14,21521080,21537216
RNF125,18,32018174,32088144
HELZ2,20,63558086,63574239
PPP6R2,22,50343300,50445090
OASL,12,121017763,121039246
PRSS56,2,232520388,232525716
STARD8,X,68647666,68725842
SP2,17,47896150,47928957
IFI6,1,27666064,27672212
SRSF5,14,69726893,69773904
TUBA3E,2,130191745,130198439
PBX1,1,164555584,164899296
NUP85,17,75205659,75235758
ALDH3A2,17,19647291,19685760
USF1,1,161039249,161045977
TRIM38,6,25962777,25991231
NHEJ1,2,219069355,219160869
CD33,19,51217033,51243860
HTR3E,3,184097064,184106995
TECPR2,14,102362941,102502477
EGFL6,X,13569601,13633575
C16orf89,16,5044122,5066110
VPS37C,11,61130257,61167355
UMOD,16,20331549,20356402
CRCT1,1,152514482,152516008
PRAMEF7,1,12916610,12920751
M1AP,2,74557883,74648350
LY6G6D,6,31715348,31717919
ZNF248,10,37776526,37858107
RTN1,14,59595976,59870796
RCN2,15,76931738,76954393
ZNF655,7,99558406,99576453
MPL,1,43337808,43354466
GNG10,9,111661561,111670473
CNNM2,10,102918286,103090222
STPG4,2,47045538,47155308
ZNF441,19,11767000,11784078
CYB5D2,17,4143168,4187310
SZRD1,1,16352575,16398147
OIT3,10,72893573,72933036
AMT,3,49416778,49422685
RPUSD2,15,40569299,40575171
MCPH1,8,6406592,6648508
IFT22,7,101310914,101321823
RPUSD4,11,126202095,126211692
DIS3L2,2,231961245,232344350
DMD,X,31097677,33339609
UBA7,3,49805205,49814151
CRTC1,19,18683640,18782333
OTUD7B,1,149937812,150010758
GALNT18,11,11270864,11622431
GPR149,3,154334943,154430190
PGPEP1,19,18340587,18369950
ITGA4,2,181457202,181538940
ZNF330,4,141220280,141234697
BBS2,16,56465640,56582667
PODXL2,3,127629143,127672810
ARFIP2,11,6474683,6481479
NRSN2,20,346705,359660
NARF,17,82458180,82490537
L3MBTL2,22,41205282,41231273
TAF12,1,28587829,28648364
VPS53,17,508503,721717
CD244,1,160830160,160862904
LRRIQ1,12,85036314,85264457
HOXB4,17,48575507,48578350
CIB2,15,78104606,78131535
OR4Q2,14,19999913,20004760
NATD1,17,21238870,21253410
TGIF2,20,36571894,36593950
MGLL,3,127689062,128052190
EXOSC1,10,97428014,97446085
USP34,2,61187463,61471087
TIMM23,10,45972486,46004338
TTC13,1,230902945,230978893
TBK1,12,64452090,64502114
MATN2,8,97868840,98036769
UTP11,1,38009111,38024820
BDKRB2,14,96204526,96244461
FGF13,X,138614727,139222777
RPL22,1,6185020,6209389
ARG1,6,131470832,131584332
ZNF329,19,58126248,58155110
KCNF1,2,10911096,10914225
NPAS4,11,66421035,66426707
FAM227B,15,49326962,49620929
HMCN1,1,185734391,186190949
NUMBL,19,40665905,40690972
VNN1,6,132680849,132719962
S100A10,1,151982903,151993859
TJP2,9,69121264,69274615
RFX7,15,56087280,56245103
C3orf52,3,112086335,112131004
CCN1,1,85580756,85584589
ZNF674,X,46497725,46545457
PER1,17,8140467,8156506
MED15,22,20495913,20587632
CCR9,3,45884425,45904311
ZCCHC12,X,118823824,118826968
KLHL13,X,117897794,118117340
SULT1A4,16,29458993,29464966
PSG6,19,42902086,42919563
OR6Q1,11,58030953,58031906
KCNA2,1,110519837,110631474
IGSF23,19,44613563,44636787
NEUROD4,12,55019974,55030017
GTPBP1,22,38705742,38738299
NOTCH1,9,136494433,136546048
TBL1XR1,3,177019340,177228000
CYTH2,19,48469208,48482314
ALDOB,9,101420560,101449664
ZCWPW2,3,28348721,28538122
CTRB1,16,75218988,75226338
SGK3,8,66712484,66862022
FHL3,1,37994394,38006380
SPNS1,16,28974221,28984548
TAF11,6,34877462,34889192
CRYBB3,22,25199858,25207359
CDCA3,12,6844793,6851318
EML2,19,45606994,45645602
TSLP,5,111070062,111078026
TSPAN11,12,30926428,30996602
PERM1,1,975194,982134
KCNQ4,1,40783675,40840452
IL13,5,132656263,132661110
ZNF593,1,26169908,26170873
SSRP1,11,57325982,57335892
VN1R3,16,31807926,31808844
GLIS2,16,4314761,4339597
HS3ST3A1,17,13494032,13601929
HEXIM2,17,45160700,45170701
DIS3L,15,66293217,66333898
CFHR2,1,196943731,196964115
PDCL,9,122798389,122828604
DIP2A,21,46458877,46572743
OR4Q3,14,19743571,19749469
RHBDD2,7,75842602,75888927
IPMK,10,58191517,58267959
EZH2,7,148807257,148884330
TPBG,6,82363206,82367420
HES7,17,8120592,8124106
ATP6AP1L,5,82295449,82318300
MN1,22,27748277,27801756
GPX3,5,151020591,151028988
RAX,18,59267035,59274086
ZNF440,19,11814273,11835216
MMP19,12,55835433,55842968
AQP11,11,77589391,77611064
TMEM102,17,7435430,7437679
FAM133A,X,93673181,93712274
KRT3,12,52789685,52796117
SLC4A10,2,161424332,161985282
SMYD2,1,214280935,214337137
ZNF749,19,57435325,57447101
GSTT1,HSCHR22_1_CTG7,270314,278855
ZNF705A,12,8157015,8188537
GID4,17,18039408,18068405
GDAP1L1,20,44247099,44280947
NPTN,15,73560003,73634134
SLC49A3,4,681824,689396
CSNK1G2,19,1941146,1981339
HDDC2,6,125219962,125302128
PF4,4,73980811,73982027
SSTR5,16,1063867,1081467
ZNF551,19,57681969,57717301
TMX3,18,68673688,68715147
LSM5,7,32485338,32495283
PIK3R6,17,8802722,8867686
ADIG,20,38581195,38588463
EDA2R,X,66594384,66639298
DENND2B,11,8693343,8910951
C3orf38,3,88149647,88168729
TAAR9,6,132538277,132539336
CREBBP,16,3725054,3880713
NRIP2,12,2825348,2835544
CBFA2T2,20,33490075,33650036
SSR2,1,156009041,156020968
ZBTB7B,1,155002543,155018525
ACLY,17,41866916,41930545
INTS4,11,77874418,77994850
ACAP2,3,195274738,195443091
F3,1,94529173,94541851
GTF2F2,13,45120443,45284907
LZTS1,8,20246165,20303963
OR10G6,11,123994163,123995161
CAMP,3,48223347,48225491
CEBPG,19,33373685,33382686
FCER2,19,7688758,7702146
ATP6V1F,7,128862856,128865847
PMP22,17,15229773,15272292
ACADL,2,210187126,210225447
MT1HL1,1,237004103,237004441
ITGB1BP1,2,9403475,9423891
DERA,12,15911284,16037381
MYH7B,20,34955810,35002437
TGFA,2,70447284,70554193
XPO6,16,28097976,28211976
ZNF681,19,23739195,23758891
UST,6,148746913,149076991
CDH4,20,61252261,61940617
ABCC12,16,48080882,48156018
DHTKD1,10,12068926,12123225
AADAT,4,170060219,170091699
ANKRD61,7,6031376,6036552
ARHGEF35,7,144182888,144195879
GDF5,20,35433347,35454746
AVPR1A,12,63142759,63151201
RINL,19,38867830,38878275
LDB2,4,16501534,16898924
HM13,20,31514370,31577923
EIF1B,3,40309707,40312424
DNAJC14,12,55820746,55830824
DNM2,19,10717974,10833504
VPS8,3,184812113,185054009
EN2,7,155458129,155464831
OLFML3,1,113979024,114035572
ZFP1,16,75148494,75172236
NPIPB4,16,21834563,21880827
RAB39A,11,107928448,107963482
PTPRU,1,29236505,29326813
PLEKHH1,14,67533290,67589612
PCDHB3,5,141100473,141103827
PPP2R5A,1,212285357,212361863
PLEKHA2,8,38901235,38973912
THRA,17,40058290,40093867
FAM177B,1,222737202,222753157
BOD1L2,18,57147087,57150410
PTGR1,9,111549722,111599893
MRPL49,11,65122183,65127371
FRMD4B,3,69168782,69542583
THUMPD3,3,9362967,9386791
SRSF1,17,58000919,58007346
MVK,12,109573255,109598125
SH2D3A,19,6752160,6768109
AMN,14,102922663,102933596
TNFRSF10C,8,23102921,23118759
FAM120AOS,9,93431441,93453581
TMEM262,11,65084979,65089375
GZF1,20,23362000,23373062
ADGRG7,3,100609601,100695479
ZACN,17,76071961,76083666
MANF,3,51385291,51389397
PSMG1,21,39174769,39183503
TNPO3,7,128954180,129055173
RNF149,2,101271219,101308724
TSGA10IP,11,65945480,65959966
CDK5R1,17,32486156,32491253
NKG7,19,51371606,51372704
SELENOS,15,101270531,101277500
MCC,5,113022106,113488823
CPD,17,30378922,30469989
WWP1,8,86342547,86478420
SNAP47,1,227728200,227781826
JAM3,11,134068998,134152001
CSMD1,8,2935353,4994972
AKR1C3,10,5035354,5107686
KIAA0232,4,6781375,6884170
TNFRSF17,16,11965210,11968068
IGF2BP1,17,48997225,49056145
TMEM161A,19,19119169,19138513
RCAN2,6,46220736,46491972
ACP1,2,264140,279100
OR2C1,16,3355889,3357306
BCL2L11,2,111119378,111168444
LIN7A,12,80792520,80937934
NCL,2,231453531,231483641
THRSP,11,78063861,78068351
RNF24,20,3927309,4015591
LCTL,15,66547179,66565998
ALKBH8,11,107502727,107565742
SPATA7,14,88384924,88470350
DNMT3A,2,25227855,25342590
SLCO4A1,20,62642440,62685785
TMEM200C,18,5882072,5896084
SLC2A7,1,9002973,9026423
SUB1,5,32531633,32604507
HLA-DMA,6,32948613,32969094
RND1,12,48857145,48865870
SF3A3,1,37956975,37990517
PPFIA1,11,70270655,70385312
ATF6,1,161766261,161977574
DNAH8,6,38715311,39030792
USP40,2,233475526,233566782
CDCA7,2,173354820,173368997
CDH7,18,65750252,65890337
NDC80,18,2571520,2616635
ITGB1BP2,X,71301747,71305371
PROX2,14,74852871,74876154
HS6ST1,2,128236716,128318868
NLRP14,11,7020462,7072055
TMEM79,1,156282935,156293185
XIRP1,3,39183210,39192599
GAMT,19,1397026,1401570
AK3,9,4709556,4742043
FOS,14,75278826,75283190
ZNF385D,3,21412218,22373321
CHAC1,15,40952962,40956512
HDAC6,X,48801377,48824986
COPS2,15,49106068,49155661
CRKL,22,20917407,20953747
ZNF292,6,87151803,87265943
ARL8B,3,5122249,5180911
KREMEN2,16,2963960,2968380
CENPH,5,69189542,69210357
UGT1A10,2,233636448,233773300
BEX1,X,103062645,103064342
HCG22,6,31053311,31065229
SEMA4D,9,89360787,89498167
NPLOC4,17,81556887,81648465
FAM153A,5,177707981,177784435
ATP23,12,57906039,57959148
INPP4B,4,142023160,142847432
DTX2,7,76461656,76506471
ESX1,X,104250038,104254933
POLD1,19,50384204,50418018
GPC1,2,240435636,240468076
MAMSTR,19,48711737,48719725
PNLIPRP3,10,116427847,116477957
KBTBD4,11,47572197,47578976
SPINDOC,11,63813433,63827718
LHFPL3,7,104328603,104908561
NHLH2,1,115836377,115843917
KLK11,19,51022216,51028039
RASAL3,19,15451624,15464583
RPS27,1,153990749,153992333
FAAP20,1,2184461,2212720
SIRT2,19,38878555,38900501
MPC2,1,167916675,167937502
DHX9,1,182839302,182887982
ZNF625,19,12142090,12156734
EMC2,8,108443601,108489196
EPC2,2,148644440,148788609
DYRK1A,21,37365573,37526358
TSPY3,Y,9398421,9401223
MUC7,4,70430492,70482997
TAAR2,6,132617022,132624275
GLIS3,9,3824127,4348392
ZNF512B,20,63956704,63969962
WDR93,15,89690811,89743639
UCMA,10,13221762,13234428
NT5E,6,85449584,85495791
TNNC2,20,45823214,45833745
RHOT2,16,668100,674174
SERPINA6,14,94304248,94323389
ZNF823,19,11721264,11739009
FYTTD1,3,197737179,197787596
FCRL3,1,157674321,157700901
NDUFA10,2,239892450,240025743
FAM217B,20,59933643,59949387
TTC7A,2,46915869,47076137
TRIM45,1,117111060,117122587
FKBP1B,2,24049701,24063681
INMT,7,30697985,30757602
NRBF2,10,63133247,63155031
SPATA31C2,9,88129305,88138475
DUSP28,2,240560054,240565256
UBE2G1,17,4269259,4366675
LRRC37B,17,32007383,32053504
C8orf82,8,144525733,144529132
LACRT,12,54630811,54634895
ASGR2,17,7100166,7116603
TSSC4,11,2400488,2403878
KIF17,1,20664011,20718017
HIRIP3,16,29992330,29996120
DLG4,17,7187187,7219836
ANKIB1,7,92245973,92402070
SH3GL2,9,17579066,17797129
TFCP2L1,2,121216587,121285202
MAN2B2,4,6575174,6623362
TTC21B,2,165857475,165953851
SEC14L2,22,30396941,30425303
SVIL,10,29457332,29737123
H1-4,6,26156329,26157115
HFM1,1,91260766,91404856
TAS2R3,7,141764097,141765197
NLRP2B,X,57677067,57680260
LYPD6,2,149329985,149474139
SNX18,5,54517727,54546586
ANKRD60,20,58216126,58228653
ZNF502,3,44712640,44723831
PSG3,19,42721638,42740481
MAPK11,22,50263713,50270767
ENPP5,6,46158482,46171113
CKAP4,12,106237880,106304279
ZFP90,16,68530090,68576072
RXRG,1,165400922,165445355
FRMD1,6,168053095,168101511
ETF1,5,138506093,138543239
SMARCD2,17,63832081,63843065
SLC39A1,1,153959099,153968667
NOL7,6,13615335,13633912
SPICE1,3,113442718,113515606
KRT17,17,41619437,41624842
FMN1,15,32765544,33194714
STAMBPL1,10,88879380,88975153
GLYCTK,3,52286945,52295273
USP2,11,119355215,119381711
TMEM72,10,44911316,44937010
NCAPD3,11,134150113,134225504
ADAM30,1,119893533,119896515
TMEM131L,4,153466307,153637612
ARHGEF11,1,156934840,157046903
GPR37,7,124743885,124765792
CFAP73,12,113149716,113159526
PPP4R4,14,94146128,94279734
ASB15,7,123567010,123639481
BOD1L1,4,13568738,13627725
ZNF365,10,62374192,62480288
SMPX,X,21705978,21758176
TRIM4,7,99876958,99919601
PALLD,4,168497052,168928457
SBDS,7,66987680,66995693
AMMECR1,X,110194186,110440318
PTPN1,20,50510321,50585241
TIGD1,2,232543883,232550557
GRIP2,3,14489107,14556075
FBXL4,6,98868535,98948006
DDX18,2,117814673,117832379
OR6C2,12,55444069,55453347
OR1J4,9,122519141,122520082
DNAJC19,3,180983635,180989774
RHOBTB2,8,22987222,23020723
TANC2,17,62966235,63427703
DEFB136,8,11973937,11974599
IFIT3,10,89327307,89377473
TGM5,15,43232590,43266928
LTBP3,11,65538559,65558930
TPH1,11,18017555,18046269
DNAJC21,5,34929548,34958964
QPRT,16,29663279,29698704
TAOK1,17,29390351,29551903
FOLH1,11,49145092,49208640
YBX1,1,42682408,42703805
RECQL5,17,75626845,75667190
NEXMIF,X,74732856,74925472
CSRNP2,12,51061205,51083664
ZNF574,19,42068477,42081552
ZNF223,19,44051367,44067999
MSMB,10,46033307,46048180
PRR14,16,30650717,30656413
GBX2,2,236165236,236168386
TEX15,8,30831544,30913008
GLI1,12,57459785,57472268
TEX264,3,51662693,51704323
HOXB6,17,48595525,48604992
PRR15,7,29563775,29567306
ENTPD1,10,95711779,95877266
CAAP1,9,26840685,26892819
HRCT1,9,35906202,35907136
ALDOA,16,30064164,30070457
SPINK9,5,148321203,148339852
ZNF808,19,52527652,52564464
CD300LD,17,74579365,74592283
ANXA13,8,123680794,123737414
GAS8,16,90019629,90044975
STUB1,16,679980,682870
IGF2BP2,3,185643130,185825061
IQCF3,3,51826883,51833389
COX17,3,119654513,119677621
PCDHGB5,5,141397947,141512975
PLEKHB2,2,131104847,131353709
TSPAN14,10,80454162,80533124
EDARADD,1,236348257,236502915
ANO3,11,26188842,26663289
OR6K6,1,158754720,158755891
CDK19,6,110609978,110815958
PDRG1,20,31944337,31952069
IL1F10,2,113067970,113075843
RORA,15,60488284,61229302
GML,8,142834247,142916506
KRT86,12,52249300,52309163
HSD17B3,9,96235306,96302176
MICALL1,22,37905657,37942822
HPRT1,X,134460155,134520513
JMJD7-PLA2G4B,15,41828095,41848155
OSBPL9,1,51577179,51798427
NCAPG,4,17810844,17844865
TSPAN7,X,38561498,38689249
ARL6IP1,16,18791609,18801572
MYO18A,17,29071119,29180456
NDEL1,17,8408528,8490411
BTG4,11,111467526,111514367
SLC17A3,6,25833066,25882478
MYCBP,1,38862493,38873378
MYO16,13,108596152,109208005
GATAD2B,1,153789030,153923360
ANKRD34A,1,145959441,145964575
ALX3,1,110059870,110070672
SLC52A3,20,758695,776015
CXCL13,4,77511753,77611834
ILF3,19,10654261,10692415
OR4N5,14,20138820,20145471
UPK3BL1,7,102637025,102642856
OR10T2,1,158398522,158399466
AHCYL1,1,109984765,110023742
CEACAM8,19,42580243,42595055
SLC7A5,16,87830016,87869507
OR2T3,1,248473351,248474307
JAKMIP2,5,147585438,147782775
HEMGN,9,97926791,97944856
ZNF350,19,51964061,51986856
LRRC26,9,137168758,137170051
ZNF91,19,23304991,23395501
GPATCH1,19,33080899,33130954
WDSUB1,2,159234903,159287347
SH2B2,7,102284995,102321712
PARM1,4,74933041,75050115
CCSER2,10,84328586,84518521
NRXN3,14,78170373,79868291
OR2A25,7,144069811,144075870
RNH1,11,494510,507300
TF,3,133746040,133796641
NDFIP1,5,142108762,142154440
PGRMC2,4,128269237,128288829
BRMS1L,14,35826310,35932325
VPS50,7,93232340,93361123
CENPK,5,65517766,65563183
UCKL1,20,63939828,63956480
LTBP4,19,40592883,40629821
TRPC7,5,136212745,136365545
BRI3,7,98252379,98310441
PTP4A3,8,141391497,141432456
NDUFS4,5,53560633,53683338
RBM15,1,110338506,110346681
TSPAN1,1,46173794,46185968
DNALI1,1,37556919,37566857
CHRND,2,232525993,232536667
CRYBG3,3,97822011,97944984
ARG2,14,67619920,67651708
CABLES2,20,62388630,62407303
OR4K3,14,19868197,19869143
USP17L3,8,7976393,7977985
SHISA8,22,41909543,41915074
TPTE2,13,19422876,19561625
TBC1D12,10,94402451,94536332
GAK,4,849275,932411
ELOA2,18,47032527,47035621
KIF1C,17,4997722,5028401
SMIM5,17,75628368,75642570
ZFP30,19,37613749,37692337
COPZ1,12,54301202,54351848
MFSD5,12,53251251,53254406
LCN1,9,135521438,135526540
ATF6B,6,32115264,32128253
H3C14,1,149840687,149841208
NACC1,19,13116468,13141147
HEMK1,3,50567895,50596168
DYRK4,12,4562208,4615302
RAP1B,12,68610410,68671901
ABCB8,7,151028422,151047782
WIPI1,17,68420948,68457520
TMEM252,9,68536580,68540883
PRPS1,X,107628428,107651993
MORC1,3,108958248,109118134
ANKRD42,11,83193712,83260694
PSMD12,17,67337916,67366605
ZNF620,3,40477131,40518736
CEACAM6,19,41750977,41772211
ZNF600,19,52749942,52786820
FAM241A,4,112145454,112195256
TRIM49,11,89797655,89808575
CHST7,X,46573391,46598496
DLEU7,13,50519364,50843939
N4BP2L2,13,32432417,32538885
RINT1,7,105532160,105567687
OR1B1,9,122628125,122657627
MAPK4,18,50559451,50731830
OR6C70,12,55469200,55470138
MSGN1,2,17816460,17817798
EVI2B,17,31303770,31314421
KRBOX4,X,46447255,46497422
TACC1,8,38728166,38853028
THOC3,5,175916677,176034680
ACBD5,10,27168135,27243046
VAT1,17,43010692,43025123
WSB2,12,118032687,118062430
VDAC1,5,133971871,134005360
TAS2R46,12,11061365,11062294
CCDC102A,16,57511999,57537163
LHCGR,2,48686774,48755730
PSPC1,13,19674752,19783019
APOLD1,12,12725917,12829975
DAZAP1,19,1407536,1435687
RASD1,17,17494437,17496396
CDC5L,6,44387565,44450425
EIF4ENIF1,22,31436977,31497047
MAGEA2,X,152749857,152754145
FBXO43,8,100133351,100145817
USP25,21,15729925,15880064
STAG2,X,123960212,124422664
ARID3A,19,924528,975939
PRICKLE4,6,41780739,41787452
AKIRIN1,1,38991272,39006059
CENPA,2,26764289,26801067
HJV,1,146017468,146036746
SLC41A1,1,205789091,205813755
SNTG2,2,950849,1367613
ENPP1,6,131807993,131895155
NUBP2,16,1782932,1789189
KPNA3,13,49697744,49793068
ARHGAP18,6,129576132,129710247
HSFY2,Y,18731440,18773735
SLCO5A1,8,69667041,69835064
TWF2,3,52228612,52246788
PEPD,19,33386950,33521823
C16orf86,16,67666814,67668757
TOP2B,3,25597978,25664973
MYH15,3,108380368,108529322
PLPPR3,19,812487,822619
GLRX3,10,130136385,130184521
PVRIG,7,100218241,100221490
TAFA2,12,61707341,62279150
KCTD15,19,33795933,33815763
ZNF442,19,12345944,12365905
PPP2R5D,6,42984538,43012346
MEN1,11,64803510,64811294
ASB4,7,95478444,95540233
EIF5AL1,10,79512533,79516440
SUPT20H,13,37009312,37059713
ESAM,11,124752583,124762315
FAM200B,4,15681506,15690447
GSTM5,1,109711746,109775428
GABRQ,X,152637895,152657542
MCAT,22,43132209,43143398
MAF,16,79585843,79600737
FBXO11,2,47789316,47906507
OR2G6,1,248508073,248527337
GPR62,3,51955381,51957499
TYMP,22,50525752,50530326
POU2F1,1,167220876,167427345
MYOCOS,1,171600621,171638799
PTCHD1,X,23334318,23404374
RNF14,5,141958328,141990292
SF1,11,64764606,64778786
OR9G4,11,56741223,56748697
FGF4,11,69771022,69775341
DAB2IP,9,121567057,121785530
DNAJB11,3,186567403,186585800
SPOCK1,5,136975298,137598379
TMEM128,4,4235541,4248239
PIP4K2C,12,57591174,57603418
H4C15,1,149854045,149861159
KHDC1L,6,73223544,73225770
PUSL1,1,1308567,1311677
SFRP1,8,41261956,41309511
CLCNKA,1,16018146,16034109
ERVW-1,7,92468380,92477986
DGKA,12,55927319,55954027
BPHL,6,3118374,3153599
TH,11,2163929,2171968
ZNF92,7,65373799,65401136
SSTR4,20,23035312,23039237
USP15,12,62260338,62417431
ATP6V1B1,2,70935771,70965431
TGFB2,1,218345336,218444619
SLC4A8,12,51391317,51515763
ARGFX,3,121567949,121590622
SELENOP,5,42799880,42887392
ZNF12,7,6688433,6706947
PNPLA7,9,137459952,137550431
CLEC3A,16,78022515,78066761
RPL26L1,5,172954004,172974768
TBC1D9,4,140620782,140756982
PTGER1,19,14472466,14477272
CSDC2,22,41560858,41577741
RIMS1,6,71886550,72403150
CHUK,10,100188300,100229596
PRB2,12,11391540,11501041
NMT2,10,15102584,15168719
ZNF609,15,64460578,64686068
EFNB3,17,7705202,7711372
THEMIS,6,127708072,127918631
BAG3,10,119650879,119677913
CCDC148,2,158171073,158456753
VHLL,1,156298624,156299307
SIGIRR,11,405711,417473
AADACL2,3,151733916,151761339
ZNF124,1,247121975,247172046
OR4K14,14,20014143,20019307
GUSB,7,65960677,65982283
FSTL1,3,120392293,120451241
FRAS1,4,78057323,78544269
IKBIP,12,98613405,98645113
COPS5,8,67043079,67083783
C17orf50,17,35760887,35765079
NSD1,5,177131787,177300213
SLC50A1,1,155135344,155138857
CFAP99,4,2418955,2463003
SLC37A3,7,140293693,140404433
GRM4,6,34018643,34155622
NPAP1,15,24675775,24683393
CYBC1,17,82440912,82450829
ATP8B3,19,1782075,1812276
TNFRSF19,13,23570370,23676104
LMO3,12,16548148,16613168
MPZ,1,161304735,161309968
CNGA1,4,47935128,48017301
CASS4,20,56412049,56460387
CPNE6,14,24070837,24078100
TXNRD3,3,126571779,126655124
IL31RA,5,55851357,55922854
ADAM9,8,38996754,39105445
RASGRP3,2,33436272,33586669
FAM200A,7,99546300,99559392
CD248,11,66314494,66317044
SAAL1,11,18069935,18106108
FAM135A,6,70412941,70561608
TP53INP2,20,34701662,34713439
PORCN,X,48508574,48520814
CLDN8,21,30214006,30216097
SRFBP1,5,121961965,122075570
ZNF146,19,36214602,36238774
FABP1,2,88122982,88128115
NRXN2,11,64606174,64723197
MCHR1,22,40679273,40682812
RASGRP1,15,38488103,38565575
MORC3,21,36320189,36386148
NPIPB11,16,29381310,29406711
HSD11B1,1,209686178,209734949
SLC16A3,17,82217878,82261129
TFDP2,3,141944428,142149544
TTC21A,3,39107194,39140973
PPAN,19,10106329,10112012
CNN1,19,11538767,11550323
TMEM150A,2,85598547,85603201
DYNC1LI1,3,32525974,32570900
ST3GAL1,8,133454848,133572518
JARID2,6,15244937,15522042
ARPC5L,9,124862130,124877733
RBBP5,1,205086142,205122015
ZNF286B,17,18661937,18681846
EML6,2,54723499,54972025
NR2C2,3,14947544,15053600
ZNF34,8,144772224,144788684
KRBOX1,3,42936386,42942792
RAP2C,X,132203024,132219495
APC,5,112707498,112846239
USP17L4,8,7337115,7338707
ASCC3,6,100508194,100881407
TEX47,7,88794106,88795737
PITPNM3,17,6451263,6556555
C1orf87,1,59987269,60073770
WDR55,5,140664868,140674124
NLRP8,19,55947832,55988629
HMCN2,9,130265760,130434123
MMP17,12,131828393,131851783
GPATCH2,1,217426992,217631090
RAB24,5,177301198,177303744
ZNF134,19,57614233,57624724
NKRF,X,119588337,119606443
SYNE1,6,152121687,152637801
RECQL4,8,144511288,144517845
PATE3,11,125788127,125791600
RAB12,18,8609437,8639383
IQSEC3,12,66767,178455
UFC1,1,161152776,161158856
AGBL1,15,86079871,87049169
MEPCE,7,100428322,100434126
SON,21,33543038,33577481
CDK8,13,26253891,26420982
ZNF775,7,150368790,150398634
PIK3CA,3,179148114,179240093
NTN5,19,48661407,48673081
MBLAC1,7,100126694,100128498
MUC16,19,8848844,9010390
HABP2,10,113550837,113589892
SERPINA4,14,94561390,94570482
ZNF337,20,25673195,25696860
DOC2B,17,142789,181691
PRR3,6,30557274,30563723
CDH26,20,59958423,60034011
METTL17,14,20989973,20997035
NOL11,17,67717812,67744531
PDGFRA,4,54229130,54298246
DOK6,18,69400888,69849087
FAM163B,9,133577076,133609418
FOXP2,7,114086317,114693772
ZPLD1,3,102099244,102479841
LPAR3,1,84811601,84893540
NAA20,20,20017310,20033655
FIS1,7,101239458,101252316
NIBAN3,19,17523301,17553839
GCSH,16,81081945,81096406
FDFT1,8,11795570,11839500
ZNF783,7,149262171,149297302
CHST4,16,71525233,71541950
RNF220,1,44405185,44651724
GOLGA3,12,132768902,132829143
WT1,11,32387775,32435564
PKN3,9,128702499,128720924
RNASE3,14,20891385,20892348
CDKN2A,9,21967752,21995301
CNTNAP2,7,146116002,148420998
NUDCD1,8,109240919,109334129
ABHD16B,20,63861498,63862988
ZNF263,16,3263800,3301401
ZNF335,20,45948653,45972206
NXNL1,19,17455425,17460926
CYB5B,16,69398402,69466264
CHRDL2,11,74696429,74731426
TRIP4,15,64387748,64455305
ASAH2,10,50182778,50279720
LCOR,10,96831803,96995956
CCDC73,11,32602721,32794662
R3HDM1,2,135531448,135725314
PRF1,10,70596401,70602759
TIMM8B,11,112084800,112086798
TMOD1,9,97501180,97601743
CLDN4,7,73799542,73832690
SLC38A5,X,48458537,48470554
GTF3C3,2,196761062,196799725
RSF1,11,77660009,77820869
GJB1,X,71212811,71225519
FZD3,8,28494205,28574267
CREBZF,11,85657742,85682908
NR4A2,2,156324432,156342348
ROR1,1,63774017,64181498
ARRDC5,19,4890437,4902948
CHI3L2,1,111200771,111243440
NUP54,4,76107562,76148509
TTC9C,11,62727687,62740293
LIX1L,1,145933423,145958017
JTB,1,153974269,153977674
AFF4,5,132875395,132963634
ANXA1,9,73148874,73170629
BMERB1,16,15434475,15625028
ZNF718,4,124501,202303
TBX19,1,168280877,168314426
EIF1,17,41688883,41692668
TIGD3,11,65354751,65357613
TTC16,9,127716079,127731590
CAPZA1,1,112619173,112671616
NR1H3,11,47248300,47269070
UGT2A2,4,69588417,69639642
UTP25,1,209827972,209857565
PGM2L1,11,74330315,74398473
CANT1,17,78991707,79009867
HLA-DRB5,6,32517345,32530369
SGCZ,8,14084845,15238431
SEPTIN10,2,109542797,109614157
NTAN1,16,15037854,15056079
ZNF780B,19,40028260,40056231
TRO,X,54920462,54931436
CHST10,2,100391860,100417826
BCAT1,12,24810024,24949556
HECA,6,139135080,139180807
ZNF185,X,152896695,152973511
TBC1D8,2,101005934,101252866
CLUL1,18,596988,650334
PDZRN4,12,41188320,41574745
VIL1,2,218419083,218453295
GPR162,12,6821624,6829972
KDM7A,7,140084746,140177055
INHBC,12,57434784,57452062
SYCP2L,6,10886831,10979320
OR2J2,6,29170907,29175811
H2AB1,X,154884972,154885558
CIB3,19,16161368,16173525
NREP,5,111662621,111997464
RAB17,2,237574322,237601623
SIK3,11,116843402,117098445
KCTD17,22,37051739,37063390
ZNF552,19,57803841,57814913
ZNF816-ZNF321P,19,52928475,52962823
ACSL5,10,112372400,112428381
C17orf100,17,6651762,6693202
TET3,2,73984910,74108177
SH3BGR,21,39445855,39515506
CAPN3,15,42359498,42412949
TMSB15A,X,102513674,102516795
FBP2,9,94558720,94593824
OR2T10,1,248590487,248597700
PPARA,22,46149924,46243755
KMT5A,12,123384132,123409353
DMRTA1,9,22446824,22455740
LRP4,11,46856717,46918642
FAM133B,7,92560758,92590409
ZNF385B,2,179441982,179861612
DAAM1,14,59188646,59371405
THOC1,18,214515,268053
SENP7,3,101324205,101513241
NGFR,17,49495293,49515008
TTC6,14,37595629,38041442
IFT43,14,75902136,76084585
CASP9,1,15490832,15526534
BCAS1,20,53936777,54070641
HEBP2,6,138403531,138422197
XAGE2,X,52368577,52375680
SNRNP70,19,49085164,49108613
GPR137,11,64270062,64289494
ABHD1,2,27123789,27130812
NPIPA8,16,18317919,18336736
SLC25A21,14,36677921,37172606
ALKBH3,11,43880811,43920274
GNB5,15,52115100,52191392
CHCHD5,2,112584240,112589275
MTHFD1L,6,150865679,151101887
ATP5PB,1,111448111,111465941
ATCAY,19,3879864,3928082
ZMIZ2,7,44748560,44770112
WDR97,8,144107726,144118328
CT45A10,X,135879471,135893444
FHOD3,18,36297676,36780220
KCTD5,16,2682521,2709030
LRRC75A,17,16441577,16492237
PLCG2,16,81738248,81962685
ARHGEF18,19,7348937,7472485
FBXL16,16,692498,705843
UBE2E2,3,23203020,23591794
BACE1,11,117285232,117316286
CPE,4,165361194,165498547
RTL6,22,44492583,44498233
ERICH4,19,41443156,41444765
BHLHE23,20,63005927,63007035
RPUSD1,16,784974,788406
GPR161,1,168079542,168137685
NINJ2,12,562852,663742
FAM43B,1,20552573,20555020
CLIC4,1,24745342,24844321
CDH24,14,23047062,23057538
DNAJC3,13,95677114,95794988
EXOC3L4,14,103094538,103110570
RNF5,6,32178405,32180793
AIRE,21,44285838,44298648
PSMA7,20,62136728,62143452
RPL32,3,12834485,12841582
CYB5R3,22,42615730,42720870
CCN6,6,112054075,112069686
FOXR2,X,55623400,55626192
OR5H15,3,98166696,98169774
PHYHD1,9,128920966,128942042
COL6A6,3,130517177,130677044
OR10J1,1,159437845,159443078
RBM4,11,66638658,66668380
FKRP,19,46746046,46776988
PRR23B,3,139019031,139020926
HCFC1,X,153946434,153972427
PANX2,22,50170731,50180295
CSRNP1,3,39141854,39154852
UFM1,13,38349826,38363619
PPIAL4H,1,146344006,146344765
GPATCH3,1,26890488,26900467
OR2J1,6,29099490,29102701
AKAP8,19,15353385,15379829
ZNF302,19,34677084,34687065
MAP2K4,17,12020828,12143830
SNX29,16,11976734,12574287
PYM1,12,55901413,55932618
TMEM104,17,74776477,74839753
C2orf42,2,70149882,70248615
FSCN1,7,5592809,5606655
ING4,12,6650300,6663148
ANG,14,20682950,20698971
HAPLN3,15,88877294,88895597
TCF20,22,42160013,42343616
F8,X,154835788,155026940
PDS5A,4,39822863,39977987
EIF4A2,3,186783205,186789901
SMIM28,6,138377905,138383486
FABP4,8,81477651,81483239
LTBR,12,6375045,6391571
RBM38,20,57391396,57409333
STX19,3,94012043,94028654
HSF4,16,67164681,67169945
TRIM39,6,30325880,30344265
LHX8,1,75128434,75161533
MS4A2,11,60088261,60098467
ZEB1,10,31318495,31529814
RABEP1,17,5282259,5386340
ABHD10,3,111978972,111993368
NFU1,2,69396113,69437657
AQP12B,2,240676418,240682906
CBLN2,18,72534118,72638521
EGFL7,9,136658284,136672679
PIGS,17,28553383,28571794
HSD17B1,17,42552922,42555214
ENY2,8,109334324,109345954
IRX6,16,55323974,55330757
GNA14,9,77423079,77648322
PRR20A,13,57140918,57143939
ZNF860,3,31981722,31991723
SULT6B1,2,37167820,37196598
EIF5A,17,7306944,7312466
H1-0,22,37805229,37807432
MYO9B,19,17075728,17214537
FAM237A,2,206642417,206649365
UBA3,3,69054716,69080408
CDC20B,5,55112971,55173177
MT1A,16,56638202,56640087
RAP1GAP,1,21596215,21669846
RPP38,10,15097120,15139818
INAVA,1,200891003,200915742
IL10RB,21,33266363,33311420
ZNF610,19,52336243,52367778
SLX4,16,3581181,3611606
PRSS16,6,27247701,27256646
ARF5,7,127588370,127591700
OR2W3,1,247895587,247896531
NUGGC,8,28021964,28083936
CXXC4,4,104468308,104494901
SPCS3,4,176319966,176332245
NEU2,2,233023032,233042480
INPP5A,10,132537772,132783480
SEMA3G,3,52433035,52445103
IFT140,16,1510427,1612075
GUCA1A,6,42173364,42181338
MAST3,19,18097749,18151692
YAP1,11,102110099,102233424
ILK,11,6603708,6610874
SEZ6L2,16,29871159,29899550
GHR,5,42423439,42721878
TFEC,7,115935148,116159896
SULF2,20,47656197,47786835
PSMB6,17,4796144,4798503
CARTPT,5,71719275,71721048
DENND5B,12,31382226,31591170
LTB4R,14,24311450,24318036
ZNF43,19,21804946,21852125
ASCC2,22,29788608,29838304
MAP7,6,136342281,136550819
NCBP2,3,196935402,196942594
SOWAHD,X,119758588,119760202
UCP1,4,140559431,140569001
PLEKHM3,2,207821288,208025846
CAPN13,2,30722771,30820542
ZNF273,7,64870172,64930981
ACTRT2,1,3021467,3022903
USP30,12,109023089,109088023
MFSD13A,10,102461363,102477046
TIMM22,17,997118,1003671
TULP2,19,48880965,48898744
OSBPL1A,18,24162045,24397880
SPRR2G,1,153149582,153150890
SPDYE18,7,77050391,77063938
KLC4,6,43040777,43075099
LEPROT,1,65420587,65436007
PTRH2,17,59674636,59707638
OXLD1,17,81665036,81666635
EEF1G,11,62559595,62574086
GUCY1A2,11,106674019,107018476
CWF19L2,11,107321601,107457842
ICA1,7,8113181,8262687
DHRS4L1,14,23969931,24051377
HMG20B,19,3572741,3579088
ACO2,22,41447830,41529273
FXR1,3,180868141,180982753
B4GALT1,9,33100493,33167359
DST,6,56457987,56954830
DNAAF4,15,55410525,55508234
ZNF230,19,44002934,44013924
SLC38A8,16,84009667,84043143
HSPA13,21,14371115,14383484
GATA5,20,62463481,62476040
DLEC1,3,38039205,38124025
LIMCH1,4,41359574,41700049
FAM47C,X,37008366,37011664
BRINP2,1,177170890,177282422
KRT6C,12,52468516,52473805
TAS2R40,7,143222037,143223079
VPS26B,11,134224613,134247794
RABGGTA,14,24265538,24271611
CRYZL1,21,33589341,33643926
UHMK1,1,162497251,162529631
CCNA2,4,121816444,121823917
FAM161A,2,61824848,61854143
PKD2L2,5,137887968,137942747
FABP3,1,31364010,31376850
NR5A1,9,124481231,124507444
NDFIP2,13,79481155,79556077
SLC2A4RG,20,63739759,63744050
OXGR1,13,96985713,96994730
PAX6,11,31784779,31817961
RAD21,8,116845934,116874849
ARL6IP6,2,152717647,152762396
DLG5,10,77790778,77927220
TAS2R31,12,11030387,11031407
TTC4,1,54715835,54742657
SLC28A1,15,84884612,84945803
ADTRP,6,11712054,11807046
OSBP,11,59574398,59615781
MYPOP,19,45890020,45902808
PCDHA3,5,140801028,141012347
USP3,15,63504501,63594640
POPDC2,3,119636457,119665324
ACOT4,14,73591873,73595766
SLIT1,10,96998038,97185959
RIPK3,14,24336025,24340022
ANKS1B,12,98726457,99984936
KRTAP15-1,21,30440275,30440869
SLC35C1,11,45804072,45813016
SPATC1L,21,46161148,46184476
H2AC16,6,27865317,27865798
SLC48A1,12,47753916,47782751
GBP2,1,89106132,89150456
PRKCG,19,53879190,53907652
DOCK11,X,118495814,118686974
PRPF39,14,45084107,45116282
ZBED3,5,77072072,77087353
FOXB1,15,60004234,60061730
SCHIP1,3,159273244,159897629
KLHL10,17,41835685,41848384
OR1J1,9,122476958,122477926
MUC20,3,195720884,195741123
OXCT1,5,41730064,41870589
HLA-F,6,29722738,29738528
TAF4B,18,26226393,26391685
SERPINA2,14,94364316,94366698
SLC17A7,19,49429399,49443197
PRAF2,X,49071161,49074017
OR13C5,9,104598457,104599413
DPY19L1,7,34921469,35038271
CDK5,7,151051517,151057947
EIF4A1,17,7572760,7579006
ZDHHC11B,5,710355,784729
CSAG2,X,152708261,152721661
BICDL2,16,3027682,3036993
TRIM16L,17,18722237,18735460
ZNF32,10,43643859,43649367
RAB39B,X,155258235,155264491
KYNU,2,142877613,143055833
PRCD,17,76527586,76553578
ZNF557,19,7069701,7087968
RHD,1,25272393,25330445
RPS6KA4,11,64359142,64372215
EFNA3,1,155078823,155087538
GP9,3,129060779,129062435
LIN7B,19,49114324,49118460
TPM1,15,63042481,63071915
TMEM185B,2,120217479,120223400
SLC46A1,17,28394642,28407197
OSBPL11,3,125528858,125595592
KCNK13,14,90061994,90185853
ZNF471,19,56507731,56530221
FAM53B,10,124619292,124744475
PRDM13,6,99606774,99615578
MYL5,4,673521,682033
PLEKHN1,1,966437,975865
OR5I1,11,55935456,55936400
PPFIA2,12,81257975,81759553
FAM228B,2,24076526,24169642
ISG20,15,88635618,88656483
PIGM,1,160024953,160031990
ZFX,X,24148976,24216255
DCLK1,13,35768652,36132164
AMY1C,1,103745126,103758726
FOXRED1,11,126269024,126278132
OR52N1,11,5786471,5791265
SLC7A6,16,68264233,68301823
RABEPK,9,125200538,125234161
SNRPC,6,34757454,34773857
ASCL5,1,201113943,201127184
LRRC47,1,3778559,3796511
USH1G,17,74916083,74923256
BUB1B,15,40161023,40221136
CRP,1,159712289,159714589
ZIC3,X,137563314,137577691
COX16,14,70325081,70416984
FAM9B,X,9024232,9295682
SLC25A47,14,100323339,100330421
DIAPH2,X,96684712,97604997
UGGT2,13,95801580,96053482
CD58,1,116514534,116571039
RMI1,9,83980355,84004078
RNF141,11,10511673,10541334
SHISA6,17,11241213,11564063
SLC22A14,3,38282294,38318575
FOSB,19,45467995,45475179
NLN,5,65722205,65871725
ADM,11,10303392,10307397
RTEL1,20,63657810,63696253
KLK12,19,51029092,51035230
ASAP2,2,9206758,9405683
KDM5A,12,280057,389320
CAPN15,16,527712,554636
CERT1,5,75356345,75512138
ZC3H7A,16,11750586,11797258
FAM90A26,4,9170409,9176730
GOLGA6L6,15,20531856,20541800
CD86,3,122055362,122121139
AR,X,67543353,67730619
OR8D4,11,123902167,123909229
SLC35G1,10,93893937,93956062
SNRPB,20,2461634,2470884
IP6K2,3,48688003,48740353
PRKG2,4,81086874,81217970
ZNF99,19,22752183,22784151
TMEM59L,19,18607430,18621040
CSTF2T,10,51695486,51699595
SVOPL,7,138594285,138701382
PCF11,11,83156988,83187451
CHRD,3,184379381,184390736
PHLPP1,18,62715464,62980433
VSTM2L,20,37903111,37945350
ZNF595,4,53286,88208
RMND1,6,151398898,151452158
PIAS3,1,145848521,145859836
OR4F21,8,166086,167024
ERGIC3,20,35542024,35557634
SP4,7,21428043,21514822
UTP18,17,51260491,51297936
EVPLL,17,18377674,18389652
STN1,10,103856793,103918762
TERF1,8,73008833,73048123
ANTXR2,4,79901146,80125454
TJAP1,6,43477523,43506562
SPTSSA,14,34432788,34462240
IPO4,14,24180219,24188990
ZNF410,14,73886201,73932521
JAKMIP3,10,132036336,132184858
ARHGAP35,19,46860997,47005077
P2RY2,11,73216664,73242427
ZNF644,1,90915298,91022376
KLHDC8B,3,49171239,49176487
ZCCHC24,10,79382325,79445625
ZNF257,19,22052430,22091480
C16orf95,16,87083562,87317420
CRYAB,11,111908564,111923722
MCM6,2,135839626,135876479
AP3S2,15,89830599,89894638
TOMM7,7,22812628,22822849
SPAAR,9,35909488,35937153
COMT,22,19941371,19969975
ELK3,12,96193978,96269835
LZTS2,10,100996539,101007852
ATP13A1,19,19645198,19663700
CACNA1E,1,181317690,181813262
SFTA3,14,36473207,36521149
SLC2A11,22,23856703,23886312
AMPH,7,38383700,38631507
USP17L15,4,9234385,9236046
TNFRSF10B,8,23020133,23069071
HERPUD1,16,56930815,56944864
SUN3,7,47987148,48029119
INSYN2B,5,169861303,169980495
C1orf167,1,11761787,11789585
POLR2M,15,57706695,57782762
DMRTC1B,X,72776890,72848803
EGR3,8,22687659,22693480
TRMT61B,2,28849793,28870392
AKR1B15,7,134549110,134579875
XPC,3,14145145,14178652
SLC38A4,12,46763642,46832500
IGFALS,16,1790413,1794971
ATP5PO,21,33901028,33915853
SLC17A6,11,22338381,22379503
PLXNB3,X,153764186,153779346
TMEM139,7,143279937,143288240
SLC25A37,8,23528956,23575463
SGK2,20,43558968,43588237
HSF1,8,144291529,144314727
TMEM89,3,48620759,48621769
MRC1,10,17809014,17911164
SNRPD1,18,21612314,21633524
HEATR9,17,35854946,35868891
NDUFAF6,8,94895533,95116455
MIDN,19,1248331,1259145
CACNG1,17,67044554,67056797
EPN2,17,19214837,19336715
LRRC4,7,128027071,128032128
MTHFSD,16,86530178,86555235
FAAH,1,46394265,46415754
ATF7-NPFF,12,53506691,53625979
TMED6,16,69343250,69351786
RNF208,9,137220246,137222290
SSB,2,169791933,169812091
PTPN6,12,6946417,6961316
MAN1B1,9,137086857,137109189
CD5L,1,157830911,157898256
ZNF670,1,247034637,247078811
ZNF516,18,76357682,76496132
ZDHHC11,5,795605,858973
CMIP,16,81444808,81711762
ZNF691,1,42846573,42852477
NPY5R,4,163343583,163352477
AWAT2,X,70040542,70049988
TFAM,10,58385345,58399220
FLVCR2,14,75578594,75663214
MAGEA11,X,149688228,149717268
PSMD9,12,121888726,121918297
DCAF4L2,8,87870747,87874015
SLC39A11,17,72645947,73092712
TMC6,17,78107397,78132579
CREG2,2,101345550,101387503
IL10RA,11,117986370,118003037
RIDA,8,98102336,98117175
TRIM56,7,101085234,101097967
DENND5A,11,9138825,9265959
KREMEN1,22,29072950,29168333
ACOT6,14,73610945,73619888
PFN4,2,24114637,24123734
FANK1,10,125896538,126009595
ZNF484,9,92843171,92878038
MSC,8,71841552,71844496
CSRNP3,2,165469647,165689407
ENTR1,9,136401922,136410614
PTN,7,137227341,137344358
ZHX2,8,122781311,122974514
VWA8,13,41566834,41961129
INO80D,2,205993721,206086303
KLHL9,9,21320024,21335404
ADGRG6,6,142301854,142446266
OR8B8,11,124437445,124445696
HSPA4,5,133051946,133106449
ABCD2,12,39550033,39619803
CNTNAP3C,9,61330717,61453030
GGT1,22,24594684,24629011
GNRHR,4,67737118,67754388
MT3,16,56589074,56591088
ACVR1,2,157736249,157876347
SIAE,11,124633113,124695707
CCDC66,3,56557161,56621837
GALT,9,34637367,34651754
KRTAP3-1,17,41008521,41019324
ZNF69,19,11887782,11914329
TOX3,16,52436417,52547802
CYP11B2,8,142910559,142917850
SCTR,2,119439839,119525301
LARS1,5,146110566,146182696
DDX46,5,134758771,134831121
CES2,16,66934444,66945096
CSF3,17,40015361,40017816
FHIT,3,59747277,61251459
PHGDH,1,119648411,119744227
CCP110,16,19523811,19553408
GTF2IRD1,7,74452463,74602619
SSBP1,7,141737456,141787922
GIMAP7,7,150514872,150521073
PYDC2,3,191461163,191461456
COA7,1,52684449,52698355
TMCO4,1,19682207,19800500
PACS2,14,105300563,105398147
GNPAT,1,231241196,231277973
FAM13A,4,88725955,89111398
GOLGA6B,15,72654697,72669599
FUT3,19,5842888,5851471
ESCO2,8,27771949,27812640
PLAGL1,6,143940300,144064714
BSX,11,122977570,122981834
PLD3,19,40348453,40389472
MS4A6A,11,60170074,60184666
CDKN2C,1,50960745,50974634
VAMP5,2,85584431,85593406
TSG101,11,18468336,18526965
PPP1CA,11,67398179,67421183
OAZ1,19,2269509,2273492
IGSF6,16,21639550,21652611
GKN1,2,68974573,68980980
PGF,14,74941830,74955626
DDHD2,8,38225218,38275558
CDC37L1,9,4679559,4708399
MRGPRG,11,3217944,3218813
CCDC169-SOHLH2,13,36168794,36297842
CCL2,17,34255274,34257208
LLPH,12,66116555,66130750
CGB1,19,49035569,49036895
OR4E1,14,21667886,21673818
GNMT,6,42960690,42963883
PIN4,X,72181353,72302926
LYPD5,19,43785874,43827206
EID1,15,48878134,48880173
LGR5,12,71439797,71586310
TDRD12,19,32719753,32829580
COA4,11,73869846,73876982
CTTNBP2NL,1,112396202,112463456
RWDD2A,6,83193337,83198935
SND1,7,127652145,128092609
ME3,11,86438751,86672636
CYTH3,7,6161776,6272650
WDFY2,13,51583927,51767709
OR2F2,7,143935233,143936186
NMD3,3,161104681,161253532
ZNF275,X,153334147,153360110
INIP,9,112683926,112718149
PRH1,12,10824960,11171608
ASB12,X,64224194,64230607
HSPBP1,19,55262219,55280930
STK38L,12,27243968,27325959
RNF34,12,121400078,121430623
LIF,22,30240453,30246759
RAI1,17,17681458,17811453
KLLN,10,87859158,87863533
ZNF225,19,44112181,44135055
EMP1,12,13196723,13219941
NDUFV1,11,67605653,67612554
MBNL3,X,132369320,132489978
HSD3B1,1,119507198,119515054
COG2,1,230642464,230693985
AGO1,1,35869808,35930532
SOX4,6,21593751,21598619
DIO3,14,101560139,101563452
PRAMEF18,1,13222695,13226154
ABL2,1,179099330,179229684
HSF2,6,122399551,122433119
MEGF11,15,65895079,66253811
CCDC196,14,66411704,66498677
TDRKH,1,151769799,151791416
EBPL,13,49660674,49691500
CTH,1,70406194,70442771
H2AC11,6,27133043,27135292
JKAMP,14,59484443,59505410
LRRC23,12,6873569,6914241
DPPA2,3,109293788,109316517
ANAPC1,2,111611639,111884690
KRTAP19-7,21,30560875,30561314
CFAP97D1,17,43780435,43787620
DDX31,9,132592787,132670401
NEURL1,10,103493705,103592546
SPG11,15,44554818,44663688
COL15A1,9,98942680,99070797
PRPF8,17,1650624,1684876
UBN2,7,139230356,139308236
PNLIPRP2,10,116620953,116645143
BTK,X,101349338,101390796
UBE2QL1,5,6448859,6496723
TRAF7,16,2155692,2178129
CC2D2B,10,95907603,96033745
CHIA,1,111290851,111320566
XPO5,6,43522334,43576061
ACSBG1,15,78167468,78245688
THBS2,6,169215780,169254060
OAS2,12,112978395,113011723
RNF152,18,61808067,61895097
CER1,9,14719724,14722733
HNRNPH3,10,68331174,68344002
MYH3,17,10628526,10657309
GDF2,10,47322454,47327588
KDM4E,11,95025258,95027596
ALDH1A3,15,100861924,100916628
TMEM249,8,144352219,144354954
SESN1,6,108984309,109095074
CDC73,1,193115732,193264613
KLF2,19,16324826,16328685
MRPL11,11,66435075,66466738
TFPI2,7,93885396,93890753
STAT1,2,190908460,191020960
SEC24A,5,134648588,134727909
NOP56,20,2652592,2658393
SORL1,11,121452314,121633763
CABP2,11,67518912,67524517
DCAF15,19,13952459,13961449
TIMM23B,10,49942049,49977625
PECAM1,17,64319415,64413776
RAB44,6,36697826,36733184
HSPB8,12,119171555,119224855
CCZ1,7,5898692,5926550
ZNF7,8,144826894,144847509
KTI12,1,52032103,52033810
FOXD4L4,9,65737146,65738396
TREH,11,118657316,118679690
RPL14,3,40457292,40468587
AP4M1,7,100100841,100110345
USP17L8,8,7971661,7973253
KHDC1,6,73241310,73310455
ATP1B2,17,7646627,7657770
PTPN14,1,214348700,214552449
TDRD3,13,60396457,60573879
RBM24,6,17281361,17293871
AP1S2,X,15825806,15854931
PPP6R3,11,68460475,68615343
ADAM28,8,24294016,24359014
SNRPA,19,40750585,40765393
GALNS,16,88813733,88856970
BORCS8-MEF2B,19,19145569,19192158
IL16,15,81159575,81314058
ZNF260,19,36510687,36528696
COPS9,2,240126563,240136807
FAM236C,X,72912615,72913401
SAT1,X,23783173,23786210
PPP6R1,19,55229776,55259070
TRIT1,1,39838110,39883511
ANKRD40,17,50693198,50707914
ELMOD3,2,85354394,85391752
HIBCH,2,190189735,190344193
ZNF746,7,149472696,149497817
CAMSAP2,1,200738893,200860707
TNFSF12,17,7548508,7557890
URI1,19,29923644,30016612
AQP8,16,25215731,25228932
USP44,12,95516560,95553341
FAM216B,13,42781550,42791549
CTXN2,15,48177875,48203758
SEPTIN8,5,132750814,132807241
SLC25A39,17,44319625,44325801
CCS,11,66593153,66606019
FAM50B,6,3849373,3851320
CYP8B1,3,42856005,42875898
MRPL16,11,59806140,59810779
OR4F16,1,685716,686654
OSBPL3,7,24796540,24981634
PEG10,7,94656325,94669695
TEDC1,14,105489855,105499575
PLCXD2,3,111674676,111846447
MCMBP,10,119829060,119892556
ICE2,15,60419608,60479160
SAP25,7,100572228,100573900
RHBDL1,16,675671,678268
POTEJ,2,130611440,130658037
OR6N2,1,158774222,158781204
MPHOSPH8,13,19633659,19673441
DAPL1,2,158795317,158862781
ENO2,12,6913745,6923707
TSKU,11,76781403,76798157
GEMIN7,19,45075575,45091518
MOGS,2,74461057,74465410
CFAP43,10,104129888,104232364
FBXO40,3,121592886,121630434
CD14,5,140631728,140633700
DDI1,11,104036640,104039196
DPYSL5,2,26847747,26950351
MEIOC,17,44656404,44690308
F10,13,113122788,113149531
SAMHD1,20,36890229,36951893
IMPDH1,7,128392277,128410009
HELLS,10,94545329,94613905
TMC7,16,18983934,19063942
AFTPH,2,64524289,64593007
PHF20L1,8,132775311,132848807
ENG,9,127811130,127855232
ZNF514,2,95122087,95165672
PCDHB13,5,141213919,141218979
RBIS,8,85214048,85220793
TONSL,8,144428767,144444473
IRF4,6,391739,411443
LNPK,2,175923882,176002839
UCHL1,4,41256413,41268560
ARMCX4,X,101418287,101533459
PELO,5,52787916,52804044
KDM1B,6,18155329,18223854
TBC1D3L,17,37978154,37989389
GTF2E2,8,30578318,30660846
ASIP,20,34194569,34269346
OR8J1,11,56354291,56361511
MUC1,1,155185824,155192916
ACADS,12,120725774,120740009
CRIPT,2,46616416,46685037
BROX,1,222711691,222735196
USP6,17,5116032,5175034
SARS2,19,38915266,38930768
SLC25A6,Y,1386133,1392929
SCAPER,15,76347904,76905970
ABAT,16,8674596,8784575
MRPL41,9,137551879,137552555
MX1,21,41420020,41470071
DYSF,2,71453561,71686763
EXOG,3,38496127,38542161
ZNF251,8,144720515,144756417
BAZ1B,7,73440406,73522293
KRTAP3-3,17,40993430,40994164
USP51,X,55484616,55489874
CCNG2,4,77157207,77433388
IL4R,16,27313462,27364811
ZNF346,5,177022696,177081201
CENPX,17,82018590,82024107
OR56A4,11,5999445,6006946
TCEA3,1,23370591,23425169
SIVA1,14,104753131,104768494
RPS6KA6,X,84058346,84206356
TNFSF13,17,7558292,7561608
HOXC10,12,53985065,53990279
ZNF37A,10,38094314,38150293
HNRNPCL1,1,12847377,12848720
FAM168A,11,73400487,73598189
OR8K3,11,56315144,56320639
PTPRK,6,127968780,128520619
WDR59,16,74871362,75000173
TNIK,3,171058414,171460408
TMEM45B,11,129815791,129861265
RAB40B,17,82654973,82698698
TBC1D1,4,37890836,38139175
HIPK3,11,33256672,33357023
GPRC6A,6,116792085,116829083
TMEM71,8,132685007,132760712
ANKRD65,1,1415637,1421769
PRKACB,1,84078062,84238498
C1orf116,1,207018522,207032821
MMD2,7,4905989,4959212
GIPC1,19,14477759,14496157
SLC27A1,19,17467666,17506190
KIF22,16,29790718,29805388
CCDC30,1,42463221,42657190
HMGN5,X,81112915,81202016
ERCC4,16,13920138,13952348
DEFB129,20,227258,229886
AOPEP,9,94726604,95151793
PCDHGC3,5,141475947,141512977
RHBDF2,17,76470891,76501790
MAP3K1,5,56815538,56896152
TMCC3,12,94567122,94650557
RAB5C,17,42124976,42155044
KLHL36,16,84643425,84667837
ZNF875,19,37312837,37369365
COX18,4,73052362,73069755
PTPN7,1,202147012,202161588
MAS1L,6,29486697,29487956
CRK,17,1420689,1463162
TMOD4,1,151169984,151176284
PAX8,2,113215997,113278921
CD300LF,17,74694308,74712981
SP110,2,230165186,230225729
NPRL2,3,50347330,50350826
PIAS2,18,46803218,46920160
PAQR5,15,69298888,69407780
EIF3G,19,10115010,10119951
JAM2,21,25639258,25717562
CNTROB,17,7932101,7949920
DOCK2,5,169637249,170083382
PYGL,14,50857891,50944734
SYT8,11,1828307,1837521
CCDC74A,2,131527675,131533666
DCAF8,1,160215715,160263388
MTDH,8,97644013,97730260
POLR2H,3,184360856,184368596
HINT1,5,131155383,131224468
ZNF74,22,20394115,20408461
HIF3A,19,46297042,46343433
AIM2,1,159056129,159188222
GPR174,X,79144678,79175318
LRRC14B,5,191495,196334
EVL,14,99971449,100144236
ITPR1,3,4493345,4847506
CASTOR1,22,30285114,30289694
UPB1,22,24494107,24528390
MOSPD3,7,100612102,100615983
CD163L1,12,7346685,7479897
PTPRM,18,7566782,8406861
CTIF,18,48539005,48863217
CCDC120,X,49053572,49069857
SLCO3A1,15,91853708,92172435
FGF16,X,77447389,77457278
CEACAM4,19,41619015,41627074
CPTP,1,1324756,1328897
CYP19A1,15,51208057,51338601
TMEM253,14,21098811,21103724
CALN1,7,71779491,72447151
STAMBP,2,73828916,73873659
CSNK1D,17,82239023,82273700
TTC8,14,88824153,88881078
GALNT13,2,153871398,154456630
HAUS1,18,46104329,46129404
TBC1D28,17,18634247,18644427
SLC26A8,6,35943516,36028767
DPYSL4,10,132186897,132205762
UCK1,9,131523786,131531280
CRTC2,1,153947669,153958634
FAM114A1,4,38867677,38945740
C1orf54,1,150268034,150281735
TSHB,1,115029826,115034302
OPRL1,20,64079967,64100649
DDX50,10,68901264,68946847
CPA6,8,67422038,67746378
MYBL2,20,43667019,43716495
MCF2L,13,112894378,113099742
NELFCD,20,58981208,58995133
HIC1,17,2054154,2063241
GSTA4,6,52977948,52995312
RPL18A,19,17859868,17864153
CHRNA2,8,27459756,27479883
BLK,8,11486894,11564599
LRP2BP,4,185363655,185397288
PTCHD4,6,47856673,48111197
PTPN20,10,46911396,47002488
THNSL2,2,88170295,88186636
DZANK1,20,18383361,18467332
VWDE,7,12330201,12403941
KLHDC3,6,43014103,43021298
GIPC3,19,3585478,3593541
RYK,3,134065303,134250929
QTRT1,19,10701430,10713437
ZNF503,10,75397830,75401764
PRR5-ARHGAP8,22,44702233,44862706
SNAP29,22,20858537,20891214
ASPG,14,104085537,104115582
CHD9,16,53054991,53329150
LEPROTL1,8,30095408,30177208
ILVBL,19,15114976,15125792
IHH,2,219054424,219060921
LNP1,3,100401192,100457563
NDUFAF1,15,41387218,41409403
HRH4,18,24460637,24479961
TBCEL,11,121024072,121090776
TLN2,15,62390512,62844631
AMY1B,1,103687415,103701064
PDGFB,22,39223359,39244982
AVPR1B,1,206106936,206117699
CFDP1,16,75293698,75433503
CDC40,6,110180141,110254275
LYPD1,2,132643286,132671579
HDAC8,X,72329516,72573101
NTS,12,85874162,85882992
TMEM50A,1,25338295,25362362
RGS3,9,113444731,113597743
ZNF2,2,95165432,95184317
CCDC92,12,123918660,123974253
ZNF284,19,44072138,44089613
TMEM9B,11,8947202,8965011
AUP1,2,74526636,74529788
C5orf47,5,173973779,174006140
GUCY1A1,4,155666707,155737059
TNFRSF10D,8,23135588,23164027
SULT1C3,2,108239968,108266254
SIMC1,5,176238367,176345991
ETDC,X,135271717,135309803
TMEM184B,22,38219290,38273805
OR5D14,11,55795556,55796500
AGAP1,2,235494043,236131793
CD1D,1,158178015,158186427
P2RY1,3,152835131,152841439
PHF19,9,120855651,120894896
MCOLN3,1,85018082,85048679
ENO3,17,4948046,4957132
HOXB13,17,48724763,48728750
ZNF221,19,43951204,43967709
BRD1,22,49773278,49827944
SIRT6,19,4174109,4182599
BATF2,11,64987945,64997018
HPGD,4,174490175,174523154
RNF181,2,85595693,85598589
RFNG,17,82047902,82051831
TUBB3,16,89921392,89938761
UBQLN1,9,83657386,83707993
VMO1,17,4785285,4786433
COX7B2,4,46734827,46909245
ZNF589,3,48241100,48299253
IGF1R,15,98648539,98964530
CD2,1,116754370,116769229
ATP2B2,3,10324023,10708007
H3Y1,5,17654868,17655849
SREBF1,17,17810399,17837030
DNAJC7,17,41976421,42021376
MRAP2,6,84033203,84090887
GABRA5,15,26866911,26949208
POU4F1,13,78598362,78603552
SYCE1,10,133553901,133569835
KRT32,17,41459513,41467386
DPCD,10,101570560,101609664
TXN2,22,36466895,36482072
DEFB108B,11,71833200,71837710
PPP1R7,2,241149576,241183652
HDAC4,2,239048168,239401661
DHODH,16,72008588,72027664
BLZF1,1,169367970,169396540
IL17D,13,20702127,20723099
PARD6G,18,80157232,80247514
TARP,7,38259643,38273636
ENPP6,4,184088706,184221230
PRKCE,2,45651205,46187990
PLIN5,19,4522531,4535247
STK36,2,218672052,218702717
COX6B1,19,35648230,35658795
CEP44,4,174283295,174333380
PADI4,1,17308195,17364004
CD99,Y,2690988,2741312
KLHL32,6,96924620,97140756
PRKAB2,1,147155106,147173716
SDC2,8,96493410,96611790
STIP1,11,64185272,64204548
SOX6,11,15966449,16739591
ELAVL3,19,11451326,11481051
MEIS1,2,66433452,66573898
ZNF546,19,39984134,40021038
ABI3BP,3,100749155,100993515
DCAKD,17,45023338,45061131
SHOC1,9,111686171,111795008
ERVV-2,19,53044740,53051680
MC2R,18,13882043,13915707
KAT7,17,49788624,49835026
NPRL3,16,83205,138716
CROCC,1,16740273,16972964
UPK2,11,118925164,118958559
RIN2,20,19757606,20003571
REEP2,5,138438988,138446969
CHRNA3,15,78593052,78621295
F2RL2,5,76615482,76623413
NPW,16,2009926,2020755
NELFB,9,137255327,137273542
ZNF383,19,37217926,37248740
MOCS1,6,39899578,39934551
TLCD3A,17,732412,742968
PRKAA2,1,56645314,56715335
FUT8,14,65410592,65744125
C8orf34,8,68330669,68819023
CCL4,17,36103827,36105621
FAM124B,2,224376821,224402107
DVL1,1,1335276,1349945
ALG12,22,49900229,49918458
OTUD6B,8,91070196,91087095
PDE2A,11,72576141,72674591
LAMP3,3,183122200,183163839
HTT,4,3041363,3243957
DNAL4,22,38778508,38794198
NRN1,6,5997999,6008688
NRROS,3,196639694,196662004
MMADHC,2,149569634,149587812
NR1I2,3,119780484,119818487
TIMMDC1,3,119498515,119525090
AP2M1,3,184174689,184184214
YIPF6,X,68498562,68537282
RBBP9,20,18486540,18497234
LYNX1,8,142771197,142777859
GNG14,19,12687998,12688422
SAMD15,14,77376689,77392163
PLAAT1,3,193240620,193277738
MFSD11,17,76735865,76781449
CCAR1,10,68721012,68792377
MPV17,2,27309486,27325680
FBXO25,8,406428,477967
PHACTR3,20,59577495,59847711
SMOC2,6,168440656,168673445
GYPC,2,126655938,126696667
PPIAL4G,1,148482548,148483302
FBH1,10,5890203,5937594
USP17L21,4,9262872,9264464
CCDC32,15,40528683,40565054
TTLL8,22,50018575,50058298
CROT,7,87345664,87399800
YIPF3,6,43511821,43516985
ZNF614,19,52012765,52030240
CHD3,17,7884796,7912760
PRAM1,19,8490056,8502647
NXPH4,12,57216794,57226449
MRO,18,50795120,50825449
OPTC,1,203494121,203508949
IGFN1,1,201190824,201228952
TRPC4AP,20,34995209,35092868
CYB5RL,1,54169651,54200073
KRTAP9-8,17,41237999,41239004
ANO4,12,100717244,101128648
HTN3,4,70028455,70036538
THAP3,1,6624845,6635586
SLC16A13,17,7036015,7040117
ZBTB33,X,120250752,120259741
JMJD1C,10,63167221,63521850
SLC49A4,3,122795069,122881139
CEP164,11,117314557,117413605
PRAMEF26,1,13148905,13158116
CNNM1,10,99329356,99394330
SLC45A3,1,205657851,205680990
XRCC1,19,43543306,43580473
ZC3H10,12,56118256,56127514
GJB2,13,20187463,20192980
TCHP,12,109900264,109983841
KRTAP5-5,11,1629775,1630930
TNFRSF1B,1,12166977,12209228
HOXD9,2,176122719,176124937
ENTPD2,9,137048107,137054061
KLF7,2,207074137,207173856
SNAPC2,19,7920320,7923250
CASP8,2,201233443,201361836
FCMR,1,206903317,206923247
NOA1,4,56962876,56977623
SERPINA12,14,94487274,94517844
NSA2,5,74766991,74780113
NAGPA,16,5024756,5034141
FZD1,7,91264433,91271326
SLC10A3,X,154487306,154490690
CXCL17,19,42428278,42442996
EVPL,17,76004502,76027438
MLXIPL,7,73593194,73624568
RSPRY1,16,57186137,57240479
LINGO2,9,27937617,29213601
MRGPRX3,11,18120955,18138488
HSFX2,X,149592512,149595314
GUF1,4,44678420,44700928
CNBP,3,129167818,129184008
RRBP1,20,17613678,17682295
MYL9,20,36541490,36551447
POLRMT,19,617168,633572
ZNF417,19,57900296,57916610
SLCO1B1,12,21131120,21241074
PYCR1,17,81932378,81942412
CDKL1,14,50326265,50416461
GGCT,7,30496620,30504850
LEFTY2,1,225936598,225941383
SLN,11,107707375,107719696
SLC27A6,5,128538013,129036767
ZPBP2,17,39868202,39877896
HINT2,9,35812960,35815354
GTPBP3,19,17334920,17342735
TNFSF10,3,172505508,172523476
LOX,5,122063195,122078634
CTSW,11,65879809,65883741
GPX6,6,28503296,28528215
DYTN,2,206651621,206721570
KBTBD12,3,127915207,127989100
CPT1A,11,68754620,68844410
TBC1D3,17,38181659,38194017
OR5AC2,3,98087173,98088102
MEST,7,130486171,130506465
GOLGA6L22,15,22458903,22469226
SHB,9,37915898,38069227
LLCFC1,7,142939343,142940868
H3C4,6,26195164,26197286
SLC7A8,14,23125295,23183674
NEUROG1,5,135534282,135535964
ARFGEF1,8,67173511,67343961
KLC2,11,66257294,66267860
MOSPD1,X,134887613,134915470
HOPX,4,56647989,56681877
SYCP2,20,59863564,59933655
FAM131A,3,184335926,184348421
ZNF256,19,57940833,57947706
FPR3,19,51795137,51826324
PARD6B,20,50731382,50756795
SLC25A28,10,99610518,99622793
SLIRP,14,77708045,77761104
ZFAND4,10,45613375,45673047
RPL6,12,112405170,112418844
XRCC4,5,83077498,83353787
C14orf93,14,22985894,23010529
ADPRM,17,10697594,10711558
KRT2,12,52644558,52652211
PAX3,2,222199887,222298998
CDK5RAP3,17,47967810,47981781
ZNF565,19,36181542,36246257
SMIM15,5,61157704,61163142
LIG4,13,108207439,108218368
NGB,14,77265483,77271206
TLCD2,17,1702816,1710377
HMMR,5,163460203,163491945
NCOA4,10,46005085,46030669
ALDH5A1,6,24494798,24537207
ZNF561,19,9604680,9622601
AFP,4,73431138,73456174
GVQW3,11,76381303,76414619
SRPK2,7,105110704,105399308
HK2,2,74834079,74893359
ARAP1,11,72683204,72793599
GPR173,X,53048789,53080615
CAB39L,13,49308629,49444342
ROM1,11,62611722,62615116
PIANP,12,6693791,6700848
HADHB,2,26243170,26290467
ANKRD49,11,94493979,94499583
UBE2K,4,39698109,39782792
RELL1,4,37590800,37686413
OR11A1,6,29425504,29457071
WASF1,6,110099817,110180019
SORBS3,8,22544986,22575788
DRAP1,11,65919274,65921563
SYNGR3,16,1989660,1994275
NMT1,17,44957992,45109016
EPN1,19,55675109,55709858
SLC12A8,3,125082636,125213229
COL4A2,13,110305812,110513209
ZNF679,7,64228474,64266931
TPD52L2,20,63865228,63891545
ICMT,1,6221193,6235972
NMUR1,2,231523187,231530445
SLC44A4,6,31863192,31879198
COL27A1,9,114155537,114312511
DPH5,1,100989623,101026110
CHGB,20,5911394,5925361
RTL4,X,112082965,112458566
TMPRSS6,22,37065005,37110890
FRG2C,3,75664328,75667220
NANS,9,98056674,98083087
LOXL4,10,98247690,98268650
AURKC,19,57231009,57235551
ZNF805,19,57240632,57262728
LGR6,1,202193692,202319781
UBALD2,17,76265348,76271298
INSL6,9,5123880,5185647
SUPT20HL2,X,24308210,24314069
BCAM,19,44809070,44821421
CEACAM3,19,41796587,41811554
SUN1,7,816591,896435
TECTB,10,112283400,112305038
CFHR1,1,196819314,196837159
OR1E3,17,3116427,3117374
SLC13A2,17,28473275,28497782
ONECUT1,15,52755053,52791078
DUOXA2,15,45114325,45118421
MRPL13,8,120380761,120445402
STK33,11,8391864,8594292
GLTPD2,17,4788964,4790589
ARMH2,6,24797335,24798917
HIP1R,12,122834453,122862961
ZNF250,8,144876497,144902217
JUNB,19,12791486,12793315
USP54,10,73497538,73626117
CUX1,7,101815904,102283958
PFKL,21,44300017,44327377
H3C6,6,26224199,26227473
LAMC2,1,183186057,183245127
POLA1,X,24693864,24996986
CD37,19,49335171,49343335
PRKD1,14,29576479,30191898
FANCL,2,58159243,58241410
SERF2,15,43777087,43804427
WTAP,6,159716432,159756319
NFASC,1,204828651,205022822
RFC1,4,39287456,39366395
RAB13,1,153981617,153986377
HRH3,20,62214960,62220303
GLYAT,11,58640426,58731974
CCNE2,8,94879641,94896678
METTL21C,13,102685747,102695044
SENP5,3,196867856,196934718
CEBPE,14,23117036,23120256
ADGRF4,6,47685864,47722021
KANSL2,12,48653211,48682247
CCR3,3,46130890,46266706
ORC4,2,147930396,148021784
TCP10L,21,32497967,32587373
EIF2B1,12,123620406,123633766
ARHGAP30,1,161046946,161069970
SLC43A3,11,57406954,57429035
DZIP1,13,95578202,95644740
SNRNP40,1,31259568,31296788
DNAJC30,7,73680918,73683453
POLR2E,19,1085104,1095389
DCAF12,9,34086384,34127399
KCNK5,6,39188128,39229559
SNRPN,15,24823637,24978723
ATG16L1,2,233210051,233295674
AARD,8,116938207,116944487
FBXW7,4,152320544,152536107
GLI2,2,120735623,120992653
AFMID,17,78187330,78207703
TMEM106B,7,12211042,12243367
SLC35E3,12,68746125,68793964
PRPF19,11,60890547,60906603
ATM,11,108222804,108369102
API5,11,43311955,43344530
ZNF202,11,123723914,123742513
B9D2,19,41354417,41364165
RBMX,X,136848004,136880764
NDC1,1,53765460,53838560
RETSAT,2,85341954,85354655
OR2A42,7,144228244,144239605
NFE2L1,17,48047889,48061545
TRAF3IP3,1,209756032,209782320
ZBTB39,12,56998836,57006546
OR6C3,12,55330043,55332687
NEURL3,2,96497644,96508153
RHOBTB3,5,95713522,95824383
TSPAN32,11,2301990,2318204
TGFBR3L,19,7914803,7919097
ELF5,11,34478791,34525193
C13orf42,13,51082119,51200252
ZNF649,19,51889233,51905049
ERF,19,42247569,42255131
TFEB,6,41683978,41736259
AAMDC,11,77821100,77918432
UBE2J1,6,89326608,89352902
NAALADL2,3,174438573,175810548
HIPK2,7,139561570,139777998
TMEM239,20,2816302,2820284
AVL9,7,32495426,32588726
PITX3,10,102230189,102241512
ACCS,11,44065916,44084241
ZNF444,19,56132599,56160897
RNF146,6,127266582,127288567
NDUFAF5,20,13785007,13821580
CLMN,14,95181940,95319921
PIK3C2A,11,17077730,17207986
OR14A16,1,247814660,247824119
TMEM268,9,114611206,114646422
ERP44,9,99979185,100099052
PCDH1,5,141853090,141879246
ZBTB7C,18,48026672,48410752
FOXL2NB,3,138947217,138953990
ABHD8,19,17292131,17310236
SLC25A19,17,75272012,75289968
MALL,2,110279604,110287507
BMP2,20,6767686,6780251
NUCKS1,1,205712822,205750270
GLB1L,2,219236598,219245478
TMEM191B,22,18527802,18530573
DOCK9,13,98793429,99086625
LRRC57,15,42537820,42548802
DPM2,9,127935090,127937866
CCNB3,X,50202713,50351914
NR3C1,5,143277931,143435512
ECRG4,2,106063246,106078155
ZMYND12,1,42430329,42456253
WRAP73,1,3630767,3652761
OR5K4,3,98353854,98354819
RANGAP1,22,41244779,41286272
FBXL19,16,30923055,30948783
NFATC1,18,79395856,79529325
UGT2B17,4,68537146,68576413
PNMA1,14,73711783,73714384
SHE,1,154469772,154502472
MYT1L,2,1789113,2331664
NTN1,17,9021210,9244000
SHQ1,3,72749277,72861914
ATP6V0A2,12,123712342,123761755
ZNF384,12,6666477,6689572
CCDC28A,6,138773493,138793319
SETD7,4,139492974,139606699
SPEM1,17,7420324,7421632
GDF11,12,55743122,55757264
ANKRD33,12,51888009,51891727
KCNH2,7,150944064,150978394
TSC2,16,2047345,2089491
APPL1,3,57227726,57278127
INTS14,15,65578753,65611615
PMPCA,9,136410630,136427992
CACNB3,12,48813794,48828941
XKR7,20,31968151,32003387
LYPLAL1,1,219173853,219220700
GAREM2,2,26173088,26189663
INPP4A,2,98444246,98594392
OR12D2,6,29395631,29398008
CORO1B,11,67435510,67443821
GMEB1,1,28668280,28719353
FAM204A,10,118297925,118342331
FECH,18,57544377,57586761
C1S,12,6988259,7071281
ZNF232,17,5105269,5123162
HAUS3,4,2227464,2242133
GCFC2,2,75652000,75711184
MUC13,3,124905440,124953819
PRSS22,16,2852728,2858210
NECAB3,20,33657087,33674463
FAM180B,11,47586207,47589195
MSRB2,10,23095579,23122013
EGF,4,109912883,110013766
WNT9A,1,227918656,227947932
C21orf91,21,17788974,17819386
NID2,14,52004809,52069059
HARBI1,11,46601439,46617909
KRTAP11-1,21,30880644,30881580
ZNF157,X,47370578,47414498
SLC35F3,1,233904676,234324511
MYL7,7,44138864,44143179
RPS3A,4,151099565,151104652
CEBPZ,2,37201570,37231601
OR4X1,11,48263861,48264778
DIPK2B,X,45148373,45200963
LY75,2,159803355,159904756
LAMB1,7,107923715,108004434
CCDC87,11,66590176,66593063
GNAL,18,11689264,11885685
C2orf49,2,105337532,105350712
TIFAB,5,135444226,135452351
OR6C6,12,55293988,55296569
KIF4A,X,70290067,70420886
HOXC4,12,54016931,54056030
SLC15A3,11,60937060,60952653
TRMO,9,97894512,97922525
SNAP25,20,10172395,10308258
PKN1,19,14433053,14471872
SENP2,3,185582496,185633551
RHBDL3,17,32265787,32324663
CEP85,1,26233669,26278814
HEPACAM2,7,93188534,93226559
SEPTIN4,17,58520250,58544368
HTR1F,3,87792704,87993839
REPS2,X,16946658,17153272
ELMO3,16,67199111,67204029
GRAPL,17,19127535,19162274
MFN2,1,11980181,12015211
CRELD1,3,9933793,9945413
LZTR1,22,20982223,20999035
PEX2,8,76980258,77001044
PRKAG2,7,151556117,151877507
NUP58,13,25301524,25365390
RAB30,11,82973133,83071923
OSGEPL1,2,189746415,189763230
OR2AG2,11,6765626,6771976
FAM163A,1,179743291,179817055
ZNF16,8,144930358,144950888
ZNF215,11,6926373,7001004
STOX1,10,68827199,68895432
PABPC4,1,39560709,39576868
SUSD4,1,223220819,223365279
ZNF564,19,12525373,12551542
CEPT1,1,111139479,111185507
TMEM132E,17,34579487,34639318
PLEK2,14,67385652,67412176
ACOT7,1,6264268,6393767
ANO2,12,5531869,5946232
SIAH3,13,45777242,45851753
AVPR2,X,153902531,153907166
TBXA2R,19,3594506,3606895
MYO1E,15,59132434,59372871
RTL8A,X,135050932,135052196
MBOAT4,8,30131671,30144665
BMP15,X,50910735,50916641
PEX14,1,10472288,10630758
VASN,16,4371848,4383538
SNX30,9,112750760,112881671
UNC93B1,11,67991100,68004982
LGALS3,14,55121352,55148022
ADCY6,12,48766191,48789906
ADORA2B,17,15945130,15975746
MALT1,18,58671426,58754477
OR2K2,9,111327229,111330224
CHAF1B,21,36385354,36419015
SMAGP,12,51244558,51270415
ALDH1L2,12,105019784,105107643
ZNF771,16,30407143,30431108
MIGA1,1,77779624,77879540
KIF11,10,92574105,92655395
CRTAM,11,122829482,122872643
MGAT4C,12,85955666,86838904
LAMA4,6,112106077,112254939
REST,4,56907876,56966808
TUBA3C,13,19173772,19181824
PISD,22,31618489,31662239
NSDHL,X,152830967,152869729
VSIG1,X,108044970,108079184
TMPRSS7,3,112034736,112081269
HTD2,3,58306262,58320193
RSRP1,1,25242248,25338244
R3HCC1L,10,98134608,98245624
SRSF6,20,43457893,43466046
HIC2,22,21416504,21451463
DSG3,18,31447741,31478702
DICER1,14,95086228,95158010
ABCA10,17,69147214,69244846
NACA2,17,61590421,61591219
RCN3,19,49526534,49546962
UBR5,8,102250608,102412880
ZNF461,19,36636618,36666853
PIF1,15,64815629,64825677
PRELID2,5,145471799,145835369
PYGB,20,25248030,25298014
DDB1,11,61299447,61342596
SIGLEC15,18,45825675,45844094
UHRF1,19,4903080,4962154
SLC41A2,12,104801801,104958759
ZMYM3,X,71239617,71255269
CILP,15,65194760,65211478
COPS7B,2,231781671,231809254
NUSAP1,15,41320794,41381054
TLL1,4,165873237,166104457
RHOV,15,40872214,40874234
GRK5,10,119207543,119459745
DNAJA2,16,46955362,46973704
GLYATL2,11,58834065,58904215
SIL1,5,138946720,139293557
SPARCL1,4,87473329,87531118
C16orf82,16,27066927,27069166
PAIP1,5,43526267,43557758
RHAG,6,49605175,49636839
TNFRSF12A,16,3018445,3022385
SLC39A5,12,56230039,56238214
RNF223,1,1070967,1074306
TBC1D14,4,6909242,7033118
APH1B,15,63276018,63309126
KDM5D,Y,19703865,19744989
ZMAT2,5,140698680,140706686
SEC61B,9,99222064,99230615
ZNF423,16,49487524,49857919
GLUD2,X,121047610,121050094
ARHGEF9,X,63634967,63809274
IL22RA2,6,137143820,137173648
APOBEC3B,22,38982347,38992804
WHRN,9,114402078,114505525
MAGEB5,X,26216169,26218270
ZBED1,Y,2486414,2502862
TRIM9,14,50975261,51096078
NSFL1C,20,1442162,1473842
C6orf141,6,49550666,49561907
OPN1MW3,X,154257582,154271090
SLC25A36,3,140941801,140980995
COX8A,11,63974620,63976543
C1orf52,1,85249953,85259672
CNTN5,11,99020949,100358885
CD276,15,73683966,73714518
ARHGAP26,5,142770377,143229011
LTN1,21,28928144,28992956
PROKR2,20,5299218,5316954
IDUA,4,986997,1008344
PDE4DIP,1,148808140,149048286
CYP7B1,8,64587763,64799145
TIMP2,17,78852977,78925387
GNL2,1,37566815,37595955
TMC3,15,81331088,81374213
FGFR2,10,121478332,121598458
IYD,6,150368892,150405969
ZNF236,18,76822557,76972901
CRYAA,21,43169008,43172810
PDE10A,6,165327287,165988117
CFAP52,17,9576627,9643447
SGO2,2,200510008,200584096
GJA10,6,89894469,89921760
PRLR,5,35048756,35230533
ATP11C,X,139726346,139945276
MMEL1,1,2590639,2633016
RCC1L,7,75027122,75074228
PLAG1,8,56160909,56211333
CLDN10,13,95433604,95579759
KRT28,17,40792196,40799959
SLCO1A2,12,21264600,21419676
MYOZ3,5,150660450,150680022
SH2D6,2,85418714,85437029
C10orf120,10,122697709,122699846
DNAH14,1,224896262,225399292
GGA2,16,23462213,23521995
ZNF684,1,40531573,40548168
CDCA7L,7,21899974,21946219
CEP97,3,101724534,101770562
CMYA5,5,79689777,79800607
MRPL35,2,86199355,86213790
SCYL2,12,100266830,100341728
ZMYND11,10,130088,254638
SELPLG,12,108620413,108633894
DCAF4,14,72926358,72962098
SMIM35,11,118003634,118088299
TCL1B,14,95686397,95692638
RBM3,X,48574056,48581162
PSTPIP1,15,76993325,77037475
MROH2B,5,40998017,41071342
SIAH1,16,48356364,48448402
SHISA4,1,201888679,201892587
SLC22A9,11,63369725,63410881
PIDD1,11,799179,809753
BRWD1,21,39184176,39321559
DENND3,8,141117278,141195808
FBXO8,4,174236658,174283676
MRFAP1,4,6640091,6642729
LIPM,10,88802730,88820546
PTPN18,2,130356027,130375405
NOD1,7,30424527,30478789
RAPGEF5,7,22118236,22357154
SLC4A4,4,71062667,71572087
ANKRD37,4,185396021,185400628
CXorf49,X,71714371,71718285
RCL1,9,4792944,4885917
G6PD,X,154517825,154547584
TPSB2,16,1227272,1233725
WIPF2,17,40218743,40284136
PRSS51,8,10482878,10547624
PSMB4,1,151399556,151401941
MYT1,20,64102222,64242253
RNF225,19,58395656,58397079
TULP1,6,35497874,35512896
COPS8,2,237085882,237100474
TRERF1,6,42224931,42452224
GLT1D1,12,128853427,128984968
C20orf204,20,64034344,64039962
MATN3,2,19992052,20012669
SLC18B1,6,132769370,132813339
ADRB2,5,148826611,148828623
ISLR2,15,74100311,74138540
MED17,11,93784227,93814963
GINM1,6,149566206,149591748
PER3,1,7784291,7845181
BRF1,14,105209277,105315589
ZNF524,19,55599714,55603138
DCAF8L1,X,27977992,27981449
KRT35,17,41476710,41481151
ZNF362,1,33256359,33300719
OR1G1,17,3126610,3127551
PDE4A,19,10416773,10469630
METTL21A,2,207580631,207626256
CBLIF,11,59829273,59845499
GNAI1,7,79768028,80226181
ZNF626,19,20619939,20661596
OR52K2,11,4449295,4450361
TRIM58,1,247857187,247880138
ARRB1,11,75260122,75351791
SLC35D1,1,66999350,67054159
REXO5,16,20806157,20849668
NDUFC2,11,78068297,78081871
RAVER1,19,10316212,10333548
RASA1,5,87267778,87391939
SLC9A9,3,143265222,143848485
LRRTM2,5,138868921,138875368
GATAD1,7,92447482,92460075
CPLX2,5,175796306,175884022
CUZD1,10,122832158,122846175
OPN1MW2,X,154219756,154233286
SYN3,22,32507820,33058381
SEC23IP,10,119892686,119944657
RPS8,1,44775251,44778779
GRIN3A,9,101569352,101738647
POLR2L,11,837356,842561
ZNF268,12,133181409,133214832
CCDC71L,7,106654360,106661158
ABR,17,1003519,1229738
NPIPA7,16,16371207,16393972
NGLY1,3,25718717,25790039
PPIF,10,79347466,79355337
DSCAML1,11,117427772,117817525
GIN1,5,103086000,103120226
KLF15,3,126342635,126357458
RGS2,1,192809039,192812275
F8A3,X,155456914,155458620
MAP3K7,6,90513573,90587093
NUTM1,15,34343315,34357737
ADAMTS20,12,43352771,43552203
VIPAS39,14,77426675,77457952
NEURL2,20,45888625,45891208
TRIM32,9,116687305,116701300
PRDM5,4,120684919,120923089
WDR62,19,36054649,36105108
RANBP2,2,108719437,108785810
TMEM151B,6,44270450,44307506
PHF1,6,33410382,33416453
OR10D3,11,124183345,124188780
CCNI2,5,132747319,132754403
DENND4C,9,19230435,19374281
CT45A2,X,135811668,135820012
KIF15,3,44761721,44873376
TG,8,132866958,133134903
FERMT3,11,64205926,64223896
UBAC1,9,135932403,135961387
CYP4B1,1,46757838,46819413
CTNNBL1,20,37694030,37872129
TGFBR2,3,30606478,30694249
MYO7A,11,77128245,77215241
ZKSCAN3,6,28349911,28369172
SELENOM,22,31104772,31120069
SMAP2,1,40344850,40423326
OTX2,14,56799905,56816693
NAT9,17,74770522,74776384
LYST,1,235661041,235883724
SSX3,X,48346427,48356707
PSMB11,14,23042212,23044060
AP1G1,16,71729000,71809201
LILRA5,19,54307041,54313166
RAB8A,19,16111843,16134234
BOK,2,241551300,241574568
FBXW4,10,101610663,101695295
KCTD2,17,75032575,75065889
TMEM60,7,77793728,77799484
IPO5,13,97953658,98024296
GPNMB,7,23235967,23275108
MXD1,2,69897688,69942945
ITGA11,15,68296532,68432191
SPATA3,2,230990324,231025055
ZNF695,1,246945547,247008093
RUBCNL,13,46334681,46438190
APEH,3,49673981,49683971
RESP18,2,219327407,219335552
GLOD4,17,757097,782341
MSTO1,1,155563235,155616511
DCSTAMP,8,104339087,104356689
RNF44,5,176526700,176538025
HSPG2,1,21822244,21937310
GPR32,19,50770464,50771732
GNB1,1,1785285,1892292
SYCE3,22,50551112,50562919
ITPR3,6,33620365,33696574
KCNJ13,2,232765802,232776565
INTS5,11,62646848,62653302
AKIRIN2,6,87674860,87702255
MYH6,14,23381576,23408945
RBM34,1,235131183,235161293
ZNF577,19,51804816,51890950
LAMB4,7,108023548,108130361
GRIN1,9,137138346,137168756
SPRY3,X,155612298,155782459
MOGAT2,11,75717838,75732963
IL1R2,2,101991824,102029018
LRRC18,10,48909480,48939840
ZC3H12A,1,37474496,37484379
OR51E2,11,4680171,4697854
ZNF554,19,2819868,2836735
CPSF2,14,92121512,92172145
BANK1,4,101411286,102074812
EN1,2,118842171,118847648
SLC37A1,21,42495994,42581440
FAM221B,9,35816391,35828747
CLK3,15,74598500,74645414
NTSR2,2,11658178,11670195
NLGN1,3,173396284,174294372
WDR18,19,984294,998438
PCGF5,10,91162339,91284337
POLD2,7,44114631,44124407
TEX46,1,23010834,23019100
ACRBP,12,6638075,6647433
ADORA3,1,111499429,111503633
EXOSC10,1,11066613,11099898
H4C1,6,26021649,26022847
NPHS1,19,35825372,35869287
RGPD6,2,110513802,110610840
ACO1,9,32384603,32454769
CLCA1,1,86468368,86501400
ARHGEF10L,1,17539368,17697876
NUMB,14,73274146,73466167
INHBE,12,57452323,57459280
ADI1,2,3497366,3519559
TRIM51,11,55883297,55891810
RHOB,2,20447074,20449440
CHRFAM7A,15,30360566,30393858
TOPORS,9,32540544,32552603
ZNF696,8,143289676,143299952
DCAF6,1,167935783,168076223
TP53I11,11,44885903,44951306
GPAA1,8,144082337,144093149
ZIK1,19,57578456,57593890
FNIP1,5,131641714,131797017
TMBIM4,12,66135846,66170027
NUP37,12,102073103,102120120
SLC2A4,17,7281667,7289241
HSF5,17,58420167,58488408
PSG4,19,43192702,43207299
TGOLN2,2,85318027,85328251
GORASP2,2,170928464,170967135
WWTR1,3,149517235,149736714
GCC2,2,108449107,108509415
GCNT2,6,10492223,10629368
ZNF479,7,57117676,57139864
MAGEA6,X,152766136,152769716
HS6ST2,X,132626015,132961395
ANKEF1,20,9986126,10058303
DGKH,13,42040036,42256578
LRATD1,2,14632700,14650814
SECISBP2,9,89318460,89363633
MRPL2,6,43054029,43059449
SH3GL1,19,4360367,4400547
TRAF5,1,211326325,211375036
VPS16,20,2840689,2866800
DUSP15,20,31847637,31870664
DDHD1,14,53036745,53153353
MON2,12,62466799,62600476
TP53TG3F,16,33459612,33462249
RBM22,5,150690792,150701077
HMGCR,5,75336329,75364241
CT47A7,X,120953282,120956600
EFNB2,13,106489745,106535662
RASSF1,3,50329782,50340980
AMD1,6,110874770,110898879
ZXDB,X,57592011,57597477
SH2D4A,8,19313693,19396695
ZNF177,19,9363013,9382617
ZKSCAN2,16,25236001,25257845
NOX4,11,89324353,89498187
ZBTB17,1,15940403,15976132
MAGEA10,X,152133310,152138578
PHOX2B,4,41744082,41748725
DCDC2B,1,32209079,32216196
SHANK2,11,70467805,71252844
DEFB107B,8,7495911,7509311
OR11H7,14,20229402,20230346
MINDY4B,3,150870376,150905439
ASTE1,3,131013066,131027649
CELSR1,22,46360834,46537620
MORC2,22,30925130,30969082
RPL39L,3,187120927,187180972
DSEL,18,67506587,67516723
PRKAR2A,3,48744591,48847874
IFNG,12,68154768,68159740
MMP28,17,35756249,35795707
SPATA31A1,9,39355669,39361962
ASF1A,6,118894152,118909171
ABRA,8,106759483,106770244
STON2,14,81260652,81436517
CLDN17,21,30165565,30166805
KCNN1,19,17947484,18000085
TMEM255A,X,120258650,120311556
RALA,7,39623445,39708124
CYP2U1,4,107931531,107953465
HHIPL2,1,222522258,222548104
SFN,1,26863149,26864456
TDRD9,14,103928456,104052667
EFNA5,5,107376894,107670937
CARNMT1,9,74980790,75028437
CPXM2,10,123706207,123940267
TM2D3,15,101621444,101652391
AVP,20,3082556,3084724
OR2V2,5,181147586,181159285
SLC9A5,16,67237683,67272191
SET,9,128683424,128696400
PAF1,19,39385629,39391154
CYP2A13,19,41088451,41096195
NPY2R,4,155208636,155217078
KRTAP21-3,21,30718525,30718777
FREM3,4,143577302,143700675
LY6G5B,6,31669976,31673776
RHEBL1,12,49064676,49070039
MFHAS1,8,8783354,8893630
FAM117A,17,49710332,49789180
SLC52A2,8,144333957,144361447
FBXO24,7,100583982,100601117
CCDC70,13,51861969,51866232
TBC1D3G,17,36323884,36334759
PCCA,13,100089015,100530437
OR2T8,1,247920252,247923152
DDX11,12,31073282,31104811
BBS4,15,72686186,72742006
PLPP3,1,56494761,56645301
SIT1,9,35649288,35650963
CD96,3,111292719,111665996
SNRPG,2,70281362,70293740
NBPF14,1,148531385,148679742
PIP5K1B,9,68705190,69009191
MYCBPAP,17,50508409,50531501
HLA-DMB,6,32934629,32941054
CSRP2,12,76858703,76879638
GNA12,7,2721822,2870786
RPA1,17,1829702,1900082
PHOSPHO1,17,49223366,49230787
NNT,5,43602660,43707405
CXorf49B,X,71763349,71767204
KRT15,17,41513745,41522529
TVP23B,17,18781111,18806715
KCNT2,1,196225779,196609225
PRDM9,5,23443586,23528093
OR2T11,1,248623557,248635091
DHDH,19,48933699,48944969
CUL5,11,108008898,108107781
TBC1D23,3,100260780,100325251
ZBTB7A,19,4043303,4067636
BRAP,12,111642146,111685991
GJB7,6,87282980,87329278
C12orf71,12,27081057,27082578
NADK,1,1751232,1780544
RCSD1,1,167629660,167708706
RGPD8,2,112368369,112434488
NUMA1,11,72002860,72080693
PXYLP1,3,141228726,141367753
GNAI2,3,50226292,50259362
BPI,20,38260141,38337505
CHRNB3,8,42697366,42737407
MEI4,6,77650274,77927045
USP12,13,27066150,27171885
LNPEP,5,96935394,97037513
C8orf48,8,13566869,13568288
CXCL8,4,73740519,73747379
ZNF367,9,96385941,96418370
TJP3,19,3708356,3750813
ISL2,15,76336773,76342475
B4GALT6,18,31621911,31685836
MPZL2,11,118253416,118264536
ATP2B1,12,89588049,89709527
UGT3A2,5,36031828,36071358
PLAC8,4,83059493,83137075
TRIM48,11,55262155,55271114
ZNF106,15,42412823,42491141
FOXD4L5,9,65282101,65285209
STRC,15,43599563,43618800
ATP5F1E,20,59025475,59032358
YTHDF2,1,28736621,28769784
BCAT2,19,48795061,48811056
TRIM62,1,33145399,33182059
S100A12,1,153373711,153375621
CLDN34,X,9961424,9968352
CCHCR1,6,31142439,31158238
PROX1,1,213982711,214041510
CHCHD7,8,56211686,56218809
DTWD2,5,118836074,118988554
PIGZ,3,196946356,196969060
CCN4,8,133191039,133231690
ARHGAP11A-SCG5,15,32613860,32697095
DEFB112,6,50042099,50049929
TAS2R16,7,122994704,122995700
PPP1R21,2,48440598,48515391
VPS4B,18,63389190,63422483
CCR6,6,167111795,167139141
B3GNT5,3,183249324,183298504
CHEK1,11,125625163,125676255
GDPGP1,15,90233471,90245811
RBCK1,20,407498,432139
ZFP2,5,178895889,178933415
FLACC1,2,201288271,201357398
RNF10,12,120533480,120577588
ZBTB10,8,80485596,80526265
ZNF492,19,22634324,22667671
SPINK4,9,33218365,33248567
SLU7,5,160401641,160421711
RPS10-NUDT3,6,34284887,34426071
SGTA,19,2754711,2783390
ADCY3,2,24819169,24920299
RFFL,17,35005990,35089899
TBP,6,170554302,170572870
DYNC1LI2,16,66720893,66751836
ATG10,5,81971615,82276857
JOSD1,22,38685543,38701556
PA2G4,12,56104349,56116329
GOLGA8A,15,34378935,34437851
RLN3,19,14028148,14031551
CYFIP2,5,157266079,157395595
KRTAP25-1,21,30289145,30289514
EEF1B2,2,206159585,206162932
USP17L19,4,9253378,9254970
UBXN11,1,26281328,26318363
FGF10,5,44300247,44389977
STX2,12,130789600,130839265
RGPD3,2,106391290,106468413
EEF2,19,3976044,3985479
ADGRD1,12,130953055,131142466
LUC7L2,7,139340359,139425496
OR14I1,1,248678138,248702766
PKP2,12,32790745,32896798
TRPM3,9,70529060,71446977
EPHB1,3,134795260,135260467
USP17L13,4,9224896,9226488
VEZF1,17,57971547,57988389
LRSAM1,9,127451469,127503503
GLB1,3,32996609,33097202
MISP3,19,14072108,14075062
C19orf44,19,16496394,16521369
SYDE1,19,15107364,15114988
SLC34A3,9,137230757,137236555
KRTDAP,19,35487324,35495558
HES1,3,194136142,194138732
SIX1,14,60643421,60658259
CETN2,X,152826994,152830782
KRTAP13-2,21,30371390,30372271
COA8,14,103562960,103607523
RBM6,3,49940007,50100045
INO80,15,40978880,41116568
APOBEC1,12,7649400,7665908
EPS8L1,19,55072020,55090124
WBP11,12,14784582,14803500
SCARF2,22,20424584,20437944
DPP3,11,66479990,66510188
UQCC3,11,62670273,62673686
SRY,Y,2786855,2787682
CDKL5,X,18425583,18653629
OR2L2,1,248030070,248042305
ELOB,16,2771414,2777290
SGCA,17,50164214,50175935
ANKRD55,5,56099680,56233330
TMEM240,1,1534778,1540624
PTPRE,10,127906805,128085856
GAN,16,81314944,81390884
CD247,1,167425027,167518640
ZBED6,1,203795623,203854124
ARPP21,3,35638945,35794496
CDPF1,22,46244011,46250311
GJA5,1,147756199,147773362
GALNT12,9,98807613,98851266
TMEM8B,9,35814451,35865518
ADRM1,20,62302066,62308867
MFSD6,2,190408355,190509205
HLF,17,55264960,55325187
CGB8,19,49047638,49049125
CYP17A1,10,102830461,102837501
TMED10,14,75131443,75176652
FKBP1A,20,1368977,1393164
EIF3J,15,44537098,44563029
HYAL4,7,123828955,123877481
KIAA1671,22,24952711,25197448
SESN3,11,95165513,95232541
SLC9A4,2,102473226,102533972
FTL,19,48965275,48967896
DNAH1,3,52316319,52400492
UTP23,8,116766505,116849463
TAPBPL,12,6451690,6466517
IL36G,2,112973203,112985658
OR4C46,11,54603069,54603998
MRPL19,2,75646783,75690851
LENEP,1,154993586,154994315
FUCA2,6,143493961,143511842
PRRT1,6,32148323,32153083
TMEM225B,7,99597868,99611045
FGFBP2,4,15960245,15969309
B4GALNT3,12,459923,563509
DMPK,19,45769709,45782552
AMDHD2,16,2520340,2531422
WNK1,12,752536,911452
RRP1B,21,43659560,43696079
GDI1,X,154436600,154443467
ZNF705D,8,12089338,12115516
MRPS18A,6,43671202,43687800
TMEM127,2,96248500,96266047
ZBTB43,9,126804988,126838210
FCGRT,19,49506806,49526917
INTS13,12,26904250,26938331
SLC6A11,3,10816201,10940714
LPO,17,58218548,58268518
CACFD1,9,133459965,133470848
IL5,5,132541445,132556838
C1QBP,17,5432777,5448830
KCND1,X,48960982,48971866
BTAF1,10,91923770,92031437
SLX4IP,20,10435299,10636829
TMEM145,19,42313309,42325064
CD1C,1,158289923,158294774
SLITRK5,13,87671371,87696272
BAIAP2L1,7,98291648,98401115
DEDD,1,161120973,161133280
VRTN,14,74303069,74360011
EIF2AK4,15,39934115,40035736
SLC6A17,1,110150494,110202202
ARR3,X,70268305,70281840
SMG7,1,183471957,183598246
RHBDD1,2,226835581,226999215
CSMD2,1,33513998,34165842
RUVBL1,3,128064778,128153914
STARD5,15,81309053,81324183
OR52R1,11,4803433,4804380
COBL,7,51016211,51317187
C1QA,1,22635057,22639681
A4GALT,22,42691010,42721298
CBLL2,X,22272913,22274461
CEP135,4,55948819,56033361
DNAAF3,19,55158661,55166722
SLITRK3,3,165186325,165197109
ANO8,19,17323223,17334855
FGD5,3,14810518,14934571
CHAF1A,19,4402617,4445018
H1-3,6,26234212,26234987
RNF121,11,71929018,71997597
SYN1,X,47571901,47619858
ASCL2,11,2268498,2270588
KRTAP4-4,17,41159649,41160748
CLDND1,3,98497912,98523066
SERPING1,11,57597387,57619246
MGMT,10,129466679,129770983
DNMT3L,21,44246339,44262216
PIGY,4,88520998,88523776
AKR1A1,1,45550475,45570051
FGF20,8,16992181,17002345
CEP128,14,80476969,80959517
STS,X,7147237,7804358
HUS1B,6,655939,657100
SPDEF,6,34537796,34556333
TMEM207,3,190428655,190449901
LCA5L,21,39405135,39445805
ACHE,7,100889994,100897022
PXMP2,12,132687587,132705098
CCKAR,4,26481396,26490484
ENTHD1,22,39743044,39893864
TRIM15,6,30163194,30173160
ITGB6,2,160099664,160271888
SRPK3,X,153781001,153785768
USP17L2,8,12136435,12138849
FJX1,11,35618460,35620865
H2AC12,6,27147106,27147562
THAP6,4,75513946,75550473
UGT8,4,114598374,114678588
TMUB1,7,151081082,151083514
PDIK1L,1,26111157,26125555
MMP16,8,88032011,88328025
BBC3,19,47220822,47233019
ARPIN-AP3S2,15,89834308,89912882
FKBP6,7,73328161,73358637
WFDC6,20,45534196,45539482
MAGEB2,X,30215563,30220089
LRRC3,21,44455490,44462196
ZNF550,19,57535257,57559863
NXPE2,11,114678527,114707069
LIN28A,1,26410817,26429728
PCYOX1,2,70257386,70281185
MPHOSPH9,12,123152320,123244014
OR5B2,11,58421238,58428121
PNLIP,10,116545931,116567855
CREB3,9,35732296,35738886
GLYATL1,11,58905398,59043527
BMP8B,1,39757182,39788865
ZNF544,19,58228594,58277495
DOC2A,16,30005507,30023270
HDAC11,3,13479724,13506424
RNASEL,1,182573634,182589272
HHEX,10,92689903,92695647
LPAR6,13,48389567,48444704
CLIP2,7,74289407,74405943
RPS29,14,49570984,49599164
ZBTB48,1,6579994,6589280
MAGED2,X,54807599,54816015
INPP5B,1,37860696,37947077
KRT38,17,41436154,41440983
DAP3,1,155687833,155739014
GOLT1B,12,21501781,21518408
SCRT2,20,661596,675802
OPN1LW,X,154144243,154159032
NUDT6,4,122888697,122922968
MAGEB3,X,30230657,30237495
GUCA2B,1,42153410,42155820
EFL1,15,82130206,82262773
OR4L1,14,20060045,20060983
TIGD2,4,89111533,89114901
UTS2,1,7843083,7853512
GJD2,15,34751032,34754998
PNMA6A,X,153072454,153075019
BDKRB1,14,96256182,96268967
PDCD2L,19,34404399,34426168
FAM136A,2,70295976,70302067
OR56A5,11,5967553,5968494
BRDT,1,91949343,92014426
TCHH,1,152106317,152115444
GRXCR2,5,145858521,145937126
STYXL1,7,75996315,76048809
SERF1A,5,70900669,70918530
C22orf15,22,23762990,23765863
ACAT1,11,108116695,108148957
GPR17,2,127645864,127656181
GOLGA8G,15,28519611,28533014
ACSM1,16,20623233,20698890
BEST1,11,61950063,61965515
OPN1SW,7,128772485,128775794
NKX1-1,4,1402932,1406442
CPLANE1,5,37106228,37249400
NAA50,3,113716458,113746786
PSMA3,14,58244740,58272012
CDCA4,14,105008533,105025018
NRARP,9,137299631,137302271
BLOC1S5,6,8013566,8064414
SLC10A1,14,69775358,69797285
REN,1,204154815,204190324
MUCL1,12,54830518,54896008
NIFK,2,121726945,121736912
KLRB1,12,9594551,9607916
UCP2,11,73974061,73983542
MYH13,17,10300865,10373130
INSL4,9,5231419,5235304
OR8B4,11,124423942,124424871
FAM217A,6,4049434,4087344
LRP1B,2,140231423,142131016
ARPC2,2,218216630,218254356
SMIM21,18,75409476,75427703
CHURC1,14,64914361,64944591
RPEL1,10,103245887,103248016
GOLGA8F,15,28378621,28392021
HTR3A,11,113975075,113990313
ZNF395,8,28345590,28402701
SFMBT2,10,7158624,7411488
CYC1,8,144095039,144097525
OBP2B,9,133205277,133209250
BLOC1S3,19,45178745,45216933
OR10R2,1,158472220,158480936
SETD5,3,9397609,9479240
OSCAR,19,54094668,54102692
PDP1,8,93857788,93926068
TMEM35A,X,101078879,101096367
PEX10,1,2403964,2413797
PITPNA,17,1517718,1562792
GJA8,1,147902795,147909269
DMXL2,15,51447711,51622981
SERPINE1,7,101122158,101139263
ZNF208,19,21932958,22010949
LHFPL4,3,9498361,9553823
HMOX1,22,35380361,35394214
CAPS,19,5912339,5916211
YWHAE,17,1344275,1400255
CLEC10A,17,7074537,7081166
HMGB2,4,173331376,173334456
BRCA2,13,32315086,32400268
OR2L8,1,247948858,247949796
TM4SF1,3,149369022,149377692
CHRNA7,15,31923438,32173018
CITED1,X,72301638,72309652
MFAP3,5,154038959,154220478
ZMAT4,8,40530590,40897833
ZNF211,19,57630395,57644044
ESPN,1,6424776,6461367
NDUFS7,19,1383527,1395590
CCL3,17,36088256,36090169
ZNF774,15,90352284,90369146
SPRYD4,12,56468578,56479708
BTN3A1,6,26402237,26415216
ELOVL5,6,53260285,53349179
PRKCB,16,23835959,24220611
C1orf226,1,162378841,162386812
GPR182,12,56994492,56998889
GPR39,2,132416805,132646582
FADS6,17,74877295,74893781
HOXD10,2,176108790,176119937
ICAM4,19,10286955,10288522
ST13,22,40824535,40856690
WNT9B,17,46833201,46886730
TAS2R43,12,11091287,11092313
KCNE1,21,34446688,34512214
LUZP2,11,24496970,25082638
MAGI1,3,65353525,66038918
HRH1,3,11137093,11263557
MIIP,1,12019466,12032046
ZNF791,19,12610918,12633840
PPIAL4A,1,120889771,120890530
ACTR6,12,100199122,100241865
BCL7B,7,73536355,73557699
ELK1,X,47631621,47650604
KAT6B,10,74824912,75032631
GADD45B,19,2476122,2478805
VAV3,1,107571161,107965180
RIF1,2,151409883,151508013
PIGT,20,45416084,45456934
SH3BP5,3,15254353,15341368
OR5D13,11,55773438,55774382
BTBD17,17,74356416,74361868
DTYMK,2,241675742,241686944
RNF187,1,228487382,228499899
TP53INP1,8,94925972,94949395
CES3,16,66961245,66975149
GGNBP2,17,36544888,36589848
ZNF830,17,34961540,34963777
PHACTR4,1,28369563,28500364
GH2,17,63880215,63881944
CEP70,3,138494339,138594538
RBBP4,1,32651142,32686211
GLS,2,190880821,190965552
ZNF500,16,4748239,4767624
C2orf92,2,97664217,97703066
GRIN2D,19,48393668,48444931
MROH6,8,143566192,143572772
SAP30,4,173369969,173377532
PTCHD3,10,27397121,27414368
APAF1,12,98645149,98735433
DNAJC16,1,15526813,15592379
CDADC1,13,49247917,49293485
TMEM38A,19,16661129,16690023
UNC13B,9,35161829,35405339
P4HA3,11,74235801,74311685
XAGE1B,X,52512077,52520803
KLHL35,11,75422394,75433203
UNC5C,4,95162504,95549206
STAT5B,17,42199176,42288633
GLT6D1,9,135623648,135641216
PTDSS1,8,96261902,96336995
TPST2,22,26521996,26596717
KRCC1,2,88027203,88064252
CHRNA6,8,42752620,42796392
CTNND2,5,10971836,11904446
CCDC141,2,178829757,179051697
LRRC52,1,165544000,165563957
C1QTNF3,5,34017858,34043228
CPEB1,15,82543201,82648861
MOCS2,5,53095679,53113016
ZFP41,8,143246821,143262705
TMEM209,7,130164713,130207770
DOK5,20,54475593,54651171
NBPF8,1,120415035,120469676
HMGXB3,5,150000046,150053142
MLC1,22,50059391,50085969
ARRDC2,19,18001126,18014102
LRCH3,3,197791226,197888436
FBXL20,17,39252663,39402523
NUTF2,16,67846867,67872569
MYEF2,15,48134632,48178353
VARS2,6,30914205,30926484
GRHL3,1,24199558,24364482
CHST13,3,126524155,126543291
FNDC7,1,108712907,108746052
CDK3,17,76000644,76005999
SRRM5,19,43596617,43614498
TMX4,20,7977346,8019813
NOP14,4,2937933,2963406
RBBP7,X,16839283,16870372
OR52N5,11,5776165,5783355
LINC01638,22,27159861,27225134
OR52W1,11,6199224,6200186
CASZ1,1,10636604,10796650
AP1M2,19,10572670,10587315
INHBA,7,41667168,41705834
TPPP,5,659862,693997
H2AB2,X,155380709,155381299
SMYD1,2,88067773,88113384
RASGRP2,11,64726905,64745456
SMG6,17,2059839,2303785
CLGN,4,140387952,140427661
RAPGEF3,12,47734363,47771040
KRTAP24-1,21,30281309,30282950
CARMIL1,6,25279078,25620537
ZBTB11,3,101648889,101677135
CNTFR,9,34551423,34593478
GIMAP1-GIMAP5,7,150716668,150743646
ZNF671,19,57719751,57727624
NUDT12,5,103548855,103562806
CFAP299,4,80335730,80963750
PDHA1,X,19343893,19361718
PARP15,3,122577602,122639047
TMCC2,1,205227912,205285632
ACIN1,14,23058561,23095614
LARGE1,22,33162226,33922885
MAGEB16,X,35798342,35803772
GANC,15,42273201,42353666
GAPT,5,58491435,58497090
PROB1,5,139390592,139395104
TMEM68,8,55696424,55773407
ANKRD34B,5,80556755,80570479
TMEM270,7,73861159,73865890
CAVIN4,9,100578033,100588402
CHODL,21,17901263,18267373
ARHGEF37,5,149551947,149634968
RADX,X,106611930,106679439
SNRNP25,16,53828,57669
PLK3,1,44800346,44805995
DFFA,1,10456522,10472549
C11orf98,11,62662817,62665210
PCLAF,15,64364304,64387687
TAS2R30,12,11132958,11134644
RARS2,6,87513459,87590028
CFAP206,6,87407972,87464645
DDX52,17,37609739,37643446
RETNLB,3,108743424,108757410
DIAPH1,5,141515016,141619055
GPR19,12,12660047,12696705
RASEF,9,82979590,83063255
RERE,1,8352397,8848921
C1orf198,1,230837119,230869589
NUDT21,16,56429133,56452199
ANKRD53,2,70978380,70985499
MARCO,2,118942172,118994664
TKT,3,53224712,53256052
PTPRO,12,15322257,15602175
PTH,11,13492054,13496181
CEP55,10,93496579,93529094
FOXO3,6,108559652,108684774
FGF14,13,101710804,102402457
TNNT2,1,201359002,201379773
TNFRSF10A,8,23190452,23225121
PJVK,2,178451346,178462102
IQSEC2,X,53225828,53321350
MRPL51,12,6491886,6493846
OR4N2,14,19719015,19830253
SNRPD2,19,45687460,45692569
CDKN1C,11,2883213,2885775
ZNF316,7,6637298,6658279
NDUFA7,19,8308768,8321382
KRT78,12,52837804,52849092
ATG2B,14,96279195,96363341
IRAK3,12,66188995,66254622
ZNF618,9,113876052,114056593
PLD1,3,171600404,171810950
CYP3A7,7,99705036,99735196
LRP6,12,12116025,12267185
TMCO2,1,40245947,40251684
SOCS5,2,46698423,46780245
PROKR1,2,68643579,68658251
BBS5,2,169479480,169506655
CNBD2,20,35954564,36030700
NOMO1,16,14833721,14896157
FOLR3,11,72114869,72141085
CXCR1,2,218162841,218166962
NSMCE3,15,29264989,29269822
CCDC166,8,143706694,143708109
KALRN,3,124033369,124726325
MFAP4,17,19383442,19387197
SMG8,17,59209400,59215248
RASSF8,12,25958068,26079892
OTOA,16,21663968,21761935
CNGA2,X,151734746,151745564
GLP2R,17,9822206,9892099
EXD3,9,137306894,137423260
PAX9,14,36657568,36679362
DCP1A,3,53283429,53347683
CCDC68,18,54901504,54959519
KCNT1,9,135702185,135795508
LSM11,5,157743712,157760709
ADAM33,20,3667962,3682246
TMEM119,12,108589851,108598320
MSL1,17,40121971,40136917
SH3GLB2,9,129007036,129028369
MYL2,12,110909996,111052434
LRRC36,16,67326798,67385204
IRX1,5,3595832,3601403
RABL2A,2,113627215,113643407
MFSD2A,1,39955112,39969968
RNF183,9,113297093,113303376
CDKL4,2,39168045,39243983
ZC3H8,2,112211529,112255151
FOXS1,20,31844303,31845604
TRAF3IP2,6,111555381,111606910
RET,10,43077026,43130351
SCO2,22,50523564,50526461
PIK3C3,18,41955207,42087830
PACSIN3,11,47177520,47187487
SCD5,4,82629539,82798796
AXDND1,1,179365720,179554735
ZNF747,16,30530367,30535347
THAP4,2,241584405,241637191
B3GALT5,21,39556442,39673137
GDPD2,X,70423031,70433710
RNPS1,16,2253116,2268397
GALNT4,12,89519412,89524796
CXCL16,17,4733533,4739934
POLL,10,101576051,101588270
DPPA5,6,73353063,73354276
XKR3,22,16783412,16825411
CEBPD,8,47736913,47738164
PIGW,17,36534987,36539310
FBLN1,22,45502238,45601981
TAPT1,4,16160505,16227410
PYGO1,15,55538884,55588947
TSSK2,22,19131308,19132622
GRIPAP1,X,48973719,49002265
DENND6B,22,50309030,50327521
SMIM31,4,164754064,164803795
MTMR14,3,9649433,9702393
CDHR5,11,616405,626078
SLC24A5,15,48120990,48142672
NOL4,18,33851100,34224952
ABTB1,3,127672906,127680926
LGALS1,22,37675636,37679805
PLEKHA5,12,19129524,19376403
RAB3GAP2,1,220148293,220272529
FAM167A,8,11421463,11475908
ASNSD1,2,189661385,189670831
XDH,2,31334320,31414747
POLG2,17,64477781,64497071
NINJ1,9,93121496,93134310
FRS2,12,69470349,69579793
OARD1,6,41033627,41097787
RGL4,22,23688136,23699176
ADRA1D,20,4220630,4249287
ZNF662,3,42905941,42919334
SLAMF6,1,160485030,160523273
CASC3,17,40140278,40177001
POMGNT2,3,43079229,43106085
COG4,16,70480568,70523560
P2RY4,X,70258166,70260204
TMEM222,1,27322139,27336401
EQTN,9,27284654,27297150
ANGEL1,14,76781733,76826246
THSD7B,2,136765545,137677718
NPAP1L,16,60358455,60359480
RPGR,X,38269163,38327544
PCDHGA6,5,141373891,141512975
ALOXE3,17,8095900,8119047
REG3G,2,79025686,79028505
LRRC28,15,99250937,99390729
PPHLN1,12,42238418,42459715
MFAP5,12,8637346,8672519
CYP3A5,7,99648194,99679997
PARP12,7,140023746,140063344
TSKS,19,49739753,49763306
KRT40,17,40977715,40987135
DAXX,6,33318558,33323259
FUT11,10,73772276,73780251
SCYL1,11,65525072,65538711
SERPINB5,18,63476945,63505085
HINT3,6,125956733,125980244
DIDO1,20,62877738,62937952
ADGRD2,9,124450451,124478589
EGR1,5,138465479,138469303
FAM20C,7,192034,260772
GYPE,4,143870864,143905563
DEFB4A,8,7894677,7896716
MAML3,4,139716753,140154212
MSLN,16,760734,768866
ANKS3,16,4696510,4734378
IRGC,19,43716076,43720021
HEPHL1,11,94021354,94114208
VAMP4,1,171700160,171743206
DPH1,17,2030137,2043898
PREPL,2,44316281,44361862
YPEL1,22,21697536,21735794
ZNF714,19,21077069,21125270
CD81,11,2376166,2397802
IFT122,3,129429607,129520510
RFX6,6,116877212,116932161
IFI27,14,94104836,94116700
RER1,1,2390670,2405444
CLDN18,3,137998735,138033655
NBL1,1,19596979,19658456
APBA1,9,69427532,69672371
SDCBP,8,58552924,58583800
LIPN,10,88759982,88779626
KRTAP10-5,21,44579455,44580604
ZNF680,7,64519878,64563078
ARHGAP9,12,57472262,57488824
GLMP,1,156290089,156295689
WIPF3,7,29806486,29917061
RRP8,11,6595072,6603616
IL32,16,3064301,3082192
ZNF888,19,52904415,52923496
CLNS1A,11,77514936,77637809
WNT8A,5,138083990,138092365
ARL2,11,65014144,65024328
TPD52L3,9,6328375,6331891
ZSCAN18,19,58083834,58118427
DNASE2,19,12875209,12881595
FCRL4,1,157573747,157598085
PSMC6,14,52707156,52728590
OLFML1,11,7485362,7512897
COL6A1,21,45981755,46005050
UTRN,6,144285335,144853034
VIPR1,3,42489299,42537688
CAB39,2,230712822,230821076
CHST11,12,104455295,104762014
CBX1,17,48070052,48101485
MRPL17,11,6680385,6683401
GTF3A,13,27424619,27435823
ACTRT3,3,169765610,169769665
UBE2V2,8,48008410,48064708
ANKLE2,12,132725503,132761832
ADAM2,8,39743735,39838227
ZNF675,19,23525631,23687220
CSHL1,17,63909597,63911341
RAB11FIP4,17,31391675,31538211
QRICH1,3,49029707,49094545
SCYL3,1,169846981,169894267
TRIML1,4,188139441,188147743
HOXD11,2,176104216,176109754
ST6GALNAC2,17,76565377,76586956
DRD1,5,175440027,175444794
OGFOD2,12,122974580,122980043
PITX2,4,110617423,110642123
CYSLTR1,X,78271468,78327691
DTNBP1,6,15522807,15663058
VARS1,6,31777518,31795950
TCF3,19,1609291,1652911
PLCXD1,Y,276322,303358
OR8J3,11,56134721,56140201
SHLD2,10,87094006,87191478
UQCR11,19,1597154,1605500
BCL2L15,1,113876816,113887581
ZNRD2,11,65570459,65573942
OPRPN,4,70397931,70410195
OR52H1,11,5544489,5548540
C11orf42,11,6205557,6211135
SMS,X,21940709,21994837
TIMM21,18,74148512,74160531
ZNF404,19,43872365,43901809
STMND1,6,17102050,17131378
SF3A1,22,30331988,30356919
AIDA,1,222668013,222713210
GCNT1,9,76419850,76651203
TMED3,15,79311109,79427432
NCOR2,12,124324407,124567623
EIF1AX,X,20124525,20141982
CD2BP2,16,30350767,30355308
DNAJC9,10,73183362,73247280
SLITRK2,X,145817819,145829856
GPRIN2,10,46541736,46557569
SLC22A12,11,64590641,64602353
C1QTNF9,13,24307166,24322535
GAGE12B,X,49529869,49529985
SMIM29,6,34246381,34249108
ARHGEF33,2,38889875,38975454
RHCE,1,25362249,25430192
CD47,3,108043091,108091862
OGN,9,92383268,92406734
GANAB,11,62624824,62646726
STMN3,20,63639705,63657682
PXDNL,8,51319577,51809462
GAA,17,80101533,80119881
KCTD18,2,200488956,200519784
SLC6A20,3,45755449,45796591
CD55,1,207321514,207386804
WRN,8,31033779,31176138
DUXB,16,75693893,75701461
ARHGEF39,9,35658875,35675866
TASP1,20,13388891,13638946
LMNTD2,11,554850,560738
HMG20A,15,77419830,77485955
WDR26,1,224385146,224437033
LYN,8,55879825,56014169
PLA2G4B,15,41837775,41848147
BLNK,10,96189171,96272658
PRPF3,1,150321479,150353233
SAP18,13,21140119,21149097
NPBWR2,20,64103802,64107565
MIA3,1,222618090,222668007
MCAM,11,119307972,119321521
ZNF76,6,35258909,35295985
FBXO3,11,33740939,33774543
KCNJ5,11,128890453,128921163
RPL11,1,23691685,23696835
SLC12A5,20,46021690,46060150
SRP9,1,225777699,225790670
UGT1A6,2,233691607,233773300
WASHC2C,10,45727193,45792964
CEACAM18,19,51478539,51491301
CLASP2,3,33496187,33718414
SCARF1,17,1633851,1645753
FOXP1,3,70954693,71584009
CCL13,17,34356480,34358610
ARHGAP31,3,119294352,119420714
GDF9,5,132861181,132866884
C2orf69,2,199911293,199955935
CASP14,19,15049480,15058293
MIEN1,17,39728496,39730555
APOBEC2,6,41053201,41064891
H2AP,X,37990779,37991314
ARHGAP17,16,24919389,25015666
CYP4A22,1,47137419,47149742
FASTKD3,5,7859159,7869055
SIGLEC14,19,51639478,51646825
SPOUT1,9,128819651,128829815
OGA,10,101784443,101818620
SPZ1,5,80319625,80321842
DTX1,12,113056710,113098028
ZNF3,7,100064033,100082703
KLF13,15,31326706,31435665
OR10X1,1,158578919,158579899
EMC8,16,85771758,85799625
RBFOX1,16,5239802,7713340
SSC4D,7,76389017,76409744
MORF4L1,15,78810487,78903078
SLC6A15,12,84859491,84913629
LAMTOR5,1,110401249,110407942
ARID1B,6,156776020,157210779
USP18,22,18148399,18177397
GIGYF2,2,232697259,232860605
OXTR,3,8750381,8769628
SLC17A9,20,62952668,62969585
GJC2,1,228149930,228159826
PNPLA5,22,43878568,43892494
CSF3R,1,36465669,36483322
TSPAN15,10,69451150,69507676
OR56A3,11,5938751,5951347
TNS1,2,217799588,218033982
CPEB2,4,15002481,15070153
ZNF599,19,34758073,34773229
LRP11,6,149818757,149864424
NECAB2,16,83968244,84002776
TTLL7,1,83865024,83999164
PTPN2,18,12785478,12929643
ZBTB9,6,33453970,33457544
ZNF18,17,11977439,11997475
FAM43A,3,194685883,194689037
JOSD2,19,50505995,50514675
LTV1,6,143843326,143863812
FRAT1,10,97319271,97321915
GNAT2,1,109601407,109619929
PSMA5,1,109399042,109426471
S1PR2,19,10221433,10231331
LMBRD2,5,36098407,36151921
TIMM13,19,2425625,2427588
ZDHHC20,13,21348784,21459467
SIGLEC7,19,51142288,51153658
IRAK4,12,43758944,43798307
HSPA4L,4,127781821,127840733
RRAGC,1,38838198,38859772
OR10G3,14,21568520,21580076
FEN1,11,61792725,61797238
NAA15,4,139301446,139420033
EEF2KMT,16,5084284,5097909
MARCKS,6,113857345,113863475
MAGEA2B,X,152714580,152718612
KRTAP22-1,21,30601087,30601382
ETV3,1,157121191,157138474
IL18,11,112143251,112164106
VMP1,17,59707192,59842255
SNAP23,15,42491233,42545356
ARVCF,22,19969892,20016823
H2AC21,1,149887469,149887965
TBATA,10,70771238,70785401
CKS1B,1,154974641,154979251
CXCR5,11,118883892,118897787
ID3,1,23557917,23559883
KCNJ11,11,17365172,17389353
TRIOBP,22,37697048,37776556
HSFY1,Y,18546691,18588963
ACADVL,17,7217125,7225269
ACE,17,63477058,63498380
IFT81,12,110124335,110218795
FYCO1,3,45917903,45995838
BTNL2,6,32393339,32407181
OR2J3,6,29108058,29114770
ATP5PD,17,75038855,75047718
CBX4,17,79833156,79839469
MTMR10,15,30938941,30991904
H2BC5,6,26158122,26171349
PHGR1,15,40351033,40356434
IRF5,7,128933429,128950038
TPM3,1,154155308,154194648
SMAD7,18,48919853,48952020
CNIH2,11,66278175,66285301
CCR8,3,39329709,39336269
ITPRID1,7,31514090,31656504
MACC1,7,20134655,20217457
TNK1,17,7380534,7389774
MC4R,18,60371062,60372775
TMEM163,2,134455759,134719100
EGR2,10,62811996,62819167
FAM156B,X,52891306,52908560
EXOC3L1,16,67184314,67190242
PRC1,15,90966038,90995629
GTF2H3,12,123633739,123662604
ZNF563,19,12317477,12333720
OPLAH,8,144051265,144064091
PCYOX1L,5,149358002,149369653
COX5A,15,74919791,74939351
SLC9A6,X,135973841,136047269
HIBADH,7,27525440,27662988
FAM193A,4,2536646,2732573
PPP4R3A,14,91457139,91510556
EGFL8,6,32163918,32168453
IGFL4,19,46039182,46077118
TAFA3,1,112718905,112727235
MYF5,12,80716912,80719671
HSPB7,1,16014028,16020597
PSMC5,17,63827152,63832244
MTMR6,13,25245495,25287521
PBOV1,6,138215986,138218491
SETSIP,1,92074533,92075411
RBFOX3,17,79089345,79611258
PAGE5,X,55220346,55224108
ARPC3,12,110434582,110450422
GON7,14,93202890,93207068
RALGAPA2,20,20389530,20712644
LRATD2,8,126552443,126558478
RELT,11,73376325,73397474
RWDD1,6,116571409,116597675
ERI3,1,44221070,44355267
CENPW,6,126340115,126348875
LMTK2,7,98106860,98209638
NANP,20,25612935,25624014
THG1L,5,157731412,157741449
SRPK1,6,35832966,35921342
SIGLECL1,19,51246348,51269330
HNRNPM,19,8444767,8489114
USP38,4,143184917,143225212
GPHN,14,66507407,67181803
FAM151A,1,54609178,54623556
CRLF3,17,30769388,30824692
PPIH,1,42658185,42676758
RSRC1,3,158105675,158545734
TMEM247,2,46479565,46484425
ANKRD46,8,100509752,100559784
DKC1,X,154762742,154777697
CSKMT,11,62665309,62668496
ZNF616,19,52113073,52139965
UQCRH,1,46300900,46316796
SI,3,164978898,165078496
CELF5,19,3224650,3297076
SAA2,11,18239223,18248668
ITPRIP,10,104309698,104338812
STXBP3,1,108746634,108809525
FOXK2,17,82519689,82644662
RCOR1,14,102592649,102730576
GGPS1,1,235327350,235344532
HCN1,5,45254948,45696498
NIPA1,15,22773063,22829789
DMBT1,10,122560643,122643740
TMBIM1,2,218274194,218292586
GAGE12G,X,49570400,49577754
MRPL52,14,22829875,22835037
PTPRN2,7,157539056,158587823
MYL12B,18,3261479,3278461
OR10A7,12,55221025,55221975
SNX27,1,151612006,151699091
SHOC2,10,110917932,111017307
MGAT4A,2,98619106,98732639
ATP6V0A1,17,42458844,42522582
DPF1,19,38211006,38229714
ATP10B,5,160563120,160852214
WNT3,17,46762506,46833154
TTC28,22,27978014,28679840
TAF13,1,109062496,109076012
ZFP62,5,180847611,180861285
RPGRIP1,14,21280083,21351301
STRADB,2,201387858,201480850
ANKRD23,2,96824526,96857934
SASH1,6,148272304,148552044
H4C3,6,26103933,26104337
GGTLC3,22,18516338,18518161
PHKA2,X,18892298,18984988
UPF1,19,18831905,18868232
PHLDA3,1,201464278,201469237
ITIH1,3,52777567,52792068
FOXRED2,22,36487190,36507221
ZNF98,19,22391019,22532485
MARVELD1,10,97713173,97718150
ELMOD2,4,140524164,140553775
RPP25L,9,34610486,34612605
KMT2D,12,49018975,49060794
BRMS1,11,66337333,66345132
NDUFA4L2,12,57234903,57240715
C4BPA,1,207102319,207145047
UGCG,9,111896814,111935374
MRI1,19,13764522,13774282
CDSN,6,31115087,31120446
SPRYD3,12,53064316,53079414
LIN7C,11,27494418,27506769
TTC12,11,113314579,113383544
GRIN2A,16,9753404,10183337
CDK2AP2,11,67506490,67508701
KCTD7,7,66628881,66649067
FN3KRP,17,82716706,82730328
STARD7,2,96184859,96208849
RRP36,6,43021593,43034156
PABPC3,13,25096136,25099254
OR8A1,11,124566660,124582942
SIRT7,17,81911939,81921323
METTL14,4,118685387,118715433
IKZF3,17,39757715,39864312
FMOD,1,203340623,203351758
CCDC71,3,49161063,49166331
ICAM5,19,10289952,10296778
ZNF132,19,58432814,58440153
ISY1-RAB43,3,129087575,129161036
SUMF1,3,3700814,4467273
PPP1CC,12,110719680,110742939
IL9,5,135892246,135895841
HTR7,10,90740823,90858039
GABRR1,6,89177504,89231278
PIP,7,143132077,143139739
SMTN,22,31064105,31104757
MDFI,6,41636840,41654246
PM20D1,1,205828025,205850132
BCAS4,20,50794894,50877178
GJA3,13,20138252,20161615
RIMS3,1,40620679,40665690
NOP2,12,6556863,6568691
AP3S1,5,115841422,115914086
RECQL,12,21468910,21501669
MFAP1,15,43804492,43824733
NCMAP,1,24556076,24609328
GNE,9,36214441,36277042
PRR20G,3,127283783,127288046
STARD10,11,72753216,72794047
TSNAX,1,231528541,231566524
CSAG1,X,152727484,152733736
ALG3,3,184242301,184249548
ENTPD5,14,73958010,74019399
ATP6AP1,X,154428618,154436517
RAB35,12,120095094,120117502
GZMH,14,24606480,24609821
SIGLEC11,19,49948971,49961172
IRX5,16,54930865,54934485
TAX1BP3,17,3662895,3668679
BCAS3,17,60677453,61392838
PLVAP,19,17351450,17377356
SCNM1,1,151156664,151170296
AGR3,7,16859412,16881987
OR8K5,11,56159394,56160317
POLDIP3,22,42583717,42614962
ATP1A4,1,160151586,160186980
LRCH4,7,100574011,100586161
PHF12,17,28905250,28951771
TAS2R13,12,10907926,10909562
PTK6,20,63528001,63537376
GPR142,17,74367458,74372600
NHLRC4,16,567005,569495
TCEA2,20,64049836,64072352
PPEF1,X,18675909,18827921
PEMT,17,17505561,17591718
GSR,8,30678064,30727975
HDHD5,22,17137510,17165287
ARMS2,10,122454653,122457352
HR,8,22114419,22133384
ATP5MG,11,118401346,118433278
PROSER2,10,11823339,11872277
SURF4,9,133361450,133376166
APOA2,1,161222290,161224305
VSIG10,12,118063593,118136026
FERMT2,14,52857267,52952435
PCID2,13,113177536,113208715
LMO1,11,8224309,8268752
KIRREL2,19,35851369,35867145
KCNIP1,5,170353487,170736632
INTS7,1,211940399,212035557
IL18BP,11,71998613,72007315
SMYD4,17,1779485,1830634
MED25,19,49818277,49840383
TRA2B,3,185914558,185938103
RMND5B,5,178129068,178152240
CACUL1,10,118674167,118755249
PRELID1,5,177303790,177306949
TRIQK,8,92883530,93017786
N4BP3,5,178113167,178127034
CACNA1F,X,49205063,49233371
CRY1,12,106991364,107093855
MYZAP,15,57591900,57685364
ZYX,7,143381295,143391111
ZZZ3,1,77562416,77683422
ZNF764,16,30553764,30558374
CYYR1,21,26466209,26573286
CD2AP,6,47477752,47627263
MKNK2,19,2037465,2061220
LILRB4,19,54643889,54670359
SV2B,15,91099869,91302565
STEAP2,7,90167590,90238137
TBXT,6,166157656,166168815
LIMS3,2,109898428,109925625
MMP11,22,23768226,23784322
DUSP22,6,291630,351355
INSL3,19,17816512,17821574
CHN1,2,174798809,175005381
REEP1,2,86213993,86338083
CELSR2,1,109249539,109275751
HCN2,19,589881,617159
FAM219B,15,74899992,74907331
COPG1,3,129249576,129278065
DNAH6,2,84516455,84819589
PRODH,22,18912774,18936553
TRUB1,10,114938195,114977676
BTBD18,11,57743514,57753148
PPP1R36,14,64549918,64589384
CXCR2,2,218125289,218137251
MTG1,10,133394094,133422520
ESR1,6,151651284,152129619
UNC50,2,98608434,98618515
PITHD1,1,23778393,23788232
C9orf72,9,27535640,27573895
CXADR,21,17512971,17593579
SULT1E1,4,69838259,69861075
PCARE,2,29060976,29074523
C20orf173,20,35523186,35529652
AP2A2,11,924881,1012245
PIK3R3,1,46040140,46133338
VAMP8,2,85561562,85582031
PLGLB1,2,86996231,87021852
GPR84,12,54362445,54364487
PNMA8A,19,46466491,46471563
SEC61A2,10,12129637,12169961
NABP2,12,56222000,56229859
PTPA,9,129110550,129148946
PLCD3,17,45108959,45133354
KIF1B,1,10210533,10381606
OR4C45,11,50032874,50033794
POLR2J,7,102473128,102478929
WNK4,17,42780610,42797066
PPP1R15B,1,204396492,204411887
TENT5A,6,81491439,81752774
CD300LG,17,43847114,43863639
HAAO,2,42765709,42792941
OR2T4,1,248361665,248362627
LTB4R2,14,24305734,24312053
GPBAR1,2,218259496,218263861
GRID2,4,92303966,93810157
ALG6,1,63367575,63438553
NOL6,9,33461353,33473930
TMEM37,2,119429901,119438504
NFIC,19,3314403,3469217
GIT2,12,109929792,109996389
CAPN11,6,44158811,44184401
TMEM97,17,28319200,28328685
CLTCL1,22,19179320,19291774
CTNNA3,10,65912457,67763637
THSD1,13,52377163,52416373
NECAP1,12,8076939,8097881
GALK2,15,49155656,49367869
GAPDH,12,6534012,6538930
COLEC11,2,3592791,3644649
CMTR2,16,71281389,71289715
CFLAR,2,201116154,201176687
PEX19,1,160276807,160286348
PNMA6E,X,153395639,153401392
RFX4,12,106582691,106762803
SPDYE1,7,43997897,44010124
PGAP1,2,196833004,196927796
UPK3BL2,7,102537919,102543696
HCRT,17,42184060,42185452
KAT8,16,31114489,31131393
ADAMTS9,3,64515654,64688000
ACP5,19,11574653,11579993
C1orf141,1,67092165,67231853
CLDN20,6,155264013,155276548
OLIG2,21,33025327,33029196
FGF23,12,4368227,4379712
ZNF787,19,56087366,56121295
WFIKKN1,16,629239,634117
RABGAP1,9,122940833,123104869
USP17L26,4,9334658,9336250
KDM5B,1,202724495,202808487
HDAC2,6,113933028,114011308
PPIL3,2,200870907,200889353
VGF,7,101162509,101167227
NUCB1,19,48900050,48923473
SNW1,14,77717599,77761207
ERVMER34-1,4,52722618,52751897
CIT,12,119685791,119877332
FOXJ3,1,42176535,42335913
COG6,13,39655627,39791666
NAV2,11,19350724,20121601
KRTAP6-3,21,30592440,30593055
ZNF519,18,14057457,14132490
ARSD,X,2903972,2929405
PFKFB3,10,6144928,6254644
SLC12A7,5,1050384,1155916
OR10W1,11,58266792,58268260
HTATSF1,X,136496932,136513181
NXT1,20,23350767,23354771
ALOX5AP,13,30713478,30765072
ZNF280C,X,130202707,130268899
TICAM1,19,4815932,4831712
TEDC2,16,2460086,2464963
LAMA1,18,6941742,7117859
FGL2,7,77193369,77199848
MCMDC2,8,66870749,66922048
NEO1,15,73051645,73305205
AARSD1,17,42950431,42964498
LDHA,11,18394347,18408425
PDLIM4,5,132257644,132273454
LIPT2,11,74490519,74493724
CHST8,19,33621942,33773509
GABRB2,5,161288429,161549044
RSL1D1,16,11833850,11851586
GPX8,5,55160167,55167297
REEP5,5,112876385,112922328
MYH11,16,15703135,15858438
DNAJC5G,2,27275433,27281499
AGAP5,10,73674287,73698109
ZKSCAN5,7,99500398,99535360
ZNF568,19,36916316,37005037
IGF2BP3,7,23310209,23470491
RAB38,11,88113251,88175443
H4C8,6,26277609,26285638
NES,1,156668763,156677407
KHSRP,19,6413102,6424811
CELF1,11,47465933,47565569
ATXN3L,X,13318647,13320053
HBB,11,5225464,5229395
ESF1,20,13714322,13785409
PSMD8,19,38374563,38383850
TBX3,12,114670255,114684175
OPRK1,8,53225724,53251637
ERBIN,5,65883128,66082546
PLXDC1,17,39063313,39154394
SRSF4,1,29147743,29181922
DDX55,12,123602077,123620943
SH2B1,16,28846600,28874212
ZNF385A,12,54369129,54391307
C19orf47,19,40319536,40348527
VWF,12,5948877,6124770
OLFM1,9,135075422,135121180
SPAG6,10,22345445,22454224
OR4D10,11,59473315,59479361
ZFHX4,8,76681239,76867281
SBK2,19,55528609,55537143
GTF2H5,6,158168338,158199344
TNRC18,7,5306790,5425414
MPP3,17,43800799,43833170
APOC3,11,116827019,116833343
NPIPB9,16,28751787,28772864
TMEM244,6,129827945,129861547
GSTM4,1,109656099,109665496
ZNF665,19,53159213,53193386
THAP8,19,36034984,36054739
RPS4Y2,Y,20756108,20781032
SLC3A2,11,62855970,62888910
VIRMA,8,94487689,94553529
VSTM4,10,49014236,49115522
COL5A1,9,134641803,134844843
ZNF583,19,56397966,56436035
ZFP36L1,14,68787655,68796253
C9,5,39283982,39371324
ATOH8,2,85751344,85791383
MPP4,2,201644870,201698694
CDCA2,8,25459199,25507911
RARRES1,3,158696892,158732798
SLAMF7,1,160739057,160754821
ACAT2,6,159761981,159779821
RNASE4,14,20682598,20701216
APLN,X,129645259,129654959
SLC25A46,5,110738136,110765161
PROCR,20,35171850,35216240
BRD4,19,15235519,15332545
RPRD1A,18,35984387,36067576
NFKB1,4,102500937,102617302
FAM156A,X,52926402,52995564
ZBTB20,3,114314500,115147356
WNT10A,2,218880852,218899581
DUSP8,11,1554051,1573076
TNMD,X,100584936,100599885
NHSL1,6,138422043,138693253
TP53TG3B,16,33360841,33363478
SLIT2,4,20251903,20620561
ATP2C2,16,84368476,84465779
PRDX1,1,45510914,45542816
FAM76A,1,27725961,27763116
NCK1,3,136862177,136951606
OR9K2,12,55126406,55132750
RHEB,7,151466012,151520120
CBX3,7,26201162,26213607
DDO,6,110391771,110415862
PYY,17,43952733,44004469
LTBP1,2,32946472,33399509
CPB1,3,148791102,148860187
MTA3,2,42494569,42756947
LINC02210-CRHR1,17,45620344,45835826
SLC25A30,13,45393316,45418455
TAF5L,1,229593111,229626122
KDM6B,17,7834193,7854796
SYNC,1,32679906,32703596
TAPBP,6,33299694,33314284
NOMO2,16,18417325,18562211
DDX43,6,73394828,73417566
E2F5,8,85177154,85217158
SMIM41,12,52079704,52108255
EMP3,19,48321310,48330560
FGD3,9,92947486,93036238
ZFAND6,15,80058894,80140292
POLR2D,2,127843553,127858155
GP5,3,194394821,194399266
MTFMT,15,65001512,65029643
CEP152,15,48712928,48811146
HAS1,19,51713112,51723991
DNAH2,17,7717744,7833742
UNC45A,15,90930180,90954093
LHX5,12,113462033,113472280
CHCHD6,3,126704214,126960420
LDLRAD4,18,13216173,13652755
FAM168B,2,131047876,131093487
IL12RB1,19,18058995,18098944
IL11,19,55364382,55370463
MTERF3,8,96238169,96261618
MADD,11,47269161,47330038
ZC3HAV1,7,139043515,139132122
LCP1,13,46125920,46211871
TLCD4-RWDD3,1,95117923,95247225
GPR148,2,130729070,130730336
AGA,4,177430774,177442444
FBXO17,19,38941401,38976773
TGFBR1,9,99104038,99154192
SHROOM3,4,76435229,76783253
TAF6L,11,62771307,62787342
NYAP2,2,225399710,225729887
SMCO3,12,14804650,14814182
NPIPA1,16,14922802,14952060
TMEM69,1,45688149,45694443
UBA2,19,34428352,34471251
FRZB,2,182833275,182866638
ANKRD7,7,118214669,118496171
PADI1,1,17205128,17246007
TDRD7,9,97412069,97496125
PTH2R,2,208359714,208854503
TRMT2B,X,101009346,101052135
AKR1B1,7,134442349,134459284
PLAU,10,73909177,73917501
SAE1,19,47113274,47210636
TMEM243,7,87196158,87220597
AGRP,16,67482571,67483548
CYP3A43,7,99827922,99867305
B3GALT1,2,167293001,167874045
TFDP3,X,133216662,133218354
USP48,1,21678298,21783606
NT5C3A,7,33014113,33062824
PIGK,1,77088987,77219508
ASAP3,1,23428561,23484637
C1QL4,12,49332409,49337188
SREBF2,22,41833099,41907308
OR2B3,6,29086208,29087313
XKR4,8,55102028,55542054
ZNF487,10,43436830,43483181
XPO4,13,20777329,20903048
ANKRD62,18,12093843,12129764
MRPL48,11,73787872,73865133
POU6F2,7,38977909,39493095
IGDCC3,15,65327127,65378078
RHOF,12,121777754,121803403
UBTD2,5,172209645,172284077
BARX2,11,129375848,129452279
OR6C4,12,55549602,55555832
NQO1,16,69706996,69726668
CORO2A,9,98120975,98193206
PDK2,17,50094737,50112152
ZNF57,19,2900914,2919102
CACNG7,19,53909278,53943950
SUN5,20,32983773,33004433
GPR101,X,137023929,137033995
SBK3,19,55539018,55550284
SNAPIN,1,153658696,153663930
HROB,17,44141903,44162481
SLC1A2,11,35251205,35420063
SCGB2B2,19,34590644,34677159
MAN2A1,5,109689375,109869625
SLC51B,15,65045387,65053397
MUC19,12,40393395,40570832
PERP,6,138088505,138107419
ANAPC5,12,121308245,121399896
FES,15,90883695,90896213
PKLR,1,155289293,155301438
DEGS2,14,100143957,100159645
VKORC1,16,31090842,31095980
SYCP1,1,114854863,114995370
WAS,X,48676593,48691431
ADCY8,8,130780300,131041587
MAP6,11,75586916,75669038
RAPGEF1,9,131576758,131740117
KLRG1,12,8950044,9010760
AKR1C4,10,5195462,5220608
PLCB1,20,8077251,8968360
C21orf58,21,46300181,46324460
NOM1,7,156949712,156973176
HEYL,1,39623435,39639643
CRIP2,14,105472962,105480162
XXYLT1,3,195068284,195271159
NCAPH2,22,50508213,50524780
ST14,11,130159746,130210367
CCDC12,3,46916634,46982010
CCDC33,15,74202705,74336472
SRI,7,88205115,88226993
GOLGA6L7,15,28841832,28848675
NFAT5,16,69565094,69704666
SLC25A20,3,48856926,48898904
ETFDH,4,158671968,158710758
DSTN,20,17569152,17609919
PCYT1A,3,196214222,196287957
TEKT2,1,36084094,36088278
DPM1,20,50934852,50959140
USP8,15,50424372,50514421
SATL1,X,85092284,85243911
AMIGO3,3,49716829,49719684
UBA1,X,47190713,47215173
TESK2,1,45343877,45491203
TXNDC9,2,99318982,99340702
ZBTB37,1,173868082,173903547
LTBP2,14,74498183,74612378
LSM14A,19,34172426,34229302
OR2T33,1,248269917,248277976
LRRC61,7,150323263,150338156
WBP1L,10,102743948,102834516
CALHM2,10,103446784,103452780
EHD3,2,31233961,31269451
MYL10,7,101613330,101629296
PBX3,9,125746737,125967377
SPATA24,5,139396563,139404089
RFX2,19,5993164,6199572
CLSTN3,12,7128077,7158945
ZSCAN5B,19,56189686,56197815
LIME1,20,63736283,63739106
WDR33,2,127701027,127811187
LCE2A,1,152698345,152699442
TRMT5,14,60971441,60981170
UEVLD,11,18529607,18588747
BLOC1S4,4,6716174,6717664
ELAVL1,19,7958573,8006062
PHETA1,12,111360651,111369173
ADGRL4,1,78889764,79282124
SLC39A10,2,195575977,195737706
MRPS18B,6,30617823,30626398
DUSP6,12,89347235,89352501
CEP104,1,3812086,3857723
PI15,8,74824534,74855029
ZC3H14,14,88562948,88627596
ZNF566,19,36445119,36489902
CAPZA3,12,18738119,18739188
BANF1,11,66002228,66004170
TCF4,18,55222185,55664787
NPAS2,2,100820091,100996829
HHIPL1,14,99645129,99680569
ARHGEF2,1,155946851,156007070
PRPF6,20,63981072,64033106
RPS6KA1,1,26529756,26575030
PHLDA1,12,76025447,76031776
OSMR,5,38845852,38945596
PRAMEF8,1,13281304,13285137
KIAA0408,6,127438406,127459393
TUBGCP6,22,50217688,50245028
SGSM1,22,24806169,24927578
ITIH4,3,52812918,52831069
SSTR1,14,38207904,38213067
BSDC1,1,32364633,32394731
SUCLG2,3,67360460,67654624
CRISP2,6,49692358,49714703
AMPD3,11,10308162,10507877
ASB10,7,151175695,151187832
OR13G1,1,247670812,247679739
RBBP8,18,22798261,23026488
LBHD2,14,103084210,103090027
OR52D1,11,5488685,5489749
ORC6,16,46689394,46698394
PCDHB15,5,141245395,141249365
S100A11,1,152032504,152047907
PLCL1,2,197804593,198572581
TXK,4,48063158,48134250
CSGALNACT2,10,43137831,43185302
CCDC149,4,24803514,24980204
SLC6A9,1,43991500,44031467
LDB3,10,86666664,86736159
IL27,16,28499362,28512051
LINS1,15,100559369,100603230
TAS2R10,12,10825219,10826358
LYAR,4,4267572,4290196
EMCN,4,100395341,100880126
RASD2,22,35539796,35554003
SLC25A27,6,46652915,46678190
CBFB,16,67028984,67101058
WDR5,9,134134346,134159971
NDOR1,9,137205667,137219361
AHCY,20,34280268,34311802
NLRP9,19,55708438,55738402
CERS4,19,8206736,8263716
TBX6,16,30085793,30091933
CPLX3,15,74826627,74831802
DOCK3,3,50674927,51384198
RALGDS,9,133097719,133149334
ETV1,7,13891229,13991425
SIRT4,12,120292162,120313249
RPS19,19,41860255,41872925
FAM53C,5,138331935,138349729
CCN3,8,119416446,119424434
GRM3,7,86643909,86864884
HOXD12,2,176099795,176102489
LENG8,19,54449157,54462022
OSGIN1,16,83931311,83966333
MT1G,16,56666730,56668069
TWF1,12,43793460,43806328
SLC35F5,2,113705011,113756693
MYH14,19,50188186,50310545
NANOS3,19,13862063,13880757
FBLN7,2,112138385,112188218
TGIF2LY,Y,3579067,3580041
TRANK1,3,36826817,36945057
SLC22A6,11,62936385,62984967
POU3F3,2,104853287,104858574
AGO4,1,35808016,35857890
USP47,11,11841423,11961887
NBPF1,1,16562319,16613562
CSNK2A1,20,472498,543835
EMILIN1,2,27078044,27086408
ZBTB47,3,42652900,42667580
NEK5,13,52033611,52129092
HYPK,15,43796142,43804574
PCDHA13,5,140882124,141012347
GPR61,1,109539872,109548406
SFT2D1,6,166319724,166342590
KIF13A,6,17759183,17987635
SUPT20HL1,X,24360639,24367839
TET1,10,68560310,68694586
UROS,10,125784980,125823288
OR4C15,11,55554307,55555419
ZMYM4,1,35268667,35422058
DENND10,10,119104086,119137984
UTP3,4,70688532,70690551
C14orf132,14,96039362,96093971
S100A9,1,153357767,153361027
SNX33,15,75647912,75662301
CYB5D1,17,7857746,7862282
TMEM35B,1,34981380,34985347
ZFAT,8,134477788,134713127
MAOA,X,43654907,43746821
FAM81A,15,59372692,59523555
KL,13,33016423,33066143
SUCO,1,172532349,172611833
GAGE10,X,49303646,49319841
MROH5,8,141433829,141507230
SLC36A1,5,151437046,151492379
LEPR,1,65420652,65641559
MIA,19,40768997,40777490
MOBP,3,39467172,39529479
CHCHD2,7,56094567,56106505
SEC31A,4,82818081,82901166
AQP10,1,154321090,154325325
COQ6,14,73949926,73963670
SUSD5,3,33150043,33218810
PATE2,11,125776113,125778828
EMILIN3,20,41359962,41366818
HOMEZ,14,23272422,23299796
C14orf180,14,104579550,104590515
IAPP,12,21354959,21379980
PDCD10,3,167683298,167735039
DHH,12,49086656,49094801
PEX5L,3,179794958,180037053
RPL27A,11,8682732,8714759
ACER1,19,6306142,6333612
SUGCT,7,40134044,40861613
ZNF829,19,36888124,36916291
C11orf71,11,114391443,114400511
KCNAB1,3,156037701,156538756
MPV17L2,19,18193218,18196948
EFCAB10,7,105565120,105600875
ALDH1A1,9,72900670,73080442
RNF130,5,179911651,180072113
DIRAS2,9,90609832,90642862
CATSPER3,5,134967907,135011696
LY6G6C,6,31718648,31721746
CSN2,4,69955256,69965728
ZNF70,22,23738682,23751730
ARHGAP42,11,100687288,100993941
CLDN1,3,190305707,190322446
TCOF1,5,150357629,150400491
COL28A1,7,7356203,7535873
ZNF334,20,46499630,46513596
VILL,3,37987978,38007188
OSR1,2,19351485,19359486
NMRK1,9,75060573,75088306
VSTM5,11,93818232,93850620
ANGPTL3,1,62597464,62607196
PRKG1,10,50990888,52298423
PRR32,X,126819729,126821786
SNX22,15,64151713,64157481
FBXO27,19,38990714,39033773
MINDY1,1,150995125,151008376
KMT2A,11,118436456,118526832
CYBA,16,88643275,88651083
PRR13,12,53441308,53446660
NDST4,4,114827763,115113876
PCDH8,13,52842889,52848641
ZNF562,19,9641807,9675100
APMAP,20,24962925,24992782
BRWD3,X,80669503,80809877
PRXL2C,9,96639577,96655337
CNTN1,12,40692431,41072415
BEAN1,16,66427295,66493529
TUBGCP2,10,133278635,133318823
IL36B,2,113022089,113052867
ACTA2,10,88934822,88991339
ZNF883,9,112988129,113012242
ESYT2,7,158730995,158830253
KRTAP7-1,21,30829039,30829759
ACACA,17,37084992,37406836
VIPR2,7,159028175,159144944
GRIK3,1,36795527,37034515
CLEC17A,19,14583084,14612035
SLCO1B3,12,20810691,20916911
GYS1,19,48968125,48993337
KIAA0319,6,24544104,24646191
SQLE,8,124998467,125022287
BIVM,13,102799110,102841748
HADH,4,107989714,108035241
ZNF613,19,51927147,51948759
CTSK,1,150794880,150809577
MAP1LC3B2,12,116548105,116576606
ANGPTL1,1,178849535,178872204
CYB5R4,6,83859646,83967423
HLA-G,6,29826967,29831125
SYTL2,11,85694224,85811182
ATP6V1C2,2,10721100,10785110
LDHAL6B,15,59206843,59208588
MYORG,9,34366666,34377150
TMEM254,10,80078646,80092557
HSD11B1L,19,5680604,5688524
LRP12,8,104489231,104589258
PDS5B,13,32586315,32778022
OR51G1,11,4923374,4924339
KIAA2012,2,202073255,202205188
SH3BP2,4,2793020,2841291
TPH2,12,71938845,72186618
CCL4L2,17,36210924,36212878
ZGPAT,20,63707353,63736150
ZSCAN1,19,58034025,58054631
FER,5,108747841,109196841
NOD2,16,50693217,50733348
CAPN5,11,77066961,77126155
FAM174A,5,100535338,100586741
SYNPO,5,150601080,150659208
PRIMA1,14,93718298,93788994
FBXO16,8,28348287,28490278
E2F3,6,20401847,20493714
SDC3,1,30869466,30908810
OR4A16,11,55343201,55344187
AP5B1,11,65773898,65780976
USP1,1,62436041,62451804
RASSF4,10,44959407,44995891
LYRM2,6,89568144,89638755
GP2,16,20309574,20328412
PATL1,11,59636716,59669141
HSPA6,1,161524540,161526894
UFSP1,7,100888721,100889715
SCIN,7,12570577,12660182
SLC1A4,2,64988477,65023865
ADRB1,10,114043866,114046904
TRIM24,7,138460210,138589996
RALGAPB,20,38472816,38578859
CYP11A1,15,74337746,74367680
PRDM15,21,41798225,41879482
SGK1,6,134169248,134318112
GEMIN5,5,154887411,154938211
CHGA,14,92922630,92935293
AK7,14,96392128,96490031
DHCR24,1,54849627,54887207
MDFIC,7,114921746,115019917
ZNF469,16,88382959,88440757
PGA3,11,61203307,61213098
AGFG1,2,227472134,227561217
DDX47,12,12813316,12829981
DDX42,17,63773603,63819429
OSBPL5,11,3087107,3166739
UBE2V1,20,50081122,50115959
OR1A2,17,3197519,3198448
LMBR1,7,156668946,156893225
IGSF5,21,39745183,39802081
OR9A4,7,141916399,141920625
OR4C13,11,49952391,49953419
GHITM,10,84139482,84154841
OR1J2,9,122510802,122511743
AIMP1,4,106315544,106349456
SLC25A25,9,128068169,128109245
ZNF135,19,58059239,58086310
C4B,6,32014730,32035973
LAMA3,18,23689453,23956222
TGDS,13,94574054,94596276
AMPD2,1,109616104,109632055
PPP1R3G,6,5085341,5089487
SPSB1,1,9292101,9369532
RAB29,1,205767986,205775482
TAB3,X,30827442,30975084
APOL2,22,36226209,36239954
ANGPT4,20,869900,916334
VPS51,11,65089324,65111862
UNG,12,109097572,109126725
LENG1,19,54155161,54159721
METTL24,6,110243940,110358502
CNTNAP3,9,39064710,39288611
TBX5,12,114353911,114409103
PPP2R2A,8,26291508,26372680
MDH2,7,76048050,76067508
SIGLEC1,20,3686970,3712647
RUNX1,21,34787801,36004667
OR8I2,11,56093308,56094240
EFHD1,2,232606057,232682781
GRK7,3,141763408,141819352
TPO,2,1373933,1543711
ZC3HC1,7,130018286,130051401
H2AX,11,119093874,119095465
PRMT5,14,22920525,22929458
ZNHIT6,1,85649417,85708433
AGPAT2,9,136673142,136687457
ESM1,5,54977867,55022671
COMMD2,3,149734667,149752495
KANK3,19,8322582,8343268
ZNF233,19,44259880,44275878
EPN3,17,50532548,50543750
FCRL6,1,159800511,159816262
SPATA31C1,9,87914488,87923657
DCAF7,17,63550222,63594286
PAPOLB,7,4857738,4862030
UBB,17,16380667,16382745
SART3,12,108522214,108561400
CD274,9,5450503,5470566
TMEM223,11,62771629,62792013
SLC7A1,13,29509410,29595781
STRADA,17,63682336,63741986
EMSY,11,76444887,76553031
RBM45,2,178112385,178139011
CTBP2,10,124981657,125163006
HOGA1,10,97584323,97612802
SPRY4,5,142310420,142326455
KRTAP5-7,11,71527267,71528669
ZNF184,6,27450743,27473141
MXI1,10,110207605,110287365
KATNA1,6,149594873,149648972
CCDC97,19,41310172,41324873
STT3B,3,31532521,31638548
HILPDA,7,128455829,128458423
ARHGEF10,8,1823332,1958642
NDUFC1,4,139266880,139302564
CYP11B1,8,142871528,142880000
SLC34A1,5,177379235,177398848
POF1B,X,85276746,85379755
MIER3,5,56919602,56971675
EXOSC9,4,121801318,121817021
STK3,8,98371228,98942827
NDUFA3,19,54102728,54109257
PRPF38B,1,108692310,108702928
MYL12A,18,3247481,3256260
NKX6-1,4,84491985,84499292
PI4K2B,4,25160663,25280542
HSPB9,17,42122804,42123352
AKAIN1,18,5142911,5197503
MYD88,3,38138552,38143024
GPR85,7,113078331,113087778
OLFM3,1,101802560,101997020
MED4,13,48053323,48095131
GDI2,10,5765221,5842132
VCX,X,7842262,7844143
NCKAP5,2,132671788,133568463
TBRG4,7,45097584,45112048
ANKRD29,18,23598926,23663088
LEAP2,5,132873444,132875046
PLG,6,160702105,160754097
SMYD5,2,73214222,73227229
TOPBP1,3,133598175,133662380
POLE2,14,49643555,49688422
OR6C76,12,55426254,55427192
RPP30,10,90871487,90908553
RAD54B,8,94371960,94475133
DMAC2,19,41431318,41440717
FBXO31,16,87326987,87392142
CDH23,10,71396920,71815947
MDM1,12,68272443,68332381
DHX29,5,55256055,55307707
AMBRA1,11,46396414,46594125
PTPRZ1,7,121873089,122062037
PCBP1,2,70087477,70089203
GCNT4,5,75025346,75054224
ZNF391,6,27374615,27405026
FREM2,13,38687077,38887131
CCDC174,3,14651762,14672659
TMEM185A,X,149596556,149631912
MAGEC3,X,141838316,141897832
CAMK2B,7,44209993,44334577
CISD1,10,58269151,58289586
NOX1,X,100843324,100874464
PUS1,12,131929200,131945896
EVI5,1,92508696,92792416
HES6,2,238238267,238240662
DKK1,10,52314281,52318042
SLFN11,17,35350305,35373701
SPIRE1,18,12446512,12658119
KMT2C,7,152134922,152436644
RBMXL3,X,115189410,115192868
SULF1,8,69466624,69660935
PTPN11,12,112418351,112509918
TAS2R9,12,10809094,10810168
EPAS1,2,46293667,46386697
APPL2,12,105172485,105236221
SAFB2,19,5586981,5624046
IL17RE,3,9902612,9916402
MMAB,12,109553715,109573580
YIPF1,1,53847531,53890683
TMEM65,8,124306189,124372701
PIKFYVE,2,208266234,208358755
TRIM16,17,15627950,15684311
ZNF703,8,37695782,37700019
MRPS17,7,55950705,55956500
PLCH1,3,155375580,155745085
GOLM1,9,86026138,86100173
GLYR1,16,4803202,4847343
BAZ2B,2,159315312,159617282
SCGB3A2,5,147869800,147882197
TREML4,6,41228339,41238882
PRTN3,19,840999,848175
ACAP3,1,1292376,1309609
JADE1,4,128809576,128875224
DIMT1,5,62347284,62403943
IGFBPL1,9,38406528,38424454
MAG,19,35291647,35316351
SCRIB,8,143790920,143815773
OCIAD2,4,48885019,48906937
DNAAF5,7,726690,786475
ZNF114,19,48270041,48287743
TMEM50B,21,33432485,33479974
CAV1,7,116524994,116561179
OR8B3,11,124395534,124399024
SASS6,1,100083563,100132955
TLCD1,17,28724348,28727935
GALP,19,56176008,56185775
EIF4G2,11,10797050,10808940
TARDBP,1,11012344,11030528
PARP16,15,65234460,65300618
GRM2,3,51707061,51718616
RPL17,18,49488346,49492564
OR2B2,6,27911185,27912396
SLC29A4,7,5274369,5307194
ZNF425,7,149102784,149126338
H4C13,6,27873148,27873534
CD80,3,119523898,119569324
SFPQ,1,35176378,35193446
PRRC1,5,127517617,127555085
CALD1,7,134744252,134970729
ABCB10,1,229516582,229558957
ETAA1,2,67397322,67412089
PFKM,12,48105139,48150704
FAM111A,11,59142703,59155042
PML,15,73994673,74047827
OR1L1,9,122661566,122662648
IL22,12,68248242,68253604
FBXL12,19,9810267,9827816
TBL1X,X,9463258,9741037
CLEC20A,1,178479240,178499634
RAX2,19,3769089,3772228
CRTAC1,10,97865000,98030828
SQSTM1,5,179806398,179838078
NUTM2E,10,79826739,79850878
SPACA4,19,48606742,48607714
WIZ,19,15419978,15449975
IL12B,5,159314780,159330863
OR1L8,9,122567117,122583384
NIM1K,5,43192071,43280862
GBA2,9,35736864,35749986
RAP2B,3,153162226,153170627
TMEM231,16,75536741,75556289
SRRM2,16,2752626,2772538
ZNF154,19,57696275,57709204
ASB5,4,176213673,176277571
MYO1H,12,109347900,109455523
YY1,14,100238298,100282788
OR4F29,1,450740,451678
IGFBP3,7,45912245,45921874
TMEM242,6,157289025,157323601
PRSS1,7,142749468,142753072
TMEM63B,6,44126614,44155520
SPEF2,5,35617844,35814611
FAIM,3,138608550,138633376
ABCB1,7,87503017,87713375
PSMD7,16,74296809,74306288
KRTAP12-1,21,44681576,44682163
LURAP1L,9,12775020,12823060
SIX5,19,45764785,45769252
RRAD,16,66921682,66926308
CCDC117,22,28772674,28789301
SLC39A2,14,20999255,21001871
GUCY2F,X,109372906,109482086
PNPLA1,6,36243203,36313955
C10orf95,10,102449837,102451543
BICRA,19,47608196,47703277
CRACR2A,12,3606633,3764819
CD3D,11,118334537,118342705
TREML1,6,41149167,41155553
PPARG,3,12287368,12434574
MRPL43,10,100969458,100990450
CCDC9B,15,40331452,40340939
DAOA,13,105465867,105491034
DPP8,15,65442463,65517724
CMC1,3,28241584,28325142
FBXL3,13,76992598,77027195
MMP25,16,3046062,3060729
SNCB,5,176620082,176630672
CCDC88C,14,91271323,91417844
CCDC13,3,42705756,42773253
TMEM241,18,23197144,23437971
RFTN1,3,16313574,16514026
SOCS3,17,78356778,78360930
TXNDC17,17,6640712,6644541
PGD,1,10398592,10420511
OR13C3,9,104535749,104536856
STRN3,14,30893799,31026418
CACHD1,1,64469765,64693058
CCDC183,9,136796338,136807741
VRK3,19,49976127,50025946
DNMT1,19,10133342,10231286
TCP1,6,159778498,159789703
LGALS16,19,39655913,39660647
S1PR5,19,10512742,10517931
COQ7,16,19067614,19080095
SLC36A2,5,151314972,151347590
BCOR,X,40049815,40177329
NDNF,4,121033326,121074085
NPSR1,7,34658218,34878332
LCK,1,32251244,32286170
ASCL3,11,8937578,8943016
HSPE1,2,197500140,197503461
INTS9,8,28767661,28890242
GDF7,2,20667144,20679243
TBL3,16,1972050,1982929
ARMH3,10,101845599,102056258
EIF3M,11,32583785,32606264
SRRM3,7,76201896,76287288
RASGEF1C,5,180100795,180209225
MASTL,10,27154425,27187953
KITLG,12,88492789,88580851
KLHDC2,14,49767677,49786385
MED13,17,61942605,62065278
CNOT1,16,58519951,58629885
KBTBD11,8,1973677,2006937
GNAT3,7,80458635,80512064
OR2T29,1,248556912,248562772
THUMPD1,16,20702816,20742084
XKR9,8,70669332,70790371
MED16,19,867630,893218
ARHGEF40,14,21069647,21090248
NFKBIA,14,35401079,35404749
MUC17,7,101020072,101058859
DIP2B,12,50504962,50748657
KIAA1210,X,119078635,119150579
ORMDL3,17,39921037,39929328
PYCARD,16,31201486,31203450
FITM2,20,44302840,44311202
CPA1,7,130380339,130388114
ANKRD6,6,89433119,89633838
CDT1,16,88803789,88809258
NDUFA2,5,140638740,140647771
PPCS,1,42456117,42473385
C22orf31,22,29058672,29061831
PTPMT1,11,47565430,47573461
PIP5K1A,1,151197949,151249538
MCEE,2,71109684,71130279
MUC5AC,11,1157953,1201138
OR6M1,11,123805408,123806349
ARSG,17,68259182,68422731
BEX2,X,103309345,103311298
PATE4,11,125833316,125840072
AKNA,9,114334156,114394405
OR51I2,11,5449323,5456518
MAGT1,X,77825747,77899271
OR11H6,14,20223710,20224702
EIF1AD,11,65996545,66002472
SLC16A11,17,7041621,7044092
IL27RA,19,14031644,14053223
EIF3F,11,7970251,8001862
PPFIA4,1,203026491,203078740
TMED5,1,93149742,93180516
STAR,8,38141747,38151061
MZT2B,2,130181737,130190729
ZPBP,7,49850421,50121329
HRG,3,186660216,186678452
ZFP92,X,153411434,153426481
HNRNPC,14,21207375,21269792
BEX5,X,102153464,102156017
NRTN,19,5805056,5828324
RBMS2,12,56521820,56596193
KLF8,X,56232356,56291531
DEFA1B,8,6996766,6999202
PAPLN,14,73236338,73275334
YTHDF1,20,63195429,63216139
TACSTD2,1,58575433,58577252
DYNLRB1,20,34516379,34540958
KLHDC8A,1,205336061,205357324
ANKRD36B,2,97492663,97589877
PRAMEF13,1,13196188,13201409
FTHL17,X,31071233,31072041
RLN1,9,5334930,5339876
RIC1,9,5629025,5776557
PMS1,2,189784085,189878385
HLA-C,6,31268749,31272130
BATF3,1,212686417,212699840
VPS37A,8,17246896,17302707
NFYC,1,40691570,40771606
ZNF485,10,43606413,43617904
CDC123,10,12195950,12250595
HS1BP3,2,20560448,20651152
PCNX1,14,70907405,71115382
RCVRN,17,9896320,9905271
TUT7,9,86287725,86354541
KRT9,17,41565836,41572059
BASP1,5,17065598,17276843
SH2D1B,1,162395268,162412138
USP42,7,6104934,6161565
IRX4,5,1877413,1887381
PSMD2,3,184299157,184309054
FADS1,11,61799624,61829318
ZNF200,16,3222324,3236221
MAPKBP1,15,41774434,41827855
ALDH16A1,19,49453146,49471052
PTH1R,3,46877721,46903799
CD46,1,207752037,207795513
SMIM24,19,3473986,3480525
ARHGAP45,19,1065923,1086642
ADGRB3,6,68635282,69390571
KLK9,19,51002508,51009634
PLXNA2,1,208022242,208244850
CSF1,1,109910242,109930993
TUBB4B,9,137241287,137243707
EYA3,1,27970344,28088731
FDXACB1,11,111874056,111881243
CCDC7,10,32446140,32882874
DNASE1L2,16,2235816,2238711
IGFBP6,12,53097436,53102345
IL9R,Y,57184216,57199537
CRLF1,19,18572220,18607741
FAM9A,X,8790795,8801383
SLC25A42,19,19061697,19113030
STK32C,10,132207483,132331847
ACOX3,4,8365885,8440750
CD3E,11,118304730,118316175
GOLGA8Q,15,30552050,30565684
VPS35L,16,19555240,19706793
SLC25A31,4,127730400,127774292
MIER1,1,66924895,66988619
CALY,10,133324072,133336980
BFSP2,3,133400056,133475222
ABLIM2,4,7965310,8158832
ASPH,8,61500549,61714768
CHD2,15,92886203,93027996
CLEC12B,12,10010627,10018796
MAP1S,19,17718607,17734518
POLR2J3,7,102537918,102572653
PTGDR,14,52267698,52276724
FMO5,1,147175351,147243050
NBPF6,1,108450282,108471920
TAF1B,2,9843443,9934416
SIN3A,15,75369379,75455842
GNAZ,22,23070325,23125036
BNC1,15,83255884,83284664
TMEM233,12,119593774,119643075
S100A7A,1,153416520,153423222
NCF2,1,183554461,183593499
HOOK2,19,12762640,12872740
ZNF445,3,44431705,44477693
IGLL1,22,23573125,23580302
FAM209B,20,56533246,56536520
OXNAD1,3,16265160,16350299
H4C9,6,27139282,27140640
HCAR3,12,122714756,122716811
MTNR1B,11,92969651,92985066
TDP2,6,24649978,24666930
CRYBA2,2,218990189,218994270
CALM2,2,47160084,47176921
ZNF782,9,96815490,96875623
YWHAZ,8,100916523,100953388
ITPA,20,3208868,3223870
GDPD5,11,75434638,75525985
HAND1,5,154474969,154478356
CDK11A,1,1702379,1724482
PRB3,12,11265914,11269707
AAAS,12,53307456,53324864
SDF2L1,22,21642302,21644299
B9D1,17,19334308,19378193
APOA4,11,116820700,116823304
SEMG1,20,45207033,45210605
CDH18,5,19471296,20575873
OSBPL8,12,76351797,76559809
MLKL,16,74671855,74701156
SSBP2,5,81412804,81752038
TNNT1,19,55132698,55149351
HORMAD1,1,150698060,150720895
MSN,X,65588377,65741936
KRBA2,17,8356902,8376738
SLC25A40,7,87833561,87876404
SGSH,17,80206716,80220923
ABHD11,7,73736091,73738863
FIP1L1,4,53377562,53464382
GJB4,1,34759740,34763724
IL15RA,10,5943639,5978187
TRIM69,15,44728988,44767829
NCOA3,20,47501864,47656877
SPATS2L,2,200305881,200482264
DEXI,16,10928891,10942468
SCIMP,17,5208920,5234860
BFAR,16,14632830,14669237
SNX21,20,45833799,45843276
NR2E3,15,71792638,71818259
NFKB2,10,102394110,102402529
SAR1A,10,70147289,70170905
CBARP,19,1228284,1239465
BHLHE22,8,64580365,64583627
SURF2,9,133356545,133362215
PKIB,6,122471917,122726375
NME9,3,138261437,138331354
PNOC,8,28316986,28343355
HNRNPA1L2,13,52642431,52643773
OOSP2,11,60040409,60048044
DNA2,10,68414061,68472121
CFAP65,2,219002846,219041527
NIT2,3,100334625,100361635
COL6A3,2,237324003,237414405
FBL,19,39834453,39846440
DDX3Y,Y,12904108,12920478
FBXO45,3,196568611,196589059
MATN1,1,30711277,30723585
TIMP3,22,32801576,32863042
NCKAP5L,12,49791140,49828750
RARA,17,40309180,40357643
LRRC9,14,59919713,60066817
NCOR1,17,16029065,16218185
TRIM5,11,5663195,5938619
AKT3,1,243488233,243851079
RHCG,15,89471398,89496614
GSDMA,17,39953263,39977768
TMEM108,3,133038322,133397775
SRSF11,1,70205670,70253052
TMEM210,9,137170858,137172056
GLO1,6,38675925,38703145
NMNAT1,1,9943428,9985501
KRTAP5-10,11,71565563,71566735
KLRC3,12,10412315,10420595
ZFPM2,8,104590733,105804539
RPL29,3,51993522,51995953
TIMD4,5,156919292,156963226
PCDHGA2,5,141338760,141512975
MOB3C,1,46607719,46616862
NR1I3,1,161229666,161238262
SLC35B3,6,8411435,8435983
GPX2,14,64939152,64942746
ACKR3,2,236567692,236582358
COBLL1,2,164653624,164843679
CFAP45,1,159872364,159900165
CENPT,16,67828157,67847811
KCNK9,8,139600838,139704109
ALPL,1,21509397,21578410
KIAA1217,10,23694746,24547848
CUL2,10,35008504,35127006
TMCO1,1,165724293,165827755
CPSF6,12,69239543,69279829
UBL7,15,74445187,74461182
REV1,2,99400475,99490260
DNAH9,17,11598470,11969748
COPG2,7,130506238,130668748
BBS10,12,76344474,76348437
BRAT1,7,2537810,2555782
CRB3,19,6463777,6467221
PALM,19,708935,748329
TMEM52,1,1917589,1919329
SEC14L5,16,4958295,5019157
TTC1,5,160009100,160065550
DDR1,6,30876421,30900978
MTIF3,13,27435634,27450613
ANKRD10,13,110878540,110915071
SNX11,17,48103357,48123601
P2RX6,22,21009808,21028013
CCDC150,2,196639554,196763490
FAM171A2,17,44353215,44363868
HSPB2,11,111912159,111914093
ACSM6,10,95194200,95228929
TRAF3IP1,2,238320441,238402114
LDAH,2,20684014,20823130
IMMP2L,7,110662644,111562517
ANO1,11,69985907,70189530
PLAAT5,11,63461404,63491219
UBASH3B,11,122655722,122814473
POP1,8,98117293,98159835
PDLIM3,4,185500660,185535507
ZSWIM8,10,73785606,73801797
PHOX2A,11,72239077,72245664
SLC39A13,11,47407132,47416587
PAX7,1,18630846,18748876
SHISA2,13,26044597,26052016
TIGD7,16,3298390,3305729
ESS2,22,19130279,19144684
TBC1D17,19,49877501,49888751
TMEM67,8,93754844,93819234
SLC22A13,3,38265812,38278757
OR4E2,14,21653835,21667642
ZSCAN16,6,28107689,28130082
CYP2R1,11,14877440,14892247
MRPL28,16,365916,371289
IL13RA1,X,118727133,118794535
WDCP,2,24029347,24049575
H3C13,1,149813225,149813693
CDH3,16,68636189,68727468
PHC1,12,8913827,8942938
CDC25A,3,48157146,48188417
G6PC3,17,44070620,44082151
ROBO1,3,78597239,79767998
FFAR4,10,93566665,93604480
C12orf50,12,87980035,88034037
ASTN1,1,176857302,177164973
ETNK2,1,204131062,204152044
ATP6V1G1,9,114587706,114598915
OR5C1,9,122788933,122789895
SYNJ1,21,32628757,32728040
MCM8,20,5949767,5998977
PRAMEF4,1,12879212,12886201
KRT10,17,40818117,40822614
SLC16A9,10,59650762,59736002
TRIP13,5,892884,919357
MAGEL2,15,23643549,23647867
FAP,2,162170684,162245151
QSER1,11,32892811,32993316
C2CD4D,1,151837818,151840557
FAM241B,10,69630241,69633614
FAM162A,3,122384161,122412334
NDUFAF3,3,49020459,49023495
NAA16,13,41311267,41377035
TIMM50,19,39479795,39493785
DDX10,11,108665053,108940999
RAB8B,15,63189560,63267776
COMMD10,5,116085007,116412762
BTBD10,11,13388004,13464029
SAMSN1,21,14485228,14658821
CPOX,3,98579446,98593707
TMX1,14,51240162,51257655
TSPAN8,12,71124454,71441898
SYT16,14,61811849,62112550
C11orf58,11,16613132,16758340
ARMC9,2,231198546,231376848
WDR83,19,12666802,12675832
CASP3,4,184627695,184650418
BCL7C,16,30833626,30894302
CC2D2A,4,15469865,15602097
NELFA,4,1982717,2041903
ZCCHC14,16,87406246,87493024
NR2E1,6,108166022,108188805
PLP2,X,49171787,49175235
PELI3,11,66466303,66478998
ZIM2,19,56774547,56840731
OR2V1,5,181123122,181131169
SLC31A1,9,113221191,113264492
TBC1D29P,17,30553502,30562917
E4F1,16,2223440,2235743
KBTBD6,13,41127569,41132802
ALKAL1,8,52534037,52565430
SNRPF,12,95858931,95903828
TTC17,11,43358920,43494933
FAM124A,13,51222334,51284239
OR5M8,11,56490435,56491370
MANSC4,12,27762427,27780236
IQCN,19,18257098,18274500
CD8B2,2,106487364,106544297
ZG16,16,29777882,29783272
AVPI1,10,97677422,97687561
ZNF569,19,37410878,37469282
PATE1,11,125746279,125749867
ADGRL3,4,61200326,62078335
DHFR,5,80626226,80654983
OR10K2,1,158418210,158426237
MSH4,1,75796882,75913242
GGTLC1,20,23985050,23988779
CHRNA1,2,174747592,174787935
MEX3B,15,82041778,82046119
DBNDD1,16,90004871,90019890
NOTCH2NLC,1,149390621,149471833
CAPN2,1,223701593,223776018
TMEM63A,1,225845536,225884071
CCNI,4,77047155,77076319
EIF2S2,20,34088309,34112279
ZNF536,19,30224891,30713586
ATP7B,13,51930436,52012166
PPP1R16A,8,144475989,144502126
ARL6IP4,12,122980045,122983479
RAB34,17,28713545,28719594
ABHD17B,9,71862452,71911224
PITPNC1,17,67377281,67697256
PHF14,7,10973336,11169623
PROZ,13,113158622,113172387
WIPF1,2,174559563,174682916
ZSCAN21,7,100049772,100065044
OR51E1,11,4643420,4655488
CFAP53,18,50227193,50266504
SPIRE2,16,89818179,89871319
GPALPP1,13,44989529,45037669
PRSS58,7,142252143,142258058
SLC39A12,10,17951839,18043292
ATP2A3,17,3923866,3964491
GPR83,11,94377316,94401419
KLHL3,5,137617500,137736221
RRAGB,X,55717743,55758774
PRLH,2,237559555,237567288
IFITM5,11,298200,299526
ILDR2,1,166895711,166975540
MED14OS,X,40735385,40738897
DYNC1I1,7,95772459,96110322
PWP1,12,107685766,107713462
BTBD8,1,92080305,92184725
L3HYPDH,14,59460363,59484408
ZNF234,19,44141355,44160313
MMRN2,10,86935540,86969481
ARID5A,2,96536717,96552638
PRAMEF27,1,13049476,13056575
LGALSL,2,64453969,64461381
URM1,9,128371349,128392016
FOXD1,5,73444827,73448777
RB1CC1,8,52622458,52745843
COQ8B,19,40691514,40725784
TNFRSF14,1,2554244,2565382
DBI,2,119366917,119372551
TCEAL7,X,103330178,103332326
SMOC1,14,69854131,70032366
SLC41A3,3,126005662,126101561
APOA5,11,116789014,116793026
OR2B11,1,247449118,247458105
PRSS35,6,83512508,83525704
PLEKHG5,1,6467122,6520074
STRIT1,3,155290227,155293683
SFTPB,2,85655154,85668741
RNF26,11,119334527,119337309
EXOC6,10,92826831,93059493
YWHAG,7,76326799,76358991
STARD9,15,42575606,42720998
ASXL2,2,25733753,25878487
LENG9,19,54461732,54463778
NUDC,1,26900238,26946885
HIGD1C,12,50952538,50970607
ELAC1,18,50967989,50988991
ADIRF,10,86968432,87007922
RARG,12,53210566,53232980
ZNF584,19,58401504,58431736
LEMD2,6,33771202,33789148
TFR2,7,100620416,100642779
PDCD1,2,241849884,241858894
GABRE,X,151953124,151974680
CCL20,2,227805739,227817564
CZIB,1,53214099,53220652
LYVE1,11,10556966,10611689
IMPG1,6,75921114,76072678
RASSF9,12,85800703,85836409
OR52N4,11,5754243,5755958
LCE1F,1,152775140,152777024
YTHDC2,5,113513694,113595287
CNPPD1,2,219170704,219182664
SSBP3,1,54225432,54413479
NCOA1,2,24490992,24770702
DBN1,5,177456607,177474401
BCAS2,1,114567552,114581648
FGFR1OP2,12,26938401,26966650
CAVIN1,17,42402449,42423256
ZFYVE28,4,2269582,2418651
FDXR,17,74862494,74873039
DACH1,13,71437966,71867204
SRSF8,11,95066919,95071225
RNGTT,6,88609897,88963626
USP9Y,Y,12537650,12860852
SLC16A7,12,59596027,59789855
ZNF852,3,44491766,44510636
EHMT1,9,137618977,137870016
ARSB,5,78777209,78986087
GINS2,16,85676198,85690073
C6orf163,6,87344813,87365463
LMNA,1,156082572,156140081
TRAM1L1,4,117083554,117085576
HTR2C,X,114584078,114910061
PRAMEF10,1,12892250,12898270
MEAK7,16,84476345,84565284
FAM83B,6,54846771,54945099
GTF2IRD2B,7,75092396,75149818
MATN4,20,45293445,45312469
TMSB10,2,84904923,84906680
DCT,13,94436811,94479682
PIMREG,17,6443807,6451469
LYSMD3,5,90515611,90529596
MDN1,6,89642498,89819794
DERL1,8,123013170,123042406
SLC2A1,1,42925353,42958893
TIMM8A,X,101345652,101349001
METTL25,12,82358500,82479239
DNAJC2,7,103312289,103344830
ARL2BP,16,57245259,57253635
RHBDD3,22,29259852,29268221
METTL2A,17,62423875,62453385
HOXC11,12,53973126,53977643
RNASE8,14,21057822,21058455
LDLRAP1,1,25543573,25591200
PGBD1,6,28281493,28303691
HOXB9,17,48621156,48626358
SLC20A1,2,112645854,112663829
CTSG,14,24573518,24576250
GC,4,71735436,71805527
APOL1,22,36253071,36267530
CD300H,17,74560701,74567343
TSTD2,9,97600080,97633377
POU5F1,6,31164337,31180731
SLC6A13,12,220621,262873
PLEKHG4,16,67277510,67289499
SERPINH1,11,75561564,75572787
POPDC3,6,105157892,105180447
RDH16,12,56950087,56959374
KRT1,12,52674736,52680407
TRIM17,1,228406860,228416902
SSNA1,9,137188657,137190370
FAM110D,1,26159047,26163962
ABCG2,4,88090150,88231818
PLA2G1B,12,120322115,120327779
KLHL2,4,165207561,165323156
CIDEC,3,9866710,9880256
NDUFS2,1,161197104,161214723
PIK3IP1,22,31281594,31292534
SLITRK1,13,83877205,83882474
ERICH6B,13,45534522,45615739
CSF2RA,Y,1268779,1325373
H2AC17,6,27892699,27893185
ZNF738,19,21358930,21388582
SETD3,14,99395061,99480927
ABI1,10,26745942,26861094
SMIM3,5,150778741,150796736
IPCEF1,6,154154496,154356803
KCNC2,12,75040077,75209839
BRK1,3,10115673,10127190
RORC,1,151806071,151831845
SLC20A2,8,42416449,42542530
HOXA1,7,27092993,27096000
DENND11,7,141656728,141702166
KRT85,12,52360006,52367481
OR52A1,11,5146824,5154757
S100A6,1,153534591,153536549
PCMTD1,8,51817575,51900042
GZMB,14,24630954,24634267
PTGER3,1,70852353,71047816
ST6GAL2,2,106801600,106887284
PPP2CB,8,30774096,30814314
WWP2,16,69762281,69944553
FYN,6,111660332,111873475
SLC11A1,2,218382029,218396894
SNX19,11,130866250,130916479
POM121L2,6,27285903,27312273
FBXW2,9,120751978,120793438
MAP3K19,2,134964485,135047468
ATP1A3,19,41966582,41997497
INTS2,17,61865367,61928016
C17orf58,17,67991099,67996469
ZDHHC21,9,14586766,14693737
CLEC11A,19,50723286,50725719
ACAN,15,88803436,88875353
INSM1,20,20368104,20370949
DNAJB12,10,72332830,72355167
NPIPB6,16,28342517,28363508
OSBPL10,3,31657888,32077580
POLR2K,8,100150622,100154005
LDLRAD1,1,54007298,54018194
RETN,19,7669049,7670455
ZFP37,9,113038377,113056759
OR5P2,11,7795974,7796942
SMAP1,6,70667776,70862015
SGTB,5,65665928,65723035
PACSIN1,6,34466061,34535229
NODAL,10,70431936,70447951
AURKAIP1,1,1373729,1375521
OR2A14,7,144123176,144131188
ADAD2,16,84191125,84197168
GOLIM4,3,168008672,168096536
ERAP1,5,96760810,96808100
PICK1,22,38056311,38075719
STMP1,7,135662483,135693418
DPF2,11,65333821,65354262
HECTD2,10,91409280,91514829
PPBP,4,73985966,73988276
POLQ,3,121431426,121546002
CGN,1,151510139,151538692
FBXO9,6,53051991,53100873
MRPL21,11,68891276,68903835
OTUD5,X,48922024,48958386
ZNF853,7,6615348,6624290
C14orf39,14,60396469,60515543
CMTR1,6,37433094,37482827
KRTAP4-6,17,41139433,41140544
ZHX1,8,123248451,123275541
H2BC3,6,26042771,26043713
TAS2R1,5,9627347,9712378
ANKRD13B,17,29589769,29614761
HELT,4,185018490,185020953
PLN,6,118543971,118561716
MID1IP1,X,38801417,38806537
TEAD1,11,12674421,12944737
PPP2R1A,19,52170936,52229518
PARP11,12,3791047,3873448
SNX8,7,2251770,2354318
KRTAP4-11,17,41117181,41118373
ATF7IP2,16,10326434,10483640
ERG,21,38380027,38661780
MRGPRD,11,68980021,68980986
PELP1,17,4669774,4704337
KLHL18,3,47282633,47346816
USP46,4,52590960,52659301
ZNF280B,22,22484421,22508742
ARL14EP,11,30323104,30338458
SLC35F2,11,107790991,107928293
TOMM70,3,100363431,100401111
MARCHF2,19,8411460,8439017
RHPN2,19,32978592,33064888
DIS3,13,72752169,72782096
AKAP6,14,32329298,32837684
CELF3,1,151700058,151716803
JAK2,9,4984390,5129948
C20orf144,20,33662327,33665619
ZNF282,7,149195546,149226243
ARL1,12,101393116,101407772
SSX1,X,48255392,48267444
NBAS,2,15166913,15561340
DCAF5,14,69050881,69153179
PFKP,10,3066333,3137723
PANK3,5,168548495,168579600
CINP,14,102341102,102362916
HOXD8,2,176129694,176132695
MYH10,17,8474205,8632303
TUBGCP5,15,22983192,23039640
NCR1,19,54906148,54916140
ARHGAP10,4,147731922,148072780
PGPEP1L,15,98966720,99007792
KCNIP3,2,95297327,95386081
BMS1,10,42782783,42834937
APOO,X,23833353,23908070
CD40,20,46118249,46129872
CST9L,20,23564732,23568484
PLS1,3,142595644,142713869
GCGR,17,81803105,81814023
KCNMB3,3,179236691,179267002
LIN37,19,35748361,35754519
MIF,22,23894372,23895227
EAPP,14,34515938,34539721
PFN1,17,4945652,4950517
WNT5B,12,1529854,1647243
RBM4B,11,66664996,66677925
PCDHA7,5,140834248,141012347
RBM17,10,6086898,6117457
CREB5,7,28299321,28825894
HAS2,8,121612116,121641440
PLD4,14,104924713,104937761
KLF17,1,44118821,44135140
CACNA2D4,12,1791963,1918666
ABL1,9,130713043,130887675
SH3BGRL2,6,79537185,79703655
WDR25,14,100376418,100530306
S100Z,5,76850001,76921650
TTYH2,17,74213518,74262020
GALR1,18,77249848,77277900
CNTD1,17,42798800,42811587
MX2,21,41361957,41409417
TASOR2,10,5684731,5763779
L3MBTL1,20,43489442,43550954
SLC25A13,7,96120218,96322147
FAHD1,16,1826967,1840207
TMEM82,1,15742499,15747982
ACTG2,2,73892232,73919865
ANAPC7,12,110372900,110403730
IGF2,11,2129112,2158391
ISM1,20,13221274,13300651
ISOC1,5,129094711,129114031
UBL4B,1,110112443,110113947
HARS1,5,140673035,140691537
NME1-NME2,17,51153590,51171744
PIAS4,19,4007695,4039386
PRMT8,12,3381349,3593977
FZD10,12,130162459,130165740
SIGLEC5,19,51630101,51645545
ALOX15B,17,8039011,8049134
ITLN2,1,160944266,160954889
UBE2I,16,1291357,1327018
IRAK1,X,154010504,154019927
ZNF160,19,53064884,53103434
NEK1,4,169369704,169612644
LCN10,9,136738167,136743356
CRISP1,6,49834257,49877096
HID1,17,74950741,74973166
GPR26,10,123666355,123697399
MEGF9,9,120600811,120714470
PAFAH1B1,17,2593183,2685616
HTR4,5,148446042,148677235
DEUP1,11,93329971,93438487
APCDD1,18,10454635,10489949
NR2F6,19,17231883,17245919
HNRNPF,10,43385617,43409523
SH2D7,15,78077808,78104370
KRT13,17,41500981,41505705
LILRB1,19,54616309,54638022
NDUFA6,22,42085526,42090884
EBNA1BP2,1,43164175,43270936
MCHR2,6,99918519,99994247
RAB7B,1,205976740,206003461
DSP,6,7541326,7586717
CCSER1,4,90127394,91605295
SLC24A2,9,19507452,19789119
KRTAP10-11,21,44646414,44647650
HAVCR2,5,157085422,157142869
ZNF222,19,44025337,44033222
HEATR4,14,73478484,73558947
SIN3B,19,16829387,16880355
PRPS1L1,7,18026770,18027846
GABPB2,1,151070514,151125542
TBC1D19,4,26576437,26756223
KLHL30,2,238138668,238152947
NUP43,6,149724315,149750286
LMNB2,19,2427638,2456992
NABP1,2,191678068,191741097
MAP3K20,2,173075322,173268909
SEZ6,17,28954901,29006440
TMEM94,17,75441159,75500452
PDCL3,2,100562968,100577472
TLE4,9,79571773,79726882
AMACR,5,33986165,34008104
MRPS23,17,57834781,57850076
GABARAPL1,12,10212458,10223128
FGFR3,4,1793286,1808873
SLC6A6,3,14402565,14489349
LRPAP1,4,3503612,3532446
C10orf105,10,71711701,71737824
KIAA0930,22,45192244,45240944
H2AC18,1,149842218,149842750
LIMS1,2,108533671,108687246
MST1L,1,16757232,16764480
ZNF580,19,55635003,55643470
TMEM229B,14,67447084,67533878
ATP6V0E2,7,149872968,149891204
LTO1,11,69653076,69675416
SPATS1,6,44342650,44380179
GET4,7,876486,896436
COL8A2,1,36095239,36125222
SLC25A15,13,40789412,40812460
SEL1L,14,81471547,81533863
ITPRIPL2,16,19113932,19121629
SPAG9,17,50962174,51120926
APCDD1L,20,58458452,58515399
LCORL,4,17841187,18021993
ADRA2B,2,96112876,96116571
OR2A2,7,144109583,144110539
SLPI,20,45252239,45254564
FHL5,6,96562548,96619616
ETFBKMT,12,31647160,31673114
PPP4R1,18,9546791,9615240
DMBX1,1,46489822,46516218
ALG13,X,111665811,111760649
RPS13,11,17074385,17077727
STX1B,16,30989256,31010672
FRA10AC1,10,93667883,93703294
FHOD1,16,67229387,67247539
ASH2L,8,38105493,38144124
FAM193B,5,177519788,177554586
TMEM190,19,55376816,55378246
TERB1,16,66754640,66801620
PAK3,X,110944285,111227361
OAS3,12,112938051,112976460
DEPDC1,1,68474152,68497230
KCNN3,1,154697455,154870281
KLHL42,12,27780000,27803040
ZNF611,19,52702813,52735080
RNF175,4,153710160,153760031
RFPL4AL1,19,55769118,55773420
SEC24B,4,109433602,109540896
UFL1,6,96521595,96555276
ASB6,9,129634602,129642169
FBLN2,3,13549073,13638422
RGS1,1,192575763,192580024
DNAJC5B,8,66021553,66101252
PTPRD,9,8314246,10613002
NAMPT,7,106248298,106291225
TFAP2C,20,56629306,56639283
EFCAB3,17,62343941,62416480
TMEM266,15,76059936,76229121
MARCHF10,17,62701314,62808344
TMIE,3,46694528,46710886
WDR24,16,684621,690444
SLC35C2,20,46345980,46364458
CTSV,9,97025073,97156556
NTF3,12,5432108,5521536
RASIP1,19,48720571,48740611
ALPK3,15,84817176,84873479
TUBG1,17,42609637,42615241
CRMP1,4,5748084,5893086
THAP5,7,108554543,108569750
ZFAND1,8,81701313,81732903
BNIP3,10,131966461,131981984
DOT1L,19,2163933,2232578
RAB21,12,71754863,71800286
KIF9,3,47227998,47283451
PCOTH,13,23888749,23897263
MTPN,7,135926760,135977375
SPA17,11,124673796,124698309
NOL12,22,37681673,37693476
RNF4,4,2462220,2515859
C1orf185,1,51102221,51148086
TAF7,5,141259884,141320784
TAS2R20,12,10995961,10998304
STAC3,12,57243453,57251188
SOCS4,14,55027120,55049489
ZFP28,19,56538948,56556808
PCDHGA3,5,141343829,141512975
RAG1,11,36510372,36593156
AARS1,16,70251983,70289707
TEKT5,16,10627501,10694930
ENAH,1,225486765,225653298
ZBTB18,1,244048547,244057476
DNAJC4,11,64230158,64234286
DECR1,8,90001330,90053633
ABCF2,7,151211484,151227241
RERGL,12,18080869,18320107
PACRG,6,162727132,163315500
PCDHGB4,5,141387698,141512975
OTUD3,1,19882395,19912945
CERS6,2,168456249,168775134
ANGPTL6,19,10092337,10106612
KATNAL2,18,46917492,47103478
KPRP,1,152758025,152762056
ATP13A2,1,16985958,17011928
CCNT2,2,134918235,134959342
MAGEB6,X,26192440,26195646
RPLP2,11,799414,812884
TTLL4,2,218710809,218755416
SEMA3E,7,83363238,83649139
ST3GAL6,3,98732175,98821201
FAM20B,1,179025804,179076567
LAPTM4A,2,20032649,20051693
CEP131,17,81189592,81223014
RASA4,7,102579646,102616756
TMSB15B,X,103918896,103966712
ZNF721,4,425815,499156
EVI5L,19,7830182,7864980
NKPD1,19,45149744,45160982
HTR6,1,19664875,19680966
ZBTB2,6,151364105,151391696
CCR1,3,46201711,46208378
RGS14,5,177357895,177372598
ARL3,10,102673731,102714437
ZNF343,20,2481817,2525028
ALYREF,17,81887835,81891586
FXYD2,11,117800839,117828698
NEK7,1,198156883,198322451
KRTAP2-2,17,41054498,41055230
KAZN,1,13892792,15118043
ACOX2,3,58504544,58537387
DYRK1B,19,39825350,39834201
TARS2,1,150487325,150507613
PRR12,19,49591182,49626439
CHRM5,15,33968497,34067458
SNX15,11,65027437,65040572
KIF21A,12,39293228,39443718
NR0B1,X,30304206,30309390
SNX32,11,65833834,65856896
CLPSL1,6,35781019,35793675
LRP5,11,68312447,68449275
S100A8,1,153390032,153391142
GOLGA6L4,15,84235773,84245358
ACTL7A,9,108862266,108863756
TRABD2B,1,47760528,47997385
ATP11A,13,112689911,112887168
GNL3L,X,54529900,54621565
SDS,12,113392423,113426301
CHRM4,11,46383589,46391990
ROCK2,2,11179759,11348330
CFAP300,11,102047435,102084554
RAB11FIP5,2,73073382,73156721
STARD6,18,54324358,54357964
LINGO4,1,151800264,151805419
OR10G4,11,124012997,124018732
LHFPL2,5,78485215,78770021
RGL2,6,33291196,33299419
SPATA31A5,9,60914407,60920653
CMC4,X,155061622,155071136
CIDEA,18,12254361,12277595
FAHD2B,2,97082040,97094903
SLC25A18,22,17563086,17591909
TTLL9,20,31870634,31945000
ACTN3,11,66546395,66563334
SCD,10,100346508,100364837
ELF1,13,40931242,41061440
ZNF254,19,24033405,24129968
PHF6,X,134373286,134428792
PIK3CG,7,106865278,106908980
MEF2C,5,88717117,88904257
CRACD,4,56049098,56330609
CWC22,2,179944872,180007297
MMP24,20,35226559,35276998
SPDYC,11,65170233,65173374
UBE2E3,2,180967248,181076585
BST1,4,15703000,15775614
SEC14L4,22,30488902,30505711
MS4A5,11,60429572,60455214
OSBPL6,2,178193711,178402893
KRTAP10-9,21,44627093,44628378
ELL2,5,95885098,95961871
CWC15,11,94962620,94973611
RAB11FIP2,10,118004916,118046941
KRTAP5-2,11,1597177,1598294
CDC42SE1,1,151050971,151070325
LMAN1L,15,74812716,74825757
NTM,11,131370478,132336822
OR6B1,7,144000320,144008793
CTXND1,15,80195481,80252234
ZDHHC23,3,113947901,113965401
ZNF143,11,9460319,9529002
ARSL,X,2934045,2968475
PPCDC,15,75023586,75117462
ZNF778,16,89217692,89237141
AIF1,6,31615217,31617021
ULK3,15,74836116,74843346
CDC42EP5,19,54465026,54473296
EDEM3,1,184690237,184754907
CGA,6,87085498,87095106
RAB42,1,28592200,28595449
TMEM86B,19,55226638,55228784
OOEP,6,73368555,73395133
TRNAU1AP,1,28553001,28578545
EXTL1,1,26019884,26036464
ASB13,10,5638857,5666615
FBRSL1,12,132489551,132585188
RAI2,X,17799788,17861337
EML5,14,88612240,88792994
RIPPLY1,X,106900063,106903341
NFIL3,9,91408748,91425066
IZUMO2,19,50152537,50163281
ATP8B2,1,154325520,154351307
RAB11FIP3,16,425593,523012
FXYD5,19,35154569,35171791
OR2M4,1,248231417,248244679
KNOP1,16,19701937,19718552
MAP7D3,X,136213220,136256482
EFHC1,6,52362123,52529886
FBXO32,8,123497889,123541273
NETO2,16,47077703,47144006
ALB,4,73397114,73426607
RFPL3,22,32354885,32361161
QPCT,2,37342827,37373322
NTN3,16,2471297,2474145
CLASRP,19,45039045,45070956
ZNF841,19,52064465,52095765
C5AR1,19,47290023,47322066
HYAL2,3,50315845,50324687
AFDN,6,167826859,167972023
DIP2C,10,274201,689937
ZNF541,19,47520690,47573148
TOP1,20,41028822,41124487
C11orf96,11,43942637,43943878
RSPH3,6,158970084,159000202
TOP3A,17,18271428,18315007
ASIC4,2,219514170,219538772
YARS2,12,32727490,32755906
OR1L3,9,122675130,122676104
LIN54,4,82909973,83012983
RBMY1J,Y,22403410,22417881
OR7C2,19,14941489,14942448
NDUFA13,19,19515736,19529054
PPM1H,12,62643994,62935163
AHSG,3,186612776,186621318
EPHB6,7,142854930,142871094
TRPC1,3,142724034,142807888
DYNC1I2,2,171687409,171750158
CCKBR,11,6259806,6272127
SMYD3,1,245749342,246507312
ADH7,4,99412261,99435510
OLFML2B,1,161983192,162023869
GABRR2,6,89254464,89315299
NR0B2,1,26911489,26913975
MCM4,8,47960185,47978165
PIR,X,15384799,15493635
FAM149B1,10,73168119,73244504
BOLA2B,16,30192930,30194306
NPAS1,19,47019474,47047242
TRIP6,7,100867126,100873524
SOCS1,16,11249101,11256556
MAST2,1,45786987,46036228
PCDHB6,5,141150057,141153287
PCDHGA12,5,141430507,141512975
TRADD,16,67153969,67163760
ZNF488,10,47356520,47384325
RPAP1,15,41517176,41544278
CXXC1,18,50282331,50287857
SLC26A2,5,149960758,149993455
ERFL,19,41907704,41928449
BPTF,17,67825503,67984378
PIGL,17,16217191,16351797
GRB7,17,39737490,39747292
PPP1R9A,7,94907202,95296415
LBH,2,30231534,30323730
OR51Q1,11,5422111,5423206
RHOBTB1,10,60869438,61001441
ATP1B1,1,169105697,169310992
KIR3DL3,19,54724442,54736632
SAMD8,10,75099586,75182127
DOP1A,6,83067666,83171350
PPIP5K1,15,43533462,43590228
ILDR1,3,121987323,122022274
ATP5F1C,10,7788092,7807815
TDRD15,2,21123968,21144368
NDUFA8,9,122144058,122159779
ATP1A2,1,160115758,160143595
MLYCD,16,83899115,83951445
CASP8AP2,6,89829894,89874436
MMD,17,55392616,55421944
COX7A2,6,75237675,75250323
DEFB1,8,6870592,6877936
MED9,17,17476994,17493221
HCRTR1,1,31617660,31632518
FBXO15,18,74073344,74147867
GALNT14,2,30910467,31155202
HES2,1,6412418,6424690
INPP5J,22,31122731,31134697
CHL1,3,196763,409417
OR2T1,1,248403048,248408020
GSTCD,4,105708778,105849570
FCGR3B,1,161623196,161631963
KPNA7,7,99173572,99250075
EPHA4,2,221418027,221574202
FCER1A,1,159289714,159308224
MED31,17,6643311,6651634
NTMT1,9,129606704,129636744
EIF3CL,16,28379397,28403846
ERVV-1,19,53013921,53016123
PKHD1L1,8,109362461,109537207
OR5M3,11,56469274,56473352
ZFP3,17,5078467,5096376
ZFP14,19,36334453,36379201
MAPK13,6,36127809,36144524
TAGLN3,3,111998739,112013888
ERCC8,5,60866454,60945073
OXA1L,14,22766522,22773042
HMSD,18,63949301,63981774
APCS,1,159587826,159588865
ECE2,3,184275531,184293031
ZNF80,3,114234631,114237578
ZNF189,9,101398851,101410660
OR2H2,6,29585121,29590500
MILR1,17,64449037,64492770
WDR45,X,49074433,49101203
FAHD2A,2,95402691,95416616
DYNC2H1,11,103109410,103479863
BPIFB6,20,33029189,33044230
GGA1,22,37608474,37633564
TNK2,3,195863364,195911945
OR52I2,11,4581743,4593340
COL1A2,7,94394820,94431227
LONRF1,8,12721906,12756073
SLFN12,17,35409347,35433475
ARGLU1,13,106541673,106568161
VAMP7,Y,57067747,57130289
RIPK4,21,41739369,41767089
CLC,19,39731255,39738029
TMPRSS15,21,18269116,18485879
MYH8,17,10390322,10421950
LRTM2,12,1820267,1836753
SACS,13,23288689,23433763
LUC7L,16,188961,229463
DLX2,2,172099438,172102900
DCAF4L1,4,41981756,41986465
INHA,2,219569162,219575711
TRMT61A,14,103521582,103537073
MORN3,12,121648742,121672649
C3AR1,12,8056844,8066374
MAF1,8,144103112,144107618
YIPF5,5,144158162,144170714
APOBR,16,28494639,28498964
LARP4B,10,806915,931821
CPA5,7,130344816,130368730
H2AC4,6,26033092,26033618
GIPR,19,45668221,45683722
CXCL11,4,76033682,76041415
FMNL3,12,49636499,49708165
SUDS3,12,118376531,118418033
LYNX1-SLURP2,8,142764334,142778224
GON4L,1,155749659,155859400
PVR,19,44643798,44666162
KCTD1,18,26454910,26657401
ASIC3,7,151048292,151052756
WDR77,1,111439890,111449256
ZFPL1,11,65084210,65088398
DEFB104A,8,7836436,7841242
NEFM,8,24913758,24919098
COL4A5,X,108439745,108697547
CNOT6L,4,77713387,77819615
WIF1,12,65050626,65121548
BEND2,X,18162931,18220886
DPRX,19,53600777,53637014
SLMAP,3,57755450,57931461
NPHS2,1,179550494,179575952
PRSS33,16,2783926,2787948
TPBGL,11,75240774,75243704
CRYGB,2,208142573,208146158
PPIB,15,64155740,64163159
TMPRSS11A,4,67909395,67964140
AP1G2,14,23559557,23568070
FFAR3,19,35358348,35360489
ZNF322,6,26634383,26659759
CARD14,17,80169992,80216073
DBX1,11,20156155,20160475
ARFGAP1,20,63272785,63289790
TOMM5,9,37582646,37592609
TMEM259,19,1009648,1021179
PRR29,17,63998351,64004305
HAGHL,16,726494,735525
IL37,2,112911165,112918882
BSND,1,54998933,55017172
GTF2H2,5,71034962,71067723
ADGRE3,19,14599080,14690027
FAM187B,19,35224800,35228739
PARP2,14,20343601,20357905
SINHCAF,12,31280584,31327058
OR51J1,11,5402597,5403547
TSPAN33,7,129144690,129169699
ST8SIA4,5,100806933,100903285
RPUSD3,3,9837802,9844602
RAB27A,15,55202966,55319113
NPIPA2,16,14742533,14765462
OIP5,15,41309268,41332595
OBI1,13,78614283,78659166
MIOX,22,50486784,50490648
TSR3,16,1349237,1351878
PRR9,1,153217584,153219310
MAX,14,65006174,65102695
CCDC43,17,44673069,44689779
ADAMTS2,5,179110853,179345461
HVCN1,12,110627841,110704950
CLEC18B,16,74408631,74424179
GABRA1,5,161847063,161899981
C2orf15,2,99141235,99151683
CPAMD8,19,16892951,17026815
PYGO2,1,154957026,154963853
CCDC90B,11,83259081,83286390
PRIM1,12,56730438,56752374
GSTA5,6,52831655,52840843
ACAP1,17,7332960,7351478
NUP62CL,X,107123427,107206505
CCR10,17,42678889,42683917
GSC2,22,19146993,19150292
CPLX4,18,59275156,59318649
CA4,17,60147838,60170899
PATL2,15,44665732,44711370
ITGA6,2,172234216,172506459
NT5C1B-RDH14,2,18555545,18589564
KCNN4,19,43766517,43781021
PCMTD2,20,64254921,64304820
SLC2A8,9,127397138,127408424
COG8,16,69320140,69339583
CYP4Z1,1,47067231,47118318
LRRC8B,1,89524829,89597861
CLDND2,19,51367098,51369003
PRXL2A,10,80406443,80437115
DLGAP2,8,737628,1708476
TBC1D5,3,17157162,18444817
SSH2,17,29625938,29930276
CYP39A1,6,46549383,46652830
CAND2,3,12796472,12834818
MMP3,11,102835801,102843609
ACBD4,17,45132600,45144181
CACNA2D2,3,50362613,50504244
ZC2HC1B,6,143864436,143938343
CGRRF1,14,54509812,54539292
KCNA3,1,110653560,110674940
FCRL5,1,157513377,157552515
IPO11,5,62403518,62629949
HPDL,1,45326895,45328710
ETV2,19,35641745,35644871
AKAP8L,19,15380050,15419141
KCNK7,11,65592836,65595996
CAP1,1,40039735,40072767
PM20D2,6,89146055,89165565
DEFB124,20,31465471,31476757
CYP1A2,15,74748795,74756607
ACSL1,4,184755501,184826853
CCNB1IP1,14,20311353,20333314
DDX51,12,132136591,132144335
FAM184B,4,17629306,17781621
CCDC3,10,12896625,13099652
UPF3B,X,119833808,119853083
GPR68,14,91232532,91254026
STKLD1,9,133376366,133406096
HDGFL1,6,22569566,22571666
OR10H3,19,15737985,15742343
CNTNAP5,2,124025287,124921219
STK32B,4,5051480,5500994
PPM1K,4,88257620,88284769
SP1,12,53380176,53416446
BFSP1,20,17493905,17569220
OR5H1,3,98130721,98138548
ALKBH7,19,6372763,6375250
CLCN1,7,143316111,143352083
ZNF10,12,133130349,133159465
RBMS3,3,28574791,30010391
BAHCC1,17,81395457,81466331
SYCP3,12,101728648,101739472
CALU,7,128739292,128773400
USP17L25,4,9329911,9331503
THAP12,11,76349898,76381134
DGAT2,11,75759512,75801542
KLHL23,2,169694488,169776989
UNC5D,8,35235475,35796550
COL20A1,20,63293186,63334851
FRRS1,1,99703970,99766635
FAM114A2,5,153990148,154038936
DNAJA1,9,33025206,33039916
CD74,5,150401637,150412969
ECPAS,9,111360685,111484745
UPF2,10,11920020,12043170
TTC39C,18,23992773,24135970
TNNC1,3,52451100,52454041
OVOL3,19,36111116,36113711
NCKAP1L,12,54497721,54548243
OTUB1,11,63985853,64001811
C9orf40,9,74946583,74952912
DVL3,3,184155159,184173614
TMEM234,1,32214472,32222359
TMEM198,2,219543130,219550595
ZNF781,19,37668579,37676393
CDC42EP1,22,37555112,37569764
MAGED4,X,52184767,52192268
TMBIM6,12,49707725,49764935
KISS1,1,204190341,204196491
TNFRSF11A,18,62325269,62391288
PCDH15,10,53802771,55627942
FBP1,9,94603133,94640323
CCN5,20,44714270,44728509
PDE5A,4,119494397,119628804
WDR86,7,151375909,151410727
SEMA3D,7,84995195,85187056
LSMEM1,7,112480853,112491062
ZNF429,19,21496682,21556270
SUPV3L1,10,69180234,69209108
LIMS2,2,127638381,127681786
ITGAV,2,186590010,186680901
ZNF780A,19,40069152,40091140
EHMT2,6,31879758,31897723
DHDDS,1,26432282,26471322
RGS10,10,119499817,119543294
PIK3CD,1,9629889,9730117
DIPK1C,18,74434775,74457944
CFAP97D2,13,114154691,114223085
SPHKAP,2,227979955,228181687
COMMD4,15,75336009,75343224
MTUS2,13,28820021,29505947
CHD6,20,41402083,41618449
SENP1,12,48039784,48106308
NAP1L5,4,88695913,88697829
CLIP3,19,36014660,36033343
OR1E1,17,3397104,3398410
SRGN,10,69088103,69104811
ZNF716,7,57450177,57473559
KLK6,19,50958631,50969673
LRP1,12,57128483,57213361
CDAN1,15,42723544,42737156
TAFA1,3,68004247,68545621
KRT76,12,52768155,52777345
TRIM65,17,75880335,75897014
STARD3,17,39637090,39664201
HOXA5,7,27141052,27143681
RABL2B,22,50767491,50783760
PIP4K2B,17,38765691,38800126
TIGIT,3,114276913,114310288
ACAA1,3,38103129,38137647
PSRC1,1,109279545,109284107
MED13L,12,115957905,116277693
TDP1,14,89954939,90044820
COX6B2,19,55349306,55354719
OSTM1,6,108029245,108165854
PRKCA,17,66302613,66810743
IER5L,9,129175552,129178261
ARMCX2,X,101655157,101659924
ENTPD6,20,25195693,25228075
RSPO3,6,127118663,127199481
THOC2,X,123600561,123733056
RNF169,11,74748849,74842413
BSCL2,11,62689289,62709845
CERS5,12,50129289,50167533
AMDHD1,12,95943301,95968720
PCOLCE,7,100602334,100608175
MEIG1,10,14954194,14988050
TRIM10,6,30151943,30161211
MT1M,16,56632562,56633981
EPHX4,1,92029475,92063538
GSTK1,7,143244093,143270873
CNRIP1,2,68284171,68320051
FOXO3B,17,18667629,18682314
ZNF621,3,40524878,40574685
COG3,13,45464898,45536701
ZIM3,19,57134096,57145202
FCF1,14,74713144,74738620
NRDE2,14,90267860,90331981
TRAF1,9,120902393,120931875
TMEM123,11,102396332,102470384
OR6K3,1,158716327,158720720
UAP1L1,9,137077483,137084542
GRIK4,11,120511717,120988906
RPH3A,12,112570380,112898881
CATIP,2,218356857,218369962
BCKDHB,6,80106647,80351082
PSG9,19,43211791,43269530
TRPM7,15,50552473,50686797
RABL6,9,136807927,136841187
ASPA,17,3472374,3503405
PRPSAP1,17,76309478,76384521
KLK13,19,51055626,51065114
CDYL2,16,80597907,80804598
GPM6B,X,13770939,13938638
CD200,3,112332235,112363181
ZNF451,6,57086844,57170305
PPP3CB,10,73436418,73496026
TP53TG3D,16,32253286,32255928
TP53BP2,1,223779893,223845954
CA2,8,85463968,85481493
MICU3,8,17026877,17125880
ZMYM6,1,34986144,35031951
SPG21,15,64963022,64990312
VCX3B,X,8464830,8466510
NDUFA4,7,10931943,10940531
DLK2,6,43450351,43456632
GOLGA7B,10,97849295,97871580
MCUR1,6,13786557,13814696
HIGD2B,15,72675798,72686182
TSPO,22,43151077,43163246
CALHM4,6,116529013,116561127
HEPACAM,11,124919205,124936431
CFHR4,1,196888014,196920294
FARSA,19,12922276,12934037
OR13A1,10,45302298,45315608
PFDN1,5,140245035,140303113
CAPN6,X,111245099,111270483
FNBP4,11,47716494,47767443
HS2ST1,1,86914635,87109982
GAD2,10,26216665,26304558
RRAGA,9,19049427,19051025
RACGAP1,12,49976923,50033136
SIDT2,11,117178736,117197445
BCL2L2,14,23298790,23313069
PLAAT2,11,63552770,63563379
OSBP2,22,30693782,30907824
H2BC11,6,27122657,27132795
DERL2,17,5471254,5486811
CA13,8,85220587,85284073
AS3MT,10,102869470,102901899
PHACTR1,6,12716312,13290446
ETV4,17,43527842,43579620
CTSL,9,87724051,87731469
CSTF3,11,33077188,33162371
FAR2,12,29149016,29341121
MYOM3,1,24056035,24112190
SFXN1,5,175477062,175529742
CCNYL1,2,207711524,207761839
TRIM22,11,5689610,5737089
MSANTD1,4,3244369,3271738
C3orf70,3,185076838,185153060
FNDC9,5,157341598,157345677
SRCAP,16,30698166,30741409
FGL1,8,17863528,17910378
NKAPL,6,28259297,28260958
NEUROD1,2,181668295,181680827
PRADC1,2,73228010,73233239
MS4A3,11,60056587,60071115
TMEM130,7,98846488,98870771
MKS1,17,58205350,58219605
CCNL2,1,1385711,1399339
CD300LB,17,74519000,74531475
FASTKD2,2,206765357,206796189
SLC31A2,9,113150976,113164140
PLPP4,10,120457227,120592065
DCK,4,70992538,71030914
NPB,17,81900745,81902905
PF4V1,4,73853296,73854483
RRP12,10,97356357,97426076
TOR4A,9,137274854,137282641
METTL5,2,169810081,169824931
CCL18,17,36064272,36072032
TSPAN10,17,81637171,81648754
IL2RB,22,37118666,37176676
ADAM11,17,44758988,44781846
RHOJ,14,63204114,63293508
CYLD,16,50742032,50801935
CTRL,16,67927640,67932365
CNOT11,2,101252873,101270316
PDZD8,10,117277274,117376020
MASP1,3,187217282,187291980
ROBO2,3,75906695,77649964
ADAM15,1,155050566,155062780
FAM98B,15,38454127,38487710
KCNE5,X,109623700,109625172
DSCAM,21,40010999,40847158
GNPTAB,12,101745486,101830980
CCDC182,17,57744495,57745299
ZNF212,7,149239651,149255956
NT5C2,10,103087141,103277605
GALNT8,12,4720267,4851927
ZNF480,19,52297167,52325926
QARS1,3,49095932,49105130
STK38,6,36493880,36547516
ALDH1A2,15,57953424,58497866
TOM1,22,35299275,35347995
DOK4,16,57471917,57487382
ACE2,X,15494566,15607236
SEPTIN5,22,19714467,19724224
FAM50A,X,154444103,154450654
EVC2,4,5542772,5709548
FNBP1L,1,93448055,93554661
MKI67,10,128096659,128126448
ABCB4,7,87401696,87480435
PCDHGB3,5,141370242,141512975
TXNIP,1,145992435,145996580
HNF1A,12,120978543,121002512
TEX30,13,102765888,102773811
MAP1LC3A,20,34546838,34560357
APOF,12,56360568,56362857
TMEM63C,14,77116568,77259498
TBC1D10C,11,67398454,67410092
SERPINB4,18,63637259,63644256
C1GALT1,7,7156934,7248616
CLCN5,X,49922596,50099235
DPY19L3,19,32405543,32485895
ZNF540,19,37551406,37614179
TMEM26,10,61406642,61453381
SLC35E2B,1,1659529,1693017
HPS5,11,18278668,18322523
GRIA4,11,105609535,105982090
OR2T27,1,248649838,248655528
LRRC38,1,13474973,13514003
RAB19,7,140404047,140427974
EPHX3,19,15226899,15233591
FSTL4,5,133196455,133612688
FBXL22,15,63597353,63602428
SERPINB8,18,63970029,64019779
CD101,1,117001721,117036552
PIH1D2,11,112063218,112074274
PRPH2,6,42696598,42722597
TRMT11,6,125986428,126203817
RARB,3,24687887,25597932
ELL,19,18442663,18522116
KRTAP6-1,21,30613431,30613930
PPP2R3A,3,135965655,136147894
TSPOAP1,17,58301228,58328795
PCDHA6,5,140827958,141012347
IL20RB,3,136946230,137011085
LCAT,16,67939750,67944131
ARMH1,1,44674692,44725591
MANEAL,1,37793847,37804557
TRIB3,20,362835,397564
RPS26,12,56041351,56044697
ACSBG2,19,6135247,6193094
OR2W1,6,29044213,29045175
GRM7,3,6770001,7741533
FLYWCH2,16,2883165,2903099
DBX2,12,45014672,45051099
JAGN1,3,9890574,9894349
RRM2,2,10120698,10211725
TMEM175,4,932168,958741
TMEM52B,12,10170512,10191807
KCNQ5,6,72621792,73198853
PLA2G4F,15,42139034,42156659
SERPINI1,3,167735068,167825573
PRDX4,X,23664262,23686399
GNS,12,64713442,64759446
MSX2,5,174724582,174730896
SSX4B,X,48402082,48411960
BID,22,17734138,17774770
LYRM4,6,5102595,5260950
MED1,17,39404285,39451272
RNF144A,2,6917386,7068286
TECTA,11,121101243,121191490
EFCAB8,20,32858923,32961845
FGF12,3,192139390,192767764
SLAIN1,13,77697687,77764242
MUC2,11,1074875,1110511
ZBTB45,19,58513530,58538911
PLB1,2,28457145,28644142
WEE1,11,9573668,9593457
MOB3B,9,27325209,27529814
ACADM,1,75724431,75787575
ASB1,2,238426742,238452250
TRIM31,6,30102886,30113090
CRTC3,15,90529890,90645345
NSD2,4,1870559,1982207
HPCAL1,2,10301356,10427835
KLF16,19,1852399,1863579
PPP1R1B,17,39626740,39636626
PSTK,10,122954381,122997513
CACNG8,19,53962937,53990215
ZNF229,19,44417519,44448578
ARHGEF6,X,136665547,136781688
OTULIN,5,14664664,14716529
TAL2,9,105662457,105663124
SOD1,21,31659633,31668931
NBPF9,1,149052186,149103591
VASP,19,45506579,45526991
VRK1,14,96797304,96954846
MOGAT3,7,101195007,101201080
B3GNT7,2,231395671,231408799
ITGB3BP,1,63320884,63593721
PSMD5,9,120815496,120842984
ZNF683,1,26361634,26374522
COL18A1,21,45405123,45513721
GRHPR,9,37422664,37437259
SGPP2,2,222424511,222562621
FLNB,3,58008398,58172251
OR4K17,14,20110739,20122199
KRTAP5-4,11,1620958,1622138
NECAB1,8,90791741,90959393
WDR76,15,43824498,43868414
CEP72,5,612330,667168
GRAP2,22,39901084,39973721
EZH1,17,42700270,42745060
ZNF219,14,21090053,21104722
TOLLIP,11,1274371,1310258
UGT1A3,2,233729042,233773300
MROH2A,2,233775679,233833423
MPIG6B,6,31718594,31726714
FIBCD1,9,130900194,130941232
MTHFD2,2,74186172,74217565
UVSSA,4,1345691,1395989
CLEC4A,12,8123617,8138607
SERBP1,1,67407810,67430415
ZNF24,18,35332227,35345502
DPY30,2,31867809,32039809
C16orf74,16,85690084,85751129
UAP1,1,162561481,162601259
UBE2Z,17,48908398,48929056
BIRC6,2,32357023,32619571
DNAJB6,7,157335381,157417440
GMPPB,3,49716844,49723985
EFR3A,8,131904077,132013642
INPPL1,11,72223524,72239184
DNAJB13,11,73951014,73970366
TRIM54,2,27282366,27309400
GRM5,11,88504576,89065982
KRTAP20-3,21,30642864,30643136
SSX7,X,52644061,52654900
ABHD12,20,25294742,25390866
ABCA7,19,1039997,1065572
ECE1,1,21217247,21345572
IGSF10,3,151425384,151461186
VPS26C,21,37223417,37267919
UTP20,12,101280105,101386618
INTS6L,X,135520622,135582534
MED6,14,70581257,70600690
BTBD16,10,122271296,122338159
OR10H2,19,15728024,15729052
DLC1,8,13083361,13604610
TK2,16,66508003,66552544
ZNF133,20,18288265,18316996
DEFB132,20,257724,261096
OLIG1,21,33070141,33072413
NT5DC4,2,112721020,112742879
CLEC9A,12,10030678,10066031
PNLDC1,6,159800249,159820704
CYFIP1,15,22867052,22981063
CUEDC1,17,57861243,57955851
FER1L6,8,123851987,124120061
GLI4,8,143263193,143276937
KCNAB2,1,5990927,6101193
LGALS8,1,236518000,236552981
MEX3C,18,51174550,51218333
MARCHF4,2,216257865,216372483
PIGA,X,15319452,15335554
FPR2,19,51752026,51770531
ZNF575,19,43525497,43536498
RNF17,13,24764169,24879921
WDR91,7,135183839,135211557
PHKG1,7,56079923,56093012
SUGP2,19,18990888,19034040
ZNF112,19,44326555,44367217
RP1L1,8,10606349,10712187
CCL5,17,35871491,35880793
CBY3,5,179678560,179681034
GRB2,17,75318076,75405709
MRPL12,17,81703367,81707517
SNX2,5,122775010,122834543
KIF1A,2,240713761,240824320
RAD51B,14,67819779,68730218
NXF1,11,62792123,62806302
GPAM,10,112149865,112215416
ZSCAN32,16,3382081,3401065
MYPN,10,68087897,68212017
KLHL24,3,183635602,183684519
THY1,11,119415476,119424985
TMEM214,2,27032910,27041697
KCNN2,5,114055926,114496500
PRR18,6,166305300,166308448
ZNF280A,22,22513736,22520270
ATP5PF,21,25716005,25735721
GINS4,8,41529218,41545030
DPEP1,16,89613308,89638456
EIF3E,8,108162787,108443496
EIF4G3,1,20806292,21177285
TRAPPC4,11,119018733,119025454
TRAK2,2,201377207,201453449
FAM216A,12,110468411,110492196
SYNE4,19,36003282,36008831
DYNAP,18,54587757,54599493
RPS25,11,119015508,119018724
PUM2,2,20248691,20352234
NPIPB13,16,30222893,30255268
HEXIM1,17,45148475,45152099
ITGAL,16,30472658,30523567
UTP4,16,69131291,69231130
ASIC2,17,33013087,34174964
PRDX2,19,12796817,12801849
AGPAT1,6,32168205,32178096
APOBEC4,1,183646275,183653316
METTL4,18,2537525,2571509
PLA2G7,6,46704201,46735718
TRIM49D2,11,89924064,89933063
AGAP9,10,47501854,47523638
STAT2,12,56341597,56360274
PKD1L3,16,71929538,72000402
TSGA10,2,98995156,99154964
PPP2R5E,14,63371364,63543410
ODF2L,1,86346824,86396342
SRSF9,12,120456138,120495946
UPF3A,13,114281568,114305817
GM2A,5,151212150,151270440
ARHGAP15,2,143091362,143768352
SLC30A9,4,41990496,42090461
EMX1,2,72916260,72936071
VDAC3,8,42391624,42405937
PRM3,16,11273199,11273629
ZNF331,19,53519527,53580271
LRRC74B,22,21045946,21064168
SCP2,1,52927276,53051698
GXYLT1,12,42081845,42144874
TMEM272,13,51813347,51845177
HAPLN4,19,19254756,19262805
TFG,3,100709295,100748965
ASCL1,12,102957674,102960513
P2RY10,X,78945332,78963727
CHIT1,1,203212827,203273641
LRRC63,13,46211928,46277115
ERC1,12,989998,1495933
DAZ3,Y,24763069,24813492
FCHO2,5,72955988,73090522
PKN2,1,88684222,88836255
TYW1,7,66995173,67239521
TDRD6,6,46687875,46704319
RBM14-RBM4,11,66616626,66646469
DUOX1,15,45129468,45165576
ZMYND10,3,50341110,50345732
MATR3,5,139273752,139331677
SFTPD,10,79937128,79983996
LRRC3B,3,26622772,26717537
CCL24,7,75810825,75823943
OR2T2,1,248445512,248455725
ZNF483,9,111525054,111577844
UPK1A,19,35666517,35678481
POLD3,11,74493851,74669117
UBE2T,1,202328714,202341984
SDE2,1,225982702,225999350
SNTA1,20,33407955,33443885
PRSS48,4,151277161,151291862
PCP4,21,39867438,39929397
SLC25A48,5,135476913,135889770
ZBBX,3,167239843,167407874
LRFN3,19,35935358,35946624
CATSPERE,1,244454377,244641177
PIEZO1,16,88715338,88785251
OR2T7,1,248436359,248444316
CUL7,6,43037617,43053943
CHN2,7,29146547,29514334
NOTCH2NLA,1,146145929,146229073
AFG1L,6,108294926,108526796
LYSMD1,1,151159748,151165948
RALYL,8,84182787,84921844
APOBEC3D,22,39021113,39033277
FMR1,X,147911858,147951125
COQ2,4,83261536,83284914
OR2T5,1,248488589,248491113
ITGBL1,13,101452593,101720856
PRAMEF25,1,13068677,13077884
PCBD1,10,70882280,70888605
SSBP4,19,18418864,18434563
MBTD1,17,51177419,51261114
PAFAH2,1,25959767,25999206
ZSCAN31,6,28324693,28356271
TBC1D3I,17,36253456,36264570
NUTM2B,10,79703227,79714681
HNRNPCL2,1,13115488,13116854
CLTC,17,59619680,59696956
PDE6B,4,625573,670782
POLR1C,6,43509702,43562419
MIEF1,22,39499432,39518132
TMPRSS11D,4,67820876,67884002
LONP2,16,48244267,48363122
TM4SF18,3,149318498,149334414
HOXC8,12,54008985,54012769
MAP6D1,3,183815884,183825594
RFLNA,12,123973241,124316024
TTC23,15,99136323,99251226
AJUBA,14,22971177,22982551
ZNF285,19,44382298,44401608
DHX57,2,38797724,38875938
CYP21A2,6,32038298,32042321
SCFD2,4,52872982,53366072
NSUN2,5,6599237,6633304
KLC3,19,45333434,45351537
RDH12,14,67701886,67734451
PCDH10,4,133149294,133208606
KRTAP22-2,21,30590105,30590397
CHST3,10,71964395,72013558
TRIM64,11,89966037,89974072
SPAG8,9,35808045,35812272
DNPEP,2,219372029,219400022
RNF135,17,30970984,30999911
TRAPPC12,2,3379674,3485094
GSTM3,1,109733932,109741038
EDN2,1,41478774,41484686
OR10A4,11,6876625,6877619
PHTF1,1,113696052,113759908
CHRM3,1,239386513,239915452
TRIM13,13,49995888,50020481
ZNF862,7,149838375,149867479
POR,7,75899200,75986855
HNRNPUL2,11,62712630,62727561
HSBP1L1,18,79964582,79970823
DEFA3,8,7015869,7018359
SMC4,3,160399274,160434965
UGT2A3,4,68928459,68951804
TRAPPC3L,6,116494989,116545684
BCL6,3,187721377,187745725
RNF168,3,196468783,196503768
LRRK2,12,40196744,40369285
PRLHR,10,118589997,118596704
NUP205,7,135557726,135648757
QRSL1,6,106629572,106668417
ADAMTSL4,1,150549369,150560937
OR1A1,17,3207539,3218896
LEMD3,12,65169342,65248355
LCE2B,1,152686123,152687397
ZNF85,19,20923222,20950697
TRIM29,11,120111286,120185529
CHD5,1,6101787,6180321
GPATCH4,1,156594301,156601496
FAM53A,4,1617915,1684313
GCG,2,162142882,162152404
SPIN3,X,56818298,56995827
ARHGAP23,17,38419280,38512385
ACOT11,1,54542257,54639192
GLB1L2,11,134331886,134378341
MLANA,9,5890889,5910606
WSB1,17,27294067,27315926
CCDC124,19,17932588,17944914
GBE1,3,81489699,81761781
SPEM2,17,7425616,7427568
SLC12A6,15,34229784,34338060
ANTXR1,2,69013176,69249327
PKP3,11,392614,404908
TMED8,14,77335029,77377097
ARPP19,15,52547045,52569883
MED18,1,28329002,28335965
E2F2,1,23506438,23531233
SGCB,4,52020706,52038299
GRPEL2,5,149345430,149354583
PTPN22,1,113813811,113871753
IRX3,16,54283304,54286787
RPL9,4,39451747,39458948
FNDC11,20,63547891,63558138
NEU1,6,31857063,31862905
MLF1,3,158571163,158607252
HOXB1,17,48528526,48531011
MKRN2,3,12557020,12586208
NUDT13,10,73110375,73131828
ITGAX,16,31355134,31382999
MICAL1,6,109444062,109465968
LCE3E,1,152565654,152566780
C2CD2,21,41885112,41954018
PTPRQ,12,80402178,80680273
NRAS,1,114704469,114716771
NSG1,4,4348140,4419058
VSIG10L2,11,125946044,125958647
GALNT1,18,35580892,35713370
SCAF1,19,49640488,49658649
UQCRHL,1,15807169,15809348
TAF1,X,71366131,71532374
DUSP26,8,33591330,33600176
NEK6,9,124257606,124353307
PIGH,14,67581955,67600286
SIPA1L3,19,37907208,38208369
CYB561A3,11,61348748,61362334
AQP2,12,49950737,49958878
GP1BA,17,4932277,4935023
LEMD1,1,205381378,205455954
NUPR2,7,56114681,56116417
AKAP7,6,131135467,131283535
KCNA4,11,30009552,30017030
SLC4A11,20,3227417,3239580
ZCWPW1,7,100400826,100428992
ARHGEF19,1,16197854,16212893
TAC3,12,57010000,57028883
APEX1,14,20454525,20457779
PPP1R27,17,81833488,81835050
WDFY3,4,84668765,84966690
CDC34,19,531721,542092
RASAL1,12,113096517,113136258
EXOSC4,8,144078621,144081244
CLDN23,8,8701937,8704096
USP17L20,4,9258124,9259716
RIMKLA,1,42380792,42424232
SRSF10,1,23964347,23980927
LATS1,6,149658153,149718105
TNFSF15,9,114784652,114806039
CDKN2B,9,22002903,22009305
SPATA25,20,45886491,45887622
HTR3B,11,113904796,113949079
HHLA2,3,108295334,108379814
PROM2,2,95274444,95302296
TPRG1L,1,3624979,3630131
MTMR8,X,64268081,64395452
CBX7,22,39120167,39152719
GLYATL3,6,49499923,49528078
GSDMB,17,39904595,39919854
PHC3,3,170086732,170181768
TRABD2A,2,84821650,84907008
ZNF761,19,53426180,53461862
CPNE2,16,57092549,57148369
PLD2,17,4807117,4823434
ARSI,5,150296343,150339307
RMI2,16,11249619,11381662
VHL,3,10141778,10153676
PLPBP,8,37762585,37779770
ACTRT1,X,128050962,128052403
ESRRB,14,76310712,76501837
MTMR11,1,149928651,149937523
PLA2G2D,1,20111939,20119566
POLR3C,1,145823959,145844721
CYP4F22,19,15508477,15552317
LINGO3,19,2287164,2308174
ACSM3,16,20610243,20797843
CDK9,9,127785679,127790792
METAP1,4,98995359,99063443
CIPC,14,77098126,77117287
HNRNPLL,2,38561969,38603586
UQCRC2,16,21952636,21985391
KLRK1,12,10372353,10391874
FBXL8,16,67159932,67164570
H1-8,3,129543175,129551467
SEM1,7,96481626,96709891
BCDIN3D,12,49836043,49843106
CNTN3,3,74262568,74614698
PCBP4,3,51957448,51974016
ATXN7,3,63863155,64003558
H4C5,6,26204610,26205021
MLX,17,42567072,42573239
HMGB4,1,33860475,33864791
GLIS1,1,53506232,53739164
U2SURP,3,142964497,143060725
INSRR,1,156840063,156859117
CLDN2,X,106900125,106930862
LRRIQ3,1,74026015,74198187
TCN2,22,30607003,30627631
FASLG,1,172659102,172666876
OTOP3,17,74935883,74949992
MBD3L1,19,8832377,8843340
FAM162B,6,116751703,116765719
ATRNL1,10,115093365,115948999
FAM3D,3,58633941,58666877
ERH,14,69380123,69398334
ZNF706,8,101177720,101207085
AQP1,7,30911720,30925517
VCAM1,1,100719684,100739045
HAMP,19,35280716,35285143
CA6,1,8945867,8975092
SNX7,1,98661672,98760504
SSU72,1,1541673,1574884
SERPINI2,3,167441914,167478972
THAP11,16,67842320,67844195
FMO4,1,171314091,171343741
ERBB2,17,39687914,39730426
SPANXC,X,141241463,141242517
RIMBP3B,22,21383751,21389478
MVB12A,19,17405722,17433724
OR52M1,11,4545191,4546144
SPIN2B,X,57118551,57121840
AFAP1L2,10,114293604,114404775
OR13C2,9,104604671,104605627
OR10H5,19,15787661,15800357
APOC1,19,44913133,44920054
OR5A1,11,59436469,59451380
SNRNP35,12,123458078,123473154
FOXD3,1,63322567,63325128
PRPF18,10,13586939,13668445
SECTM1,17,82321024,82335518
ZNF430,19,21020614,21060050
ARHGEF25,12,57610180,57617245
AKAP9,7,91940840,92110673
SEBOX,17,28363506,28365199
PSEN2,1,226870184,226927726
IL1RAPL1,X,28587446,29956718
DDX54,12,113157173,113185508
MKRN1,7,140453033,140479552
MED24,17,40019097,40061215
ANPEP,15,89784875,89815401
PLD6,17,17200995,17206333
GEMIN2,14,39114285,39139037
STXBP4,17,54968727,55173632
OR51F1,11,4768979,4769938
OR8U8,HG142_HG150_NOVEL_TEST,186374,187333
SPATA18,4,52051304,52097302
TNFRSF6B,20,63696368,63698689
CRYGA,2,208160740,208163589
ABHD14B,3,51968510,51983409
TFAP4,16,4257186,4273075
WASF2,1,27404226,27490308
POMP,13,28659065,28678959
DEGS1,1,224175756,224193441
PPME1,11,74171083,74254703
SELENOK,3,53884417,53891885
GIGYF1,7,100679505,100694480
HSPB1,7,76302673,76305813
CUBN,10,16823966,17129811
CNOT3,19,54137710,54155708
TNFAIP6,2,151357592,151380046
WNT16,7,121325367,121341104
BHLHE40,3,4978715,4985323
MCF2,X,139581770,139708216
SELENOH,11,57741491,57743554
RNF144B,6,18387346,18468874
PPFIBP2,11,7513298,7657127
BRPF3,6,36196006,36232790
GNAS,20,58839718,58911192
TMEM273,10,49154725,49188585
CTSA,20,45890144,45898949
SNRPA1,15,101281510,101295282
PDE8B,5,77086732,77427124
ZNF507,19,32345594,32387667
PABPC1,8,100685816,100722809
RPS15A,16,18781295,18790383
ASGR1,17,7172535,7179648
FAM72A,1,206186179,206204414
FXR2,17,7591230,7614897
OSGEP,14,20446401,20455089
RNF212B,14,23185316,23273477
KRBA1,7,149714781,149734575
SOHLH1,9,135693407,135704498
SHMT1,17,18327686,18363550
AZU1,19,825097,832018
KIFC1,6,33391429,33410441
TTI2,8,33473386,33513185
TMEM45A,3,100492219,100579281
CCT6B,17,34927859,34981078
SETMAR,3,4303304,4320649
STXBP5,6,147203710,147391010
MSANTD3-TMEFF1,9,100442271,100577636
TSPYL1,6,116267760,116279930
SRRM1,1,24631716,24673281
PAK6,15,40217428,40277489
ABCC8,11,17392498,17476894
WNT1,12,48978322,48982620
PDXP,22,37658723,37666932
RLIM,X,74582976,74614627
LAMA2,6,128883138,129516566
APOM,6,31652416,31658210
OR52E2,11,5058650,5059627
C1orf56,1,151047751,151051986
DUSP18,22,30652051,30667887
TATDN1,8,124488485,124539458
RCOR3,1,211258377,211316385
DMXL1,5,119037772,119249138
THOC6,16,3022541,3027755
RNF11,1,51235625,51273447
KCND3,1,111770662,111989668
LRRIQ4,3,169812870,169837773
RASSF5,1,206507531,206589448
ZDHHC9,X,129803288,129844215
ZNF786,7,149069641,149090782
PTOV1,19,49850735,49860744
DMRT3,9,976373,991746
KLHL40,3,42685447,42695064
C3orf49,3,63819299,63848636
SLC6A5,11,20599594,20659285
ACTL6A,3,179562886,179588407
SGCD,5,155870344,156767788
IZUMO1R,11,94304580,94308146
DUSP1,5,172766992,172771198
LURAP1,1,46203334,46221256
SCARB1,12,124776856,124882668
CFP,X,47621537,47630305
FILIP1L,3,99828811,100114513
GGA3,17,75236595,75262363
CA8,8,60185412,60281573
VPS33B,15,90998673,91022603
TMEM221,19,17435509,17448668
SPACA6,19,51688346,51712387
CCDC50,3,191329085,191398659
ZHX1-C8orf76,8,123226189,123274284
PRPSAP2,17,18840085,18931287
MYO1D,17,32492522,32877192
MT4,16,56565073,56568957
EOGT,3,68975217,69013684
SUPT3H,6,44809317,45377953
NDST1,5,150485648,150558211
OR13F1,9,104504263,104505222
PPP1R42,8,66964099,67056604
ZNF26,12,132986365,133032952
RPL35,9,124857873,124862017
RSPH1,21,42472486,42496366
CHRNB2,1,154567778,154580013
HK3,5,176880820,176899437
PDZD2,5,31639121,32110933
SLC1A3,5,36596588,36688335
NUFIP2,17,29255839,29294148
PRAMEF19,1,13368431,13371947
KRTAP9-2,17,41226648,41227652
CCNQ,X,153587925,153600045
CCIN,9,36169388,36171334
RSBN1L,7,77696459,77783022
CCDC65,12,48904110,48931840
LRRC37A2,17,46511508,46556910
CPNE8,12,38646822,38907430
TNF,6,31575565,31578336
GUCY2D,17,8002615,8020342
RCBTB1,13,49531944,49586740
PCDHGA1,5,141330514,141512975
GALNT10,5,154190514,154420984
ISG15,1,1001138,1014540
OR4D2,17,58166982,58171411
ABLIM1,10,114431110,114768061
ADAP2,17,30906344,30959945
RIMBP2,12,130396131,130768228
ADAMTS18,16,77247813,77435034
TCF7L1,2,85133392,85310388
GPR179,17,38324571,38343956
NLRP4,19,55836540,55881855
KRTAP13-3,21,30425380,30425926
HOXB3,17,48548870,48604912
ODAM,4,70195706,70205734
RBMXL1,1,88979456,88992960
EBF1,5,158695920,159099951
SPIC,12,101475336,101486997
OR51B2,11,5323359,5324297
ACTC1,15,34790107,34795912
C4orf50,4,5897373,6200555
MEA1,6,43011143,43016868
TMED9,5,177592195,177597242
KCNK17,6,39298998,39314461
OR1D2,17,3088484,3104422
C22orf42,22,32149006,32159322
MAST4,5,66596380,67169593
CAMKK2,12,121237675,121298308
ACOT13,6,24666921,24705065
SULT1A1,16,28605008,28612503
CLEC4M,19,7763153,7769606
NAA30,14,57390544,57415906
RPL23,17,38847860,38868644
DCXR,17,82035136,82037776
TNFAIP2,14,103121407,103137441
MUSTN1,3,52833114,52835019
IL2RG,X,71107404,71112108
AP3M2,8,42152946,42171673
OR10Q1,11,58227882,58228918
DNAH17,17,78423697,78577396
ZNF628,19,55476617,55484487
CCDC191,3,113964137,114056594
POLR3K,16,46407,53658
DEFB119,20,31377164,31390590
LLGL2,17,75525080,75575215
FUNDC2,X,155025980,155060304
POGK,1,166839314,166860347
APLP1,19,35867899,35879803
EIF3K,19,38619055,38636959
DZIP1L,3,138061987,138115839
PKNOX1,21,42974328,43034475
PLCH2,1,2425980,2505532
CXCL5,4,73995642,73998677
PYHIN1,1,158930796,158977059
IRF2BP2,1,234602300,234610178
CDH13,16,82626965,83800640
ARF1,1,228081841,228099212
KRT34,17,41377669,41382306
MON1A,3,49907160,49930173
IGDCC4,15,65381479,65423083
VASH2,1,212950520,212992838
AK9,6,109492855,109691217
NOL4L,20,32443059,32585333
KRT25,17,40748021,40755331
SPHK2,19,48619291,48630717
SPTA1,1,158610704,158686715
AP5M1,14,57268504,57298742
FBXO33,14,39397684,39432466
CAST,5,95962001,96631085
MFAP2,1,16974498,16981616
CSRP3,11,19176519,19210571
SOS2,14,50117130,50231906
EXOC1L,4,55819790,55837489
CHD1,5,98853985,98929007
EBP,X,48521089,48528716
FAT3,11,92224818,92896473
SOCS7,17,38351844,38405593
TRAF4,17,28744011,28750956
OR1N1,9,122526358,122527293
MOB1B,4,70902326,71022449
PDIA2,16,283152,287215
AGTR2,X,116170744,116174974
YBEY,21,46286336,46297811
SLC2A10,20,46709577,46736347
NLRC3,16,3539033,3577403
ATF2,2,175072250,175168382
ITFG2,12,2812622,2859791
BST2,19,17402933,17405665
SEC22A,3,123201859,123274136
GREB1,2,11482341,11642789
MBOAT2,2,8852690,9003747
RIMS2,8,103500610,104254430
LRMDA,10,75431624,76560168
FAXDC2,5,154818492,154859252
TTYH1,19,54415219,54436904
BNIP3L,8,26383037,26505636
JUN,1,58776845,58784048
TRIM6-TRIM34,11,5596725,5644398
RPS4X,X,72255679,72277312
EIF3I,1,32221077,32245397
TRPC5,X,111768011,112082776
SF3B4,1,149923317,149927803
TNFRSF25,1,6460786,6466181
PWP2,21,44107358,44131181
ZNF790,19,36816904,36850787
HLCS,21,36748626,36990236
SEMA6C,1,151131685,151147813
RRH,4,109827972,109849123
GNG2,14,51826195,51979342
CDKN3,14,54396849,54420218
ARHGAP4,X,153907367,153934999
NMRAL1,16,4461684,4495763
COX15,10,99710868,99732160
UTP14A,X,129906121,129929761
CHD1L,1,147242643,147295767
PPP1R35,7,100435282,100436497
NDUFS1,2,206114817,206159522
BCL7A,12,122019422,122062044
BORCS6,17,8188345,8190180
KAT2A,17,42113111,42121382
KLRD1,12,10226058,10329608
SRPRB,3,133784023,133825772
H1-7,12,48328980,48330279
CT45A5,X,135775852,135785503
CLCN7,16,1444934,1475104
STARD4,5,111495551,111512590
EPHA10,1,37713880,37765133
MAGEA8,X,149881141,149885835
TNFAIP8L2,1,151156621,151160255
MBNL1,3,152243828,152465781
DIXDC1,11,111927144,112022653
FMC1,7,139339457,139346328
EMX2,10,117542445,117549546
RPGRIP1L,16,53598153,53703938
NSD3,8,38269704,38382279
ZNF735,7,64207203,64220290
IL34,16,70579878,70661556
CPT1C,19,49690898,49713731
LMF1,16,853634,981318
PAPSS2,10,87659613,87747708
ABCC4,13,95019835,95301822
RAB11A,15,65726054,65891989
CNDP2,18,74494112,74523557
KIAA1958,9,112486827,112669397
TRIAP1,12,120443958,120446412
CCDC178,18,32937402,33441101
IL11RA,9,34651582,34661902
RNASE10,14,20505537,20513884
DPYSL2,8,26514031,26658178
SCN3A,2,165087526,165204050
USP16,21,29024629,29054493
ONECUT3,19,1753506,1780988
RNF151,16,1966823,1968975
PLET1,11,112248153,112260860
PRR15L,17,47950851,47960483
GSX1,13,27792483,27794768
TCEAL8,X,103252863,103255204
TDRP,8,489803,545781
EDC3,15,74630557,74696292
ENDOU,12,47709734,47725567
ROMO1,20,35699254,35700984
CIART,1,150282543,150287093
IARS1,9,92210207,92293854
ST8SIA3,18,57352557,57371731
CYCS,7,25118656,25125266
GOLGA6C,15,75258334,75273455
SUCLA2,13,47745736,48037968
TNS4,17,40475828,40501627
GPC4,X,133300103,133416214
POP4,19,29606283,29617237
ZNF493,19,21397119,21427577
FAM83H,8,143723933,143740732
CASK,X,41514934,41923660
NPC2,14,74476192,74494177
CCDC192,5,127703361,127941507
ITGA7,12,55684568,55716404
ABCG8,2,43831942,43882988
PRIMPOL,4,184648461,184694963
CSGALNACT1,8,19404156,19758029
NCOA5,20,46060985,46089962
EDEM2,20,35115360,35147358
NSUN6,10,18545561,18659285
FOXJ2,12,8032698,8055522
PGLYRP1,19,46019153,46023053
KRT36,17,41486136,41492546
TEX22,14,105398525,105450106
PXDC1,6,3722614,3751713
DCTD,4,182890060,182917936
ZNF605,12,132918306,132956306
ELOA,1,23743448,23762059
FUS,16,31180134,31196963
BAD,11,64269828,64291946
TBC1D15,12,71839707,71927248
ZNF652,17,49289206,49362473
C1orf174,1,3889125,3900293
ADAT1,16,75596868,75623300
TFIP11,22,26490988,26512505
IQCF6,3,51778561,51779241
F13A1,6,6144080,6321013
CEP85L,6,118460772,118710075
ECSCR,5,139446541,139462745
TRAPPC1,17,7930345,7932123
NUDT19,19,32691821,32713792
PSME2,14,24143362,24147570
CGNL1,15,57375967,57550729
TMEM91,19,41350911,41384083
SCN4A,17,63938554,63972918
WNT2,7,117275451,117323152
IVNS1ABP,1,185292931,185317780
ELP6,3,47495640,47513712
PLEKHO2,15,64839231,64868002
NACA,12,56712305,56731628
PCP2,19,7631611,7633719
ZNF326,1,89995110,90035533
OR2AT4,11,75081753,75096876
TBC1D31,8,123041968,123152154
WDPCP,2,63119559,63827843
TUSC1,9,25676969,25678444
APEX2,X,55000331,55009057
HASPIN,17,3723903,3726699
INPP5D,2,233059967,233207903
EPGN,4,74308470,74316789
MXRA7,17,76672551,76711004
OR52N2,11,5808911,5821492
GYPA,4,144109303,144140751
TBC1D3H,17,36377531,36388435
PCDHB16,5,141182387,141186226
LRRC27,10,132332154,132381508
ACSM2B,16,20536226,20576442
OR52E6,11,5840928,5841952
CPSF7,11,61402641,61430105
TIPARP,3,156673235,156706770
BMP10,2,68860909,68871397
RAB4B,19,40778195,40798690
IFITM2,11,303655,309397
DSCC1,8,119833944,119855987
MSRB3,12,65278643,65491430
SNTB2,16,69187142,69309052
PSPN,19,6375148,6379058
CALCOCO1,12,53708517,53727745
SBNO1,12,123289109,123365184
NME7,1,169132531,169367948
ZNF205,16,3112550,3120527
LPIN3,20,41340786,41360583
TAS2R19,12,11021619,11022620
HTRA2,2,74529596,74533350
ZNF669,1,247099962,247104372
NAT1,8,18170399,18223739
KCNMB1,5,170374671,170389655
WDFY4,10,48684873,48982959
STIMATE,3,52836219,52897578
BCKDHA,19,41397793,41425005
RUFY1,5,179550542,179610012
TRIM23,5,65589690,65625975
CANX,5,179678628,179731641
ELANE,19,850951,856247
FAM171B,2,186694019,186765959
APOB,2,21001429,21044073
MAGOHB,12,10604190,10613609
JPH3,16,87601835,87698156
PCDH9,13,66302834,67230445
NIT1,1,161118082,161125445
MAMLD1,X,150361422,150514178
CAPNS2,16,55566684,55567687
IQCJ-SCHIP1,3,158962235,159897358
SERTM2,X,111511645,111522399
ZNF705B,8,7926337,7952413
TIAM1,21,31117985,31559977
GABRR3,3,97985102,98035315
BTRC,10,101354033,101557321
LIG1,19,48115445,48170654
UNC5A,5,176810505,176880898
ZNF22,10,45000293,45005329
CBL,11,119206298,119313926
EPOR,19,11377207,11384343
MAPK8,10,48306639,48439360
CCDC112,5,115267190,115296756
FHDC1,4,152935887,152979697
PGM2,4,37826660,37863028
ERICH2,2,170766878,170798977
ZBTB25,14,64449106,64505232
RRP15,1,218285290,218337983
TEX13C,X,125319871,125325216
DPH6,15,35217345,35546193
KPNA1,3,122421902,122514947
ING2,4,183505058,183512429
SPATA32,17,45254393,45262094
MEFV,16,3240392,3256954
USP26,X,133023168,133097109
SPATA17,1,217631324,217871696
PAXX,9,136992403,136994074
CTSH,15,78921058,78949574
ATXN7L3B,12,74537835,74545430
KLHL28,14,44924324,45042322
LIPH,3,185506262,185552617
ARHGAP21,10,24583609,24723887
MAPT,17,45894358,46028334
SYNPO2L,10,73644881,73663803
KRT23,17,40922700,40937646
SIPA1L1,14,71320277,71741230
RAD52,12,910870,990053
HEATR5A,14,31290636,31420607
CST5,20,23875934,23880081
RXYLT1,12,63779833,63809792
TMEM120A,7,75986831,75994656
ALG9,11,111782195,111872405
LAMTOR2,1,156054738,156058510
VGLL4,3,11556069,11771350
C3orf80,3,160225422,160228213
ITGA2,5,52989320,53094779
MYOCD,17,12665890,12768949
TIMM10,11,57528406,57531031
BIVM-ERCC5,13,102799110,102875994
PAQR3,4,78887127,78939438
MCCC2,5,71579531,71658706
PRKACA,19,14091688,14118084
RGPD1,2,86913783,87013976
ZNF107,7,64666099,64711577
ANTXRL,10,46286345,46330727
GBP1,1,89051505,89072769
LNX2,13,27545911,27621344
FRRS1L,9,109130293,109167249
EXD1,15,41182725,41230757
STAT6,12,57095404,57132139
ZNF776,19,57746815,57758148
KCNJ14,19,48455574,48466980
SCGB1D1,11,62190216,62193539
RBFOX2,22,35738736,36028824
TPP1,11,6612768,6619448
YWHAH,22,31944522,31957603
MARCOL,5,148221650,148243580
PRMT3,11,20387549,20509350
OR2L3,1,248046836,248063407
DEFB113,6,49968677,49969625
DSN1,20,36751791,36774298
SLC9A2,2,102619553,102711355
GASK1B,4,158124474,158174249
SCGB1C1,11,193078,194575
GBP6,1,89363895,89388160
UGP2,2,63840950,63891590
UQCRC1,3,48599002,48610976
NEDD1,12,96907224,96953780
ADAMTSL2,9,133532164,133575522
MAMDC4,9,136850943,136860802
NPS,10,127549309,127553540
PNPLA6,19,7534004,7561764
KRT16,17,41609778,41615899
FBXO46,19,45710624,45730919
NOL9,1,6521347,6554536
CCDC107,9,35658290,35661511
RNF115,1,145738868,145824095
SIGLEC12,19,51491227,51501800
NELL1,11,20669551,21577711
EPPIN,20,45540626,45547752
FAM149A,4,186104419,186175337
RAB36,22,23145366,23165663
SCRG1,4,173384701,173410218
ZKSCAN1,7,100015570,100041689
POT1,7,124822386,124929959
DEAF1,11,644224,707118
TAAR8,6,132552672,132553756
TRAPPC10,21,44012309,44106553
ZNF843,16,31432593,31444323
TOMM40,19,44890569,44903695
PTGES3,12,56663338,56688408
SELP,1,169588421,169630193
DNTTIP1,20,45791946,45811427
CCDC198,14,57469300,57493872
BUB1B-PAK6,15,40218500,40264890
GLCE,15,69160584,69272217
RANGRF,17,8288631,8290092
HERC4,10,67921899,68075342
ILKAP,2,238170400,238203756
HAUS7,X,153447655,153495516
MMP21,10,125753580,125775913
SLC25A43,X,119399336,119454478
MRRF,9,122264603,122331337
MEX3D,19,1554672,1568325
HEATR1,1,236549005,236604516
DACT1,14,58633967,58648321
TUFT1,1,151540305,151583583
SLC30A1,1,211571568,211579161
HTR1E,6,86936662,87017155
GMFB,14,54474466,54489077
NFKBIL1,6,31546870,31558829
POLM,7,44070915,44082530
CYP27B1,12,57762334,57768986
MYO15A,17,18108756,18179802
C11orf24,11,68261335,68272001
PODN,1,53061293,53093681
PSMC1,14,90256527,90275429
IGF1,12,102395874,102481744
TBCCD1,3,186546067,186570543
H3C11,6,27871845,27872346
KRTAP2-1,17,41046541,41047316
VAV2,9,133761892,133992854
KHNYN,14,24423052,24441843
OPTN,10,13099449,13140320
ADAMTS16,5,5140329,5320304
CCDC185,1,223393415,223395465
LBR,1,225400900,225428925
HLA-DPA1,6,33064569,33080781
DPH2,1,43969978,43973373
BMP4,14,53949736,53958761
HNF4A,20,44355699,44432845
VPS13B,8,99013266,99877580
NUP160,11,47778087,47848557
AIFM3,22,20965108,20981364
KHDRBS2,6,61630234,62286225
PDILT,16,20359175,20404737
PRKD3,2,37250502,37324833
OR10G9,11,124023013,124023948
PLSCR3,17,7389727,7397054
IMPDH2,3,49024321,49029452
AP4E1,15,50908672,51005895
RPS6KA3,X,20149911,20267519
NUTM2D,10,87357720,87370695
CISD2,4,102868971,102892807
TSEN2,3,12480529,12541549
C9orf78,9,129827194,129835863
KLHL25,15,85759326,85794948
SLC5A1,22,32043050,32113029
BOLL,2,197726879,197786762
ACBD7,10,15075475,15088776
ASAH1,8,18055992,18084998
TMED7,5,115613210,115634830
KRTAP20-1,21,30616425,30616699
CIR1,2,174348022,174395712
ERI1,8,9002147,9116746
ZNF816,19,52949377,52962911
TMEM30B,14,61277370,61281761
CAMK1G,1,209583714,209613939
PGR,11,101029624,101129813
KLRC4,12,10403059,10409757
UQCC1,20,35302566,35412070
COX14,12,50112082,50120457
TBL1Y,Y,6910686,7101970
SHH,7,155799980,155812463
CLRN1,3,150926163,150972727
COX6C,8,99873200,99893759
BIN3,8,22620418,22669148
ZC2HC1A,8,78666050,78719765
LYPD4,19,41837074,41844697
OCRL,X,129539849,129592561
SPANXB1,X,141002594,141003706
SBK1,16,28259246,28323849
FAM161B,14,73931501,73950414
RAPGEF4,2,172735274,173052893
TUBGCP4,15,43369221,43409771
GPSM3,6,32190766,32195523
BICD2,9,92711363,92764833
TCHHL1,1,152084141,152089064
USP32,17,60177327,60422470
PIK3AP1,10,96593043,96720534
RAB2B,14,21459020,21476960
NPPA,1,11845709,11848345
SLC47A1,17,19495385,19579034
TPT1,13,45333471,45341284
PRSS38,1,227815675,227846470
RPL41,12,56116590,56117967
EIF4E2,2,232550659,232583644
SLC5A2,16,31483002,31490860
RDH14,2,18554723,18560679
DTX3,12,57604484,57609804
CXCL6,4,73836640,73849064
SMAD3,15,67063763,67195173
CPVL,7,28994636,29195451
MAP4,3,47850678,48089295
STYX,14,52730043,52774989
ATXN7L1,7,105604772,105876599
GSTA3,6,52896639,52909701
ARAF,X,47561182,47571921
C2orf74,2,61145068,61164828
KDM4A,1,43649256,43705518
ASIC1,12,50057548,50083621
ANKRD66,6,46746933,46759506
TLK2,17,62458658,62615481
MAGEE1,X,76427710,76431342
HELQ,4,83407343,83455855
RXRA,9,134317098,134440585
LARP4,12,50392383,50480007
FCRL1,1,157792249,157820183
RPTOR,17,80544819,80966371
DGKD,2,233354484,233472104
SPECC1L,22,24270817,24417740
RUSC2,9,35489712,35561898
ARHGAP40,20,38601775,38651035
HMGB3,X,150980509,150990775
ZNF766,19,52269587,52296046
SPRED3,19,38388421,38399588
PLRG1,4,154535005,154550403
RSPH9,6,43644229,43672604
MT1E,16,56625475,56627112
AGAP4,10,45825594,45853875
ALDH3A1,17,19737984,19748943
C12orf75,12,105235290,105396097
METAP2,12,95473520,95515839
HMGXB4,22,35257452,35295807
ERAP2,5,96875986,96919703
METTL16,17,2405562,2511891
UBE2Q1,1,154548550,154559028
MFSD12,19,3538261,3574290
MMGT1,X,135960588,135974029
RBAK-RBAKDN,7,4983718,5073221
METTL3,14,21498128,21511362
MORN2,2,38875976,38882709
MOB4,2,197515571,197553699
C12orf57,12,6942938,6946003
AP2S1,19,46838136,46850882
TMEM205,19,11342776,11346518
DNAJC1,10,21756538,22003769
TXN,9,110243810,110256604
HES3,1,6244179,6245578
BCAP31,X,153698006,153725957
FIZ1,19,55591371,55606194
LCE3A,1,152622834,152623103
EDC4,16,67873049,67884516
AZIN2,1,33081104,33123492
RFPL1,22,29438583,29442455
COQ5,12,120503279,120534434
CEACAM19,19,44662278,44684360
RNFT1,17,59952240,59964761
SLC25A41,19,6426037,6433779
DCAF1,3,51395867,51500088
UBE2G2,21,44768580,44801826
RANBP17,5,170861870,171300015
HOXC5,12,54033050,54035361
ELP4,11,31509755,31790324
TEX48,9,114666434,114682192
CCZ1B,7,6794134,6826770
SLC13A4,7,135681231,135729258
SERINC4,15,43794162,43800220
CRLF2,Y,1190490,1212723
IRF7,11,612551,615983
HHIP,4,144646156,144745271
RHOXF2,X,120158613,120165630
ZNF296,19,45071500,45076478
GSTM1,1,109687340,109709039
TEX2,17,64147227,64263291
INSR,19,7112255,7294414
FXYD7,19,35143148,35154302
OR51B4,11,5301014,5301946
CARD18,11,105137714,105531697
SPRY2,13,80335518,80342983
NXF5,X,101832537,101843278
WFDC12,20,45123425,45124465
IRF2,4,184385702,184474558
MLLT6,17,38705273,38729795
SLURP2,8,142764338,142769828
UBE2U,1,64203623,64267368
AGXT,2,240868543,240881531
SLC25A23,19,6436079,6465203
SCRN2,17,47837683,47842125
CD163,12,7470811,7503910
SPN,16,29662979,29670876
FANCF,11,22622533,22625823
HNF1B,17,37686431,37745091
HMOX2,16,4474246,4510352
TAS2R60,7,143443453,143444409
SURF1,9,133351758,133356676
FOXF2,6,1389576,1395603
OXSR1,3,38165089,38255484
GNB1L,22,19783223,19854939
GABPB1,15,50275389,50355440
EIF3A,10,119033670,119080835
OTOS,2,240139026,240144562
NHLRC1,6,18120440,18122677
CLDN19,1,42733093,42740254
OR11G2,14,20190896,20201075
KNSTRN,15,40382721,40394288
SDCBP2,20,1309909,1329211
ST3GAL2,16,70375977,70439263
SEPTIN7,7,35800932,35907110
IL17RA,22,17084934,17115693
POU5F2,5,93733220,93741600
GLTP,12,109850943,109880541
NR1D2,3,23945286,23980637
ALDH8A1,6,134917298,134950129
RAP2A,13,97434169,97469128
RAB9B,X,103822327,103835153
CREB3L3,19,4153621,4173057
SEC16A,9,136440096,136483843
LOXL3,2,74532258,74555718
ZNFX1,20,49237946,49278426
CTSD,11,1752752,1764573
KLHL41,2,169509687,169526262
PTGS1,9,122370530,122395705
IDS,X,149476988,149521096
SH3YL1,2,217730,266398
RMDN3,15,40733696,40755851
TAS2R7,12,10801532,10802627
CACNG3,16,24256286,24362412
ALOX15,17,4630919,4642294
RSAD2,2,6865557,6898239
IQCK,16,19716456,19858467
SOX15,17,7588178,7590094
TLDC2,20,36873061,36894237
CFAP47,X,35919734,36385317
RTP2,3,187698259,187702656
ZNF835,19,56661980,56671783
SHLD1,20,5750372,5864395
PRKCI,3,170222124,170305978
DCAF11,14,24114010,24125614
PLD5,1,242082986,242524697
STK10,5,172042079,172188332
CDX4,X,73447053,73455171
COA1,7,43608456,43729857
TXNDC5,6,7881440,7911011
VCPIP1,8,66628487,66667231
ARHGAP25,2,68679601,68826833
CLMP,11,123069853,123196697
INAFM1,19,47274373,47277755
ACTG1,17,81509413,81523847
VTA1,6,142147162,142224685
CD4,12,6786858,6820807
DUSP16,12,12473282,12563147
COL6A2,21,46096722,46132851
MUC22,6,31010474,31035402
NTF4,19,49061066,49065076
GUCA1C,3,108907792,108953879
POU6F1,12,51186936,51218062
ARHGAP12,10,31805398,31928876
PSMB7,9,124352999,124415476
ACKR2,3,42804586,42887974
RANBP3,19,5916139,5978144
HNRNPUL1,19,41262496,41307787
RPS27A,2,55229447,55236044
F8A1,X,154886355,154888061
MSANTD2,11,124766498,124800706
PLCG1,20,41136931,41196801
SLAIN2,4,48341472,48426201
RALGPS2,1,178725165,178921842
ACSL6,5,131949973,132012243
MGAT4B,5,179797597,179806979
RETREG1,5,16473038,16617101
GLIPR1L2,12,75391089,75432688
PCNT,21,46324124,46445769
MTAP,9,21802636,21937651
FRY,13,31846713,32299125
POMT1,9,131502789,131523806
SFRP4,7,37905932,38025695
C9orf163,9,136483495,136486067
NPR1,1,153677965,153694110
RAB5IF,20,36605779,36612557
CEMIP,15,80779343,80951776
UBE2L5,13,30422488,30429758
MDM4,1,204516369,204558120
MAJIN,11,64937517,64972108
RING1,6,33208491,33212722
DNAJC6,1,65248219,65415871
ZSCAN9,6,28224886,28233487
CLDN5,22,19523024,19527545
NEK11,3,131026850,131353043
ADH1B,4,99304971,99321659
PPAT,4,56393362,56435616
IDO1,8,39902275,39928790
ANKH,5,14704800,14871877
CCDC190,1,162824458,162868957
BDH2,4,103077592,103099880
SDHAF3,7,97117698,97181763
ZBTB49,4,4290238,4321786
C4A,6,31981991,32004877
NAT10,11,34105608,34147670
KCNH5,14,62699464,63102037
SCRN1,7,29920104,29990289
SEMA7A,15,74409289,74433958
PLXNA4,7,132123340,132648688
LPP,3,188152994,188890671
SEC31B,10,100486639,100519864
TNFRSF21,6,47231532,47309947
MCTS1,X,120594010,120621159
KCTD3,1,215567022,215623007
MYH4,17,10443290,10469559
PTCH2,1,44819154,44843253
GFRA3,5,138252380,138274621
LITAF,16,11546875,11636395
C1orf43,1,154206668,154220681
EPHB4,7,100802563,100827555
KDSR,18,63327566,63367615
FAM25G,10,47487219,47491700
DEFB116,20,31303212,31308585
SIX3,2,44941702,44946071
MVP,16,29820394,29848039
RGS17,6,153004459,153131282
NPR2,9,35791003,35809732
TCP11L1,11,33039417,33105943
MAGEC2,X,142202342,142205290
FANCD2OS,3,10081317,10108255
YLPM1,14,74763316,74859435
PTHLH,12,27958084,27972755
UBE2D3,4,102793516,102869287
ZER1,9,128729785,128772414
PRUNE1,1,151008420,151035713
PVALB,22,36800682,36819479
CCT2,12,69585423,69601577
ST8SIA2,15,92393881,92468728
DENND2A,7,140518418,140673993
H3-3A,1,226061571,226073206
CCT6A,7,56051685,56063991
ZBTB22,6,33314406,33318021
DHRS4,14,23953713,23969279
TSEN15,1,184051651,184123978
ARHGEF4,2,130836914,131047263
TNFRSF1A,12,6328757,6342114
BEST4,1,44781836,44791550
SLC36A4,11,93144174,93197991
GGT5,22,24218000,24245748
COPRS,17,31851871,31859291
SCAI,9,124942608,125143528
GNA15,19,3136033,3163749
TTC34,1,2636986,2801693
ARL17B,17,46274184,46361766
SDHA,5,218274,257083
EIF5,14,103333544,103345025
COL6A5,3,130345516,130484846
MRPS5,2,95085369,95122006
YME1L1,10,27110088,27155266
SPATS2,12,49366240,49528438
H3C7,6,26250142,26250635
SELL,1,169690665,169712202
FAM78A,9,131258076,131277365
CHM,X,85861180,86047561
ZSCAN5A,19,56219670,56368383
NPIPB5,16,22479121,22536540
CCDC142,2,74471986,74483408
NOTCH2NLB,1,148597331,148679746
ASNS,7,97851677,97872542
WNT6,2,218859805,218874233
MRGPRF,11,69004376,69014407
HBG2,11,5253188,5505605
ZNF470,19,56567468,56588911
CCAR2,8,22604629,22620964
MYBPC2,19,50432805,50466328
ENPP3,6,131628292,131747418
PCBP3,21,45643694,45942454
NPEPPS,17,47522942,47624665
RAB31,18,9708246,9862551
NDUFB9,8,124539101,124580648
SMARCE1,17,40624962,40648654
CLEC1A,12,10069554,10111627
ZIC1,3,147393422,147510293
ATP6V0D1,16,67438005,67481188
RNASE12,14,20590073,20591376
FBXW8,12,116910839,117032498
ZBTB8B,1,32465050,32496686
CMTM6,3,32474175,32502852
OR14K1,1,247738615,247739559
BUD13,11,116748170,116773039
MAGEA4,X,151912495,151925173
MICOS10,1,19484403,19629821
DEPDC1B,5,60596912,60700194
ZNF180,19,44470957,44500540
C1orf146,1,92217915,92245813
BBS12,4,122732702,122744942
ZNF396,18,35366694,35381746
S100A14,1,153614255,153616996
POLR2I,19,36113709,36115213
DALRD3,3,49015488,49022293
PMEL,12,55954104,55973317
TBX18,6,84687351,84764598
ANKRD35,1,145866560,145886088
GPR137B,1,236142148,236221865
KLHL12,1,202891096,202928636
PARPBP,12,102120122,102197531
WDR4,21,42843013,42879582
KRTAP4-8,17,41096981,41098142
EDNRB,13,77895481,77975529
TRIM33,1,114392781,114511244
PANK2,20,3888839,3929887
MTRR,5,7851186,7906025
TEAD4,12,2959330,3040676
DOP1B,21,36156758,36294275
LGALS2,22,37570248,37582616
SVIP,11,22813799,22830299
VEGFA,6,43770184,43786487
HHLA1,8,132061480,132111159
EAF1,3,15427598,15450635
TMED2,12,123584526,123598582
ADGRL1,19,14147743,14206204
PCDHGA11,5,141421047,141512975
SLC35E4,22,30635781,30669016
FGF17,8,22042398,22048809
PTCD3,2,86106223,86142157
ADGRF3,2,26308173,26346817
CENPO,2,24793111,24822376
OR4S1,11,48306223,48307152
ADSS2,1,244408494,244451909
WFDC10A,20,45629739,45631196
MCFD2,2,46901870,46941855
INPP1,2,190340590,190371665
INO80C,18,35452230,35497979
SLC5A5,19,17871945,17895174
CXCR3,X,71615916,71618511
EPS8,12,15620134,15882330
NEPRO,3,113002444,113019861
TYRP1,9,12685439,12710285
OR5J2,11,56176618,56177556
ARHGAP44,17,12789498,12991643
LPL,8,19901717,19967267
CHRNE,17,4897771,4934438
SNRNP48,6,7590189,7611967
PCSK6,15,101289784,101525202
TRPA1,8,72019608,72089998
YTHDF3,8,63168553,63212786
NDRG2,14,21016763,21071094
FAM199X,X,104166453,104195902
C1orf159,1,1081811,1116361
EPX,17,58192726,58205174
NXF2B,X,102360395,102440008
ADAMTS8,11,130404923,130428609
REG1B,2,79085023,79088019
EARS2,16,23520754,23557731
SELENON,1,25800193,25818221
IL23A,12,56334174,56340410
C1orf232,1,26164101,26168963
CPLX1,4,784957,827043
ZPR1,11,116773799,116788046
FTCD,21,46136083,46155581
NUDT8,11,67627937,67629937
ZNF317,19,9140380,9163424
KIRREL3,11,126423358,127003460
OGFOD3,17,82389210,82418637
TMX2,11,57712562,57742987
VPS25,17,42773449,42779599
NAT8B,2,73700622,73701305
INS-IGF2,11,2132538,2161209
CD48,1,160678746,160711831
ANKS6,9,98731329,98796965
SSMEM1,7,130206344,130216844
PLA1A,3,119597808,119629816
C1orf115,1,220690363,220699153
GATB,4,151670458,151761028
ADAMTS14,10,70672367,70762441
RPS27L,15,63125872,63158021
NUDT4B,1,148748774,148752415
SEMA3A,7,83955777,84492939
TRPM5,11,2404515,2444514
ABRACL,6,139027494,139043742
CASP4,11,104942866,104969366
ECM2,9,92493554,92536736
TLCD5,11,120325180,120333686
TDO2,4,155854738,155920414
COPZ2,17,48026142,48038030
CCNY,10,35247025,35572669
SNX31,8,100572882,100663415
KHDRBS3,8,135457456,135656722
CEND1,11,787115,790113
CLYBL,13,99606641,99909459
ZC3H12D,6,149446795,149485014
KLRF2,12,9881489,9895833
NPPC,2,231921809,231926396
CISD3,17,38730318,38735605
TPR,1,186311652,186375693
SLC25A10,17,81711951,81721969
ANGEL2,1,212992182,213015867
MGAM,7,141907813,142106747
FCGR3A,1,161541759,161550968
DAG1,3,49468649,49535619
APOH,17,66211595,66256525
AKAP3,12,4613383,4649072
GLMN,1,92245788,92299009
RBM19,12,113816738,113966344
FGF7,15,49423170,49488775
AMELX,X,11293413,11300761
ASPHD2,22,26428729,26445015
ECHDC1,6,127288712,127343609
SLC36A3,5,151276358,151303766
POLG,15,89305198,89334861
ASMTL,Y,1403138,1453786
TMEM230,20,5068232,5113452
RAB32,6,146543825,146554964
TRIM44,11,35662537,35818007
CD1A,1,158254424,158258269
THAP7,22,20999104,21002196
GFI1,1,92472360,92486925
TTC39B,9,15163622,15307360
SBNO2,19,1107636,1174295
LDLRAD2,1,21812265,21825225
MSANTD4,11,105995623,106022410
CACNG5,17,66835117,66894751
VPS11,11,119067789,119082753
DELE1,5,141923819,141946919
DCDC1,11,30830369,31369810
UQCC2,6,33690635,33711727
LTF,3,46435645,46485234
ANXA3,4,78551621,78610493
CAT,11,34438906,34472061
KIAA1328,18,36828982,37232172
KIRREL1,1,157993273,158100262
LAS1L,X,65438549,65534818
TUBA3D,2,131476119,131482934
OSTF1,9,75088480,75149429
ZSWIM3,20,45857614,45879131
SMPD1,11,6390414,6394998
EGLN1,1,231363751,231422744
C1QL2,2,119156243,119158751
OR56B1,11,5736448,5738523
YY2,X,21855987,21858740
OTOP1,4,4188726,4226929
WASHC1,9,14475,73865
CELA2A,1,15456728,15472091
PTCD1,7,99416739,99466163
BIRC2,11,102347208,102378680
NTPCR,1,232950564,232983882
OR4F4,15,101922042,101923113
FAM221A,7,23680114,23703249
TRPV2,17,16415571,16437003
SLC9A7,X,46599251,46759193
PUM3,9,2720469,2844130
POLI,18,54269510,54321266
HGF,7,81699010,81770438
ENKD1,16,67662945,67667265
PRAMEF33,1,13303539,13308907
AGBL2,11,47659591,47715389
LRGUK,7,134127299,134264595
ACAD9,3,128879596,128924003
GPSM2,1,108875350,108934545
STK32A,5,147234963,147387855
PLA2G10,16,14672548,14694308
GBF1,10,102245371,102382899
LAPTM4B,8,97775057,97853013
PTGS2,1,186671791,186680922
B4GALNT2,17,49132460,49178647
MYH9,22,36281279,36388010
LETMD1,12,51047962,51060426
SFSWAP,12,131711081,131799738
MRM1,17,36601583,36608971
STRN,2,36837698,36966625
B2M,15,44711253,44718851
UBR1,15,42942897,43106113
HEATR3,16,50065964,50107272
STXBP5L,3,120908072,121424761
BEND7,10,13438484,13529237
TPCN2,11,69048850,69136316
HAT1,2,171922429,171986153
PRKAR1A,17,68511780,68551319
ZNF428,19,43607223,43619639
SGCE,7,94524204,94656572
FUT7,9,137030174,137032825
TRPV4,12,109783087,109833406
UBTFL1,11,90085950,90087131
FSCB,14,44504149,44507283
KPNA6,1,32108056,32176563
SLC22A8,11,62989154,63017561
SLC16A8,22,38078134,38084184
EFCAB7,1,63523372,63572693
CORO1C,12,108645109,108732563
XPR1,1,180632016,180890279
EBLN2,3,73061659,73063337
CLEC4D,12,8509475,8522366
COLQ,3,15450132,15521928
FAM222A,12,109713825,109770495
RCC1,1,28505943,28539300
MAT2B,5,163503114,163519558
PPA1,10,70202831,70233911
AQR,15,34851782,34969765
ZNF627,19,11559374,11619161
EFCC1,3,129001304,129040742
CLDN24,4,183321764,183322426
CELF6,15,72284727,72320448
PIWIL1,12,130337887,130372637
NAGA,22,42058334,42071198
NCR3LG1,11,17351800,17377341
CCDC86,11,60842113,60851081
CABLES1,18,23134564,23260470
PCDHB8,5,141177790,141182369
CCDC175,14,59504539,59576812
PGAM1,10,97426124,97433444
ZNF141,4,337800,384868
CTTNBP2,7,117710651,117874139
NFKBIZ,3,101827991,101861022
ANKRD2,10,97572499,97583896
UMODL1,21,42062959,42143453
TEKT3,17,15303811,15341632
ZNF460,19,57279982,57296357
PPP1R16B,20,38804915,38923025
C5orf58,5,170229104,170252575
DDT,22,23970542,23980525
CYTH4,22,37282027,37315346
CDH9,5,26880597,27121150
PRSS27,16,2712419,2721166
LIPE,19,42401497,42427388
FOXQ1,6,1312098,1314758
C3orf20,3,14675141,14773036
S100A4,1,153543613,153550136
IGHMBP2,11,68903863,68940602
SYNGR4,19,48364367,48376377
GOSR1,17,30477362,30527592
ORM2,9,114329788,114333254
IFT172,2,27444377,27489836
CCDC34,11,27330827,27363248
IRF1,5,132440440,132508719
TINAGL1,1,31576485,31587689
TMTC1,12,29500840,29784759
KCTD9,8,25427847,25458476
KRTAP10-3,21,44557790,44558795
OAZ2,15,64687573,64703281
ADGRL2,1,81306112,81993940
MELTF,3,196980590,197029874
RNF227,17,7913339,7916289
SDK2,17,73334384,73644445
OR10AC1,7,143509256,143519469
TMEM143,19,48332355,48364245
SYNRG,17,37514807,37609472
VEPH1,3,157259742,157533619
MRPL27,17,50367857,50373207
KCNV2,9,2717510,2730037
TEX51,2,126898864,126902097
FAM24B,10,122849078,122879641
SEC23B,20,18507520,18561415
LMLN,3,197960200,198043720
TTBK2,15,42738730,42920850
PAH,12,102836889,102958410
ADH4,4,99123657,99157792
ACTL10,20,33666943,33668525
FTCD-AS1,21,46151614,46152647
DNAJC5,20,63894641,63936031
KAT14,20,18137228,18188387
ADORA1,1,203090654,203167407
CCDC69,5,151181052,151224124
DPP6,7,153748133,154894285
RNF148,7,122701668,122702922
BRF2,8,37843268,37849861
GNG8,19,46633953,46636649
AWAT1,X,70234655,70240659
SLA2,20,36612318,36646205
MARK1,1,220528086,220664461
KRT20,17,40874934,40885243
TESPA1,12,54948015,54989104
CBR4,4,168863770,169010311
DLL3,19,39498895,39508481
MRPS10,6,42206694,42217881
SFTA2,6,30931353,30955636
MPV17L,16,15395754,15413271
FAM32A,19,16185380,16192048
CD79B,17,63928738,63932629
HECTD3,1,45002540,45011369
EPDR1,7,37920640,37951936
NUDT17,1,145845603,145848954
ASTL,2,96122818,96138564
BAIAP3,16,1333638,1349439
RBMY1F,Y,22168542,22182982
GALNT5,2,157257578,157318491
GIMAP1,7,150716606,150724284
GDE1,16,19501693,19522123
MAPRE2,18,34976928,35143470
PRPS2,X,12791355,12824223
ANKMY1,2,240479422,240569209
SELENOT,3,150602875,150630436
RPS21,20,62385948,62388534
RCOR2,11,63911220,63919787
SCAMP2,15,74843728,74873374
CD164,6,109366514,109382469
LRRC39,1,100148424,100178267
ZNF587,19,57849841,57865117
NAPA,19,47487637,47515091
RENBP,X,153935269,153944687
ACOT2,14,73567620,73575658
ABO,9,133233278,133276024
CCDC92B,17,2720801,2749652
PRRG4,11,32829675,32858120
RRN3,16,15060022,15094311
DAPK1,9,87497228,87709073
XAGE5,X,52811287,52818301
CSTL1,20,23426104,23444930
CD69,12,9752486,9760901
ASB11,X,15281697,15315640
MTLN,2,110211529,110245420
TRIM68,11,4598672,4608231
S100B,21,46598508,46605208
DEFA4,8,6935820,6938306
CHD8,14,21385194,21456126
SLC39A7,6,33200305,33204439
PLA2G2E,1,19920009,19923617
ZMYM2,13,19958677,20091829
ENTPD7,10,99659415,99711241
CST6,11,66012008,66013505
CREM,10,35126791,35212958
RAB40A,X,103496541,103526752
BTNL3,5,180988846,181006727
CPED1,7,120988697,121297980
NDUFB6,9,32553001,32573184
BOP1,8,144262045,144291438
UGT1A4,2,233718736,233773300
C16orf96,16,4556340,4600758
IFFO2,1,18904280,18956676
TSNARE1,8,142212077,142403213
NOTO,2,73202574,73212513
CAP2,6,17393375,17557792
TNFAIP3,6,137866383,137885836
MCOLN2,1,84925583,84997115
CTAGE4,7,144183466,144186080
MIA2,14,39230231,39388513
EDDM3A,14,20745887,20748380
PNKD,2,218269651,218346793
GSK3A,19,42226225,42242625
NECTIN3,3,111070071,111275563
DPEP2NB,16,68013436,68015911
PCGF1,2,74505041,74508361
SPIDR,8,47260878,47736306
PRKAB1,12,119667864,119681624
DENR,12,122752824,122771064
CKS2,9,89311155,89316715
PTK2,8,140657900,141002216
TTC39A,1,51287258,51345116
SPRR2B,1,153070226,153071611
C20orf203,20,32631625,32673941
PAX5,9,36833269,37034268
PRDM12,9,130664594,130682986
NEMP1,12,57055643,57088063
BAALC,8,103140433,103230305
TIAM2,6,154832697,155257723
SLC6A12,12,190069,220144
NFATC2IP,16,28950807,28967092
UROD,1,45010950,45015575
ATP5MC2,12,53632726,53677651
RDX,11,109864295,110296712
YJU2,19,4247080,4269091
ST8SIA1,12,22063773,22437041
CLIC5,6,45880827,46080348
KCNH7,2,162371407,162838767
PTPN5,11,18727928,18792721
TFRC,3,196012511,196082162
SERPINA10,14,94278767,94293295
GRP,18,59220158,59230774
TENM4,11,78652829,79441030
DUXA,19,57154021,57167485
DGLUCY,14,91060044,91226929
LMNTD1,12,25409307,25648579
OR8H3,11,56122373,56123311
KRTAP9-4,17,41249687,41250653
PDZK1,1,145670848,145708148
SDHD,11,112086824,112120016
C2CD5,12,22448567,22544574
TRIM41,5,181222499,181235808
ADORA2A,22,24417879,24443177
TNRC6B,22,40044817,40335808
RPE,2,210002565,210022262
STUM,1,226548764,226609230
CDHR1,10,84194537,84219621
CDH5,16,66366636,66404784
QSOX2,9,136206333,136245812
PRR19,19,42302098,42310814
H2BC21,1,149884459,149886682
PAWR,12,79574979,79690964
NOL8,9,92297358,92325636
POTEF,2,130073535,130129222
ZNF578,19,52453553,52516882
TOP2A,17,40388525,40417896
ST6GALNAC3,1,76074746,76634603
ZFYVE26,14,67727374,67816590
SSX2,X,52696896,52707178
KAT2B,3,20040400,20154404
PLA2G5,1,20028179,20091911
FKBP2,11,64241003,64244132
OR5AS1,11,56027654,56038191
CRYGS,3,186538441,186546702
SDCCAG8,1,243255349,243500095
NIF3L1,2,200888992,200905578
MRPL22,5,154941073,154969411
OR8B2,11,124382394,124384499
ETNK1,12,22625075,22690665
CHID1,11,867331,915579
CEP57L1,6,109095105,109174418
DLL4,15,40929338,40939078
HDHD3,9,113373417,113377473
ALKBH2,12,109088188,109098462
GEMIN4,17,744421,753999
ZNF407,18,74597848,75065671
SAMM50,22,43955399,44010531
SERPINE3,13,51335773,51364735
GOLGA1,9,124878275,124948492
MYLK,3,123610049,123884375
MS4A18,11,60724720,60745028
CENPS,1,10430433,10442808
SYT5,19,55171196,55180314
MEF2B,19,19145567,19192131
MBD2,18,54151606,54224669
LANCL1,2,210427131,210477652
VGLL1,X,136532154,136556807
SLC66A3,2,11155198,11178870
TRIM14,9,98068968,98119399
PLP1,X,103769047,103792677
MYO1G,7,44962662,44979813
ACTL8,1,17755333,17827063
MFSD4A,1,205568833,205602918
CCL22,16,57357925,57366191
PSPH,7,56010312,56051604
SPATA2,20,49903391,49915550
TNKS,8,9555912,9782346
FBXL14,12,1565993,1594581
CDH15,16,89171748,89195492
GRIN2C,17,74842022,74861767
RFESD,5,95646718,95684773
VPS36,13,52412602,52450684
NDE1,16,15643267,15734691
MUL1,1,20499445,20508151
TMEM201,1,9588721,9614877
BAAT,9,101354182,101385400
PHEX,X,22032325,22494713
TNNT3,11,1919456,1938711
MAK16,8,33484696,33501262
NDUFA1,X,119871796,119876689
FNIP2,4,158769026,158908050
ZNF227,19,44207475,44238179
GTF2I,7,74650231,74760706
CTU2,16,88706473,88715396
MFSD6L,17,8797110,8799365
DCP1B,12,1946052,2004535
VOPP1,7,55436056,55572988
BTBD6,14,105248533,105251110
IDH3A,15,78131498,78171945
SEMA6B,19,4542588,4581784
AGFG2,7,100539190,100568220
SYT4,18,43267892,43277535
TKTL1,X,154295795,154330350
C20orf141,20,2814987,2815833
ZNF728,19,22974883,23003176
PPP3R1,2,68178857,68256237
STK11IP,2,219595805,219616452
IGFL1,19,46229742,46231243
DYDC1,10,80336105,80356755
BCAR3,1,93561741,93847488
BCO2,11,112175472,112225877
PRG3,11,57376769,57381150
SERTAD4,1,210232596,210246631
URAD,13,27977717,27988693
NRGN,11,124739939,124747210
RGPD2,2,87755960,87825817
CBR3,21,36135079,36146566
KIF20A,5,138178719,138188171
C15orf48,15,45430579,45448761
C2orf76,2,119299439,119366860
OR6A2,11,6791736,6799689
TEX14,17,58556678,58692055
PPP2R5B,11,64917553,64934480
PAGE4,X,49793653,49834264
CLEC4C,12,7724646,7751620
ABHD17C,15,80679684,80755621
WDR38,9,124853266,124859132
CREB1,2,207529737,207605988
INTS11,1,1311585,1324687
SMIM23,5,171782432,171796126
ADAMTS3,4,72280969,72569221
H2BC9,6,26251614,26252075
WASHC3,12,102011769,102062149
CNIH3,1,224434660,224740559
FRMPD1,9,37650954,37746904
SPDYE2B,7,102650319,102662625
MS4A6E,11,60327251,60396596
SNRNP200,2,96274338,96321271
LARGE2,11,45918146,45929376
GPR50,X,151176584,151181465
LEKR1,3,156825481,157046129
PRRT4,7,128350325,128361690
DEFB114,6,49960249,49964164
TSPAN16,19,11296139,11326996
H2BC10,6,26272931,26273412
TENM3,4,182143918,182803024
XAB2,19,7619523,7629565
CDK2AP1,12,123250112,123272334
TXNL4A,18,79970813,80033949
FCGR1A,1,149782650,149792526
ANKRD13A,12,109999186,110039763
SERPINB2,18,63871692,63903888
RAD17,5,69369293,69414806
ZDHHC14,6,157381133,157678157
ANKRD22,10,88819896,88851844
MAP3K4,6,160991473,161117385
SH3D19,4,151102751,151409365
ADA2,22,17178790,17258235
SMARCA4,19,10960824,11079426
MAP2K6,17,69414683,69553865
IL1RAPL2,X,104566199,105767829
POLB,8,42338454,42371808
CFHR3,1,196774742,196797364
ATOX1,5,151738084,151772532
KLF10,8,102648783,102655728
COLGALT2,1,183929854,184037729
DSPP,4,87608529,87616873
RPL12,9,127447422,127451446
OSGIN2,8,89901849,89927888
HNRNPL,19,38836370,38852347
PPID,4,158709127,158723406
DLGAP3,1,34865436,34929650
TNS2,12,53046969,53064379
ELF2,4,139028112,139177224
DCANP1,5,135444214,135447348
DRP2,X,101219769,101264502
NBPF11,1,148102042,148152342
SLC30A6,2,32165841,32224379
PPP2R1B,11,111726908,111766658
TPRX1,19,47801232,47819051
MSH6,2,47695530,47810109
RIOK1,6,7389467,7418037
ZNF165,6,28080568,28089563
PNMA8B,19,46486906,46495879
SULT4A1,22,43824509,43862513
TAF1C,16,84177846,84187070
LMAN2,5,177315805,177351840
TIAL1,10,119571802,119597029
SAA4,11,18231344,18236860
TEX52,12,2849046,2857039
ZNF697,1,119619377,119648454
PHLDB2,3,111732403,111976837
PLOD2,3,146035139,146163725
APOE,19,44903787,44909396
NCBP1,9,97633448,97673748
ARL9,4,56505209,56524959
NPC1,18,23506184,23586969
TAS2R8,12,10806051,10807286
OR2G2,1,247588360,247589313
GFOD1,6,13357830,13487662
RREB1,6,7107418,7251982
PTBP3,9,112215071,112333695
MYADM,19,53864763,53878125
SLC45A4,8,141207166,141308318
CPSF4L,17,73248449,73262352
GRAMD4,22,46575644,46679790
PCNX4,14,60091911,60169133
DHX34,19,47349312,47383247
NPM3,10,101781318,101783446
PHACTR2,6,143536845,143831185
TMEM204,16,1528688,1555580
OR9G9,HG151_NOVEL_TEST,18234,19151
EXOC7,17,76080995,76121576
ZZEF1,17,4004445,4143628
GSDMC,8,129748196,129786624
COLEC10,8,118995452,119108455
HECW2,2,196189099,196593684
SFT2D2,1,168225938,168253021
EHBP1,2,62673851,63046487
ACAD8,11,134253514,134265855
FARS2,6,5261044,5829192
NCR3,6,31588895,31593217
CFAP61,20,20052514,20360703
TM9SF4,20,32109714,32167258
ADGRV1,5,90529344,91164437
P2RY14,3,151212115,151278811
KLK14,19,51077317,51086530
NAA38,17,7856685,7885238
NEDD8-MDP1,14,24213955,24232352
TRIM67,1,231162058,231221565
MAP1B,5,72107234,72209565
ZFPM1,16,88453280,88537031
ISL1,5,51383443,51394730
MCTP2,15,94231526,94483952
OLFM2,19,9853718,9936558
SLC35G3,17,35192520,35194393
USP17L1,8,7332387,7333979
STAM2,2,152116801,152175771
PREX1,20,48624249,48828096
PTBP2,1,96721573,96823738
SFMBT1,3,52903564,53046750
EID2,19,39538707,39540161
ZNF821,16,71859680,71895336
TCIRG1,11,68039025,68050895
CACNA2D3,3,54122427,55074557
TUSC3,8,15417215,15766649
ABCA2,9,137007234,137028915
ME1,6,83210393,83431208
PCYT1B,X,24558087,24672677
NKX2-8,14,36580004,36582614
APTX,9,32886601,33025130
CLIP1,12,122271432,122422778
RSPH14,22,23059415,23145021
WLS,1,68098473,68233120
LYSMD4,15,99715697,99733561
PTTG2,4,37960398,37961128
PPIAL4D,1,145241415,145242174
FANCE,6,35452318,35467106
RYBP,3,72371825,72446621
TMEM170A,16,75443054,75465497
EIF4H,7,74174231,74197122
MGARP,4,139266165,139280346
SDR9C7,12,56923133,56934408
RPN1,3,128619968,128681075
NEK2,1,211658657,211675663
DHPS,19,12673411,12681894
ZCCHC10,5,132996985,133026604
DCAF13,8,103414714,103443579
SLC6A1,3,10992186,11039247
NPR3,5,32689070,32791724
DUS3L,19,5784832,5791225
HYKK,15,78507564,78537372
BBS7,4,121824329,121870494
RPH3AL,17,212389,386376
FAAP24,19,32972209,32978229
IER2,19,13150411,13156981
TMOD2,15,51751564,51816363
SEL1L2,20,13849247,13996443
GRTP1,13,113324163,113364158
SNX17,2,27370496,27377535
FEZ2,2,36531805,36646087
SRGAP1,12,63843761,64162217
PNMA6F,X,153317680,153321767
XPNPEP2,X,129738949,129769547
CRYBG1,6,106360717,106572017
SLC35D2,9,96313444,96383711
ZRANB3,2,135136916,135531228
CTDSP1,2,218397136,218405942
GPR135,14,59429022,59465380
GLS2,12,56470945,56488414
RMDN2,2,37923187,38067142
ATP6V0C,16,2513713,2520218
SLC35A1,6,87470623,87512336
APOC4,19,44942235,44945496
CRADD,12,93677375,93894840
AFAP1L1,5,149271823,149343637
FKBP9,7,32957404,33006930
SMPDL3A,6,122789049,122809720
REC114,15,73443164,73560013
ATF3,1,212565334,212620777
C9orf50,9,129612225,129621101
SEC22C,3,42547969,42601168
DLG3,X,70444835,70505490
PIP4P2,8,90990482,91041007
MID2,X,107825755,107931637
TAS2R4,7,141776674,141781691
PRSS23,11,86791059,86952910
TNFSF4,1,173162645,173477583
ELOF1,19,11551147,11559325
DNER,2,229357629,229714581
DNAH12,3,57293699,57544344
BHLHA9,17,1270444,1271815
NCBP3,17,3802158,3846246
GPR146,7,1044537,1059269
NEU4,2,241808982,241817415
SH3GLB1,1,86704520,86748184
MTCL1,18,8705271,8832780
RPF1,1,84479257,84498352
PIK3R4,3,130678934,130746829
PLXNA1,3,126982693,127037389
OR7E24,19,9247344,9252625
ZNF449,X,135344199,135363413
THBS1,15,39580130,39599466
CDIPT,16,29858357,29863414
TRMT10B,9,37753774,37778972
RAE1,20,57351223,57379211
GRAMD1B,11,123358251,123627774
WDR75,2,189441429,189479063
ANKRD17,4,73073376,73259147
ANKRD30A,10,37125598,37232567
UGT2B15,4,68646597,68670684
TAF9B,X,78129748,78139688
NAALADL1,11,65044818,65058553
NR4A3,9,99821855,99866891
L1CAM,X,153861511,153886204
RC3H1,1,173931084,174022357
ZNF490,19,12576100,12640098
VWA5B1,1,20290875,20359534
HSD17B2,16,82034988,82098534
PSMG4,6,3231403,3304020
C8orf89,8,73241331,73259530
DRAM2,1,111115884,111140225
SPDYE3,7,100307702,100322372
ATAD2B,2,23748664,23927164
GCNT7,20,56491492,56525925
SEMA4F,2,74654226,74690634
SAMD4A,14,54566117,54793315
TNKS1BP1,11,57299630,57325682
SOX17,8,54457935,54460892
REXO4,9,133406059,133418096
PHKB,16,47461123,47701523
LCE3C,1,152600234,152601086
CGB2,19,49031890,49033238
CCDC80,3,112596797,112649530
TRIM64B,11,89870438,89878487
ATG5,6,106045423,106326477
ATP4A,19,35550031,35563658
POGLUT1,3,119468963,119494708
MST1,3,49683947,49689501
HSD17B10,X,53431258,53434371
MRTO4,1,19251796,19260128
PDE6C,10,93612537,93666010
VAMP2,17,8159149,8163546
ANOS1,X,8528874,8732195
MTRF1,13,41216145,41263775
ANKFY1,17,4163821,4263995
FOLR1,11,72189558,72196323
OR52A5,11,5128776,5138356
C2CD4B,15,62163535,62165719
ADCY10,1,167809386,167914215
SLC26A11,17,80219699,80253509
TVP23C,17,15502264,15563595
RPL34,4,108620508,108632886
CD300E,17,74609878,74623738
OR2D3,11,6921002,6921994
CLP1,11,57648188,57661865
SLC16A5,17,75077226,75106162
RAB37,17,74670578,74747337
CHADL,22,41229510,41240931
BSPRY,9,113349520,113371233
AHSP,16,31527876,31528803
UGGT1,2,128091151,128195677
GABRG1,4,46035769,46124054
ZNF687,1,151281502,151292180
SLC12A2,5,128083714,128189677
SAMD7,3,169911572,169939175
SCFD1,14,30622291,30737694
TXNDC11,16,11679079,11742907
ETV5,3,186046314,186110318
LAMTOR1,11,72085895,72103297
MORF4L2,X,103675360,103688158
TAB1,22,39399778,39437060
NAE1,16,66802874,66873256
ZNHIT1,7,101218161,101224190
YWHAB,20,44885676,44908532
CNGA3,2,98346188,98399797
ADGRF1,6,46997708,47042350
ARMC3,10,22928024,23038523
ENTPD4,8,23385783,23457716
OR2B6,6,27957241,27958182
COQ10A,12,56266846,56270966
SLC35D3,6,136922301,136925660
UBE2W,8,73780097,73878910
LCN12,9,136949551,136955497
MON1B,16,77190835,77202398
GADD45G,9,89605012,89606555
SLC35E1,19,16549831,16572415
ZNF366,5,72439903,72507410
ALPI,2,232456125,232460753
IGIP,5,140125937,140129392
DVL2,17,7225342,7234524
FBXL6,8,144355427,144359376
NKAPD1,11,112074086,112085152
RAB4A,1,229271062,229305894
CEL,9,133061981,133071861
ARL8A,1,202133404,202144743
MAGEB4,X,30242000,30244187
PLEKHA8,7,30027404,30130483
DEFB104B,8,7470308,7475082
H2BC18,1,149782689,149812373
ETV6,12,11649623,11895386
PDGFD,11,103907189,104164379
RAB1A,2,65070696,65130986
ESRRA,11,64305080,64316744
FMO1,1,171248471,171285978
P4HB,17,81843159,81860856
ERICH3,1,74568117,74673792
ST7L,1,112523487,112620825
NRK,X,105822394,105958611
TNP2,16,11267748,11269533
MT2A,16,56608584,56609497
DNAJC11,1,6634168,6701924
TERB2,15,44956687,44979229
IL25,14,23372809,23376403
ATAD3C,1,1449689,1470163
JRK,8,142657460,142681968
ZNF768,16,30524004,30526821
HACD3,15,65530418,65578349
ZNF548,19,57389850,57403498
MRPL14,6,44112290,44128724
SPATA9,5,95652181,95698711
DDX59,1,200623896,200670049
AIMP2,7,6009255,6023834
NEURL4,17,7315628,7329393
TBC1D16,17,79932343,80035877
GRID1,10,85599552,86366795
PABPN1L,16,88863333,88866660
KDM5C,X,53176277,53225422
CEP83,12,94306449,94459988
RTP1,3,187197486,187201462
FBRS,16,30658431,30670810
TTR,18,31557009,31606585
LTC4S,5,179793980,179796647
HLA-DQB1,6,32659467,32668383
NUDT18,8,22105748,22109419
ATG16L2,11,72814138,72843674
ZNF83,19,52612356,52638388
VSIG2,11,124747472,124752255
MOS,8,56112942,56113982
MLPH,2,237485428,237555322
RASAL2,1,178093768,178484147
ACTR1A,10,102461881,102502744
PPP1R1A,12,54575387,54588659
ZMAT1,X,101882288,101932090
CENPF,1,214603172,214664574
ABHD14A-ACY1,3,51974706,51989183
SVBP,1,42807040,42817397
PBLD,10,68282657,68334114
CHRNB4,15,78624111,78727754
DHRS11,17,36591797,36600805
PLXNC1,12,94148577,94307675
OFCC1,6,9596297,9939349
IFNAR2,21,33205282,33265675
FOXB2,9,77018706,77022372
SAP30BP,17,75667230,75708062
CFAP157,9,127706988,127716002
SLC10A2,13,103043998,103066417
EFNA2,19,1285873,1301431
COX19,7,898778,975549
PAIP2,5,139341587,139369720
PUS3,11,125893485,125903224
MIB1,18,21704957,21870953
AURKA,20,56369382,56392566
FAM120A,9,93451685,93566112
C19orf67,19,14081624,14085875
DYNLRB2,16,80540734,80550811
TMEM170B,6,11537748,11583524
EPS15L1,19,16355225,16472085
RNF157,17,76142465,76240532
DOLPP1,9,129081100,129090438
UBFD1,16,23557721,23574394
HGD,3,120628165,120682385
HOXC13,12,53938831,53946544
KLF3,4,38664032,38701517
SCN4B,11,118133377,118152888
CLUAP1,16,3500976,3540653
TRIM43,2,95592001,95599778
OPN3,1,241590102,241677376
GIMAP8,7,150450630,150479395
SLC2A13,12,39755025,40106089
TPX2,20,31739248,31801805
KCNK1,1,233614106,233672514
TUBAL3,10,5393101,5404828
RRS1,8,66429014,66430733
RCAN1,21,34513142,34615113
RTL3,X,78656068,78659532
CDH2,18,27932879,28177946
ITK,5,157142933,157255185
FZD8,10,35638247,35642296
CR1,1,207496147,207641776
CAMK2N1,1,20482391,20486210
SHF,15,45167214,45201175
PPP1R17,7,31687215,31708457
ANO7,2,241188509,241225993
TRIP12,2,229763835,229923239
LITAFD,16,8875704,8885353
MTURN,7,30134986,30162765
NUP35,2,183117513,183163114
MCCC1,3,183015218,183116075
UBE2N,12,93405673,93442258
ZCRB1,12,42312086,42326257
PPL,16,4882507,4960741
MAL,2,95025677,95054932
CARD19,9,93096161,93113283
COQ9,16,57447425,57461274
NSMCE2,8,125091673,125367729
CCDC22,X,49235444,49250526
OR5L2,11,55827219,55828154
LGALS7,19,38770968,38773517
ZNF511-PRAP1,10,133309410,133352529
PRAMEF17,1,13389632,13392629
ANKRD40CL,17,50760971,50767570
HBE1,11,5268345,5505652
MYO10,5,16661907,16936288
C8orf88,8,90958084,90985238
GHRL,3,10285666,10292959
NAXD,13,110615512,110639996
ARHGEF1,19,41883079,41930150
TCAIM,3,44338119,44409451
SLC7A4,22,21028718,21032933
IL1RN,2,113099315,113134016
REM2,14,22883136,22887686
TAS2R41,7,143477873,143478796
WBP2,17,75845699,75856507
CPNE1,20,35626031,35664956
ARF3,12,48935723,48957514
DEFB105B,8,7487679,7489593
KIF13B,8,29067278,29263124
GSS,20,34928432,34956027
SLC45A1,1,8318104,8344167
B3GALT6,1,1232237,1235041
SUPT7L,2,27650809,27663841
RBM15B,3,51391285,51397908
ORMDL1,2,189766012,189784382
TROAP,12,49323216,49331733
ETV3L,1,157092043,157117877
PRSS50,3,46712117,46717869
SNCAIP,5,122311354,122464224
ACKR4,3,132597270,132618967
MND1,4,153344623,153415118
PSMB5,14,23016543,23035230
PSD2,5,139795808,139844470
SPNS2,17,4498850,4539036
FIGLA,2,70777310,70790643
COL4A6,X,108155607,108439497
ASPRV1,2,69960089,69961631
FAM83F,22,39994954,40043534
ARL16,17,81681165,81683797
PROSER1,13,39009865,39038096
AGO3,1,35930696,36072500
SERHL2,22,42553617,42574387
TSPY4,Y,9337464,9340284
PRDM4,12,107732867,107761327
ARPC4,3,9792493,9807107
IRF9,14,24161101,24168043
NMBR,6,142058330,142147122
HBEGF,5,140332843,140346614
F12,5,177402133,177416583
GPR171,3,151197832,151203216
SLCO2A1,3,133932699,134052184
NME5,5,138115169,138139443
YEATS4,12,69359710,69390870
PDIA5,3,123067025,123225227
SPATC1,8,144012280,144047114
RBMY1A1,Y,21534879,21549326
BRIX1,5,34915273,34926622
SNX5,20,17941597,17969022
EFNA1,1,155127876,155134899
CERCAM,9,128411751,128437351
SMIM32,5,136191468,136193162
ELAVL4,1,50024029,50203772
LRRC42,1,53946045,53968168
TRAPPC13,5,65624789,65666233
ECI2,6,4115685,4135597
CCND3,6,41934934,42050357
GIMAP2,7,150685697,150693641
PRKCQ,10,6427136,6580855
H2BC14,6,27815022,27815489
PLOD3,7,101205977,101219968
PLEKHS1,10,113751262,113783429
ZXDC,3,126437601,126475993
TANGO6,16,68843531,69086515
RBM23,14,22893204,22919182
EXO5,1,40508441,40517724
PAMR1,11,35431823,35530300
SPINK6,5,148202794,148215137
ABCB9,12,122920951,122981649
PRDM11,11,45095806,45235110
MBD3,19,1573596,1592869
NHSL2,X,71910845,72161750
NKIRAS1,3,23889951,23946591
BMI1,10,22321078,22331485
SMC1A,X,53374149,53422728
AIP,11,67468174,67491154
DNM3,1,171817887,172418466
AADACL3,1,12716110,12728760
SPATA6,1,48295373,48472279
RAB25,1,156061148,156070514
MESP2,15,89760591,89778754
ERCC6L2,9,95871264,96121154
EXOC1,4,55853628,55905096
NDRG4,16,58462846,58513628
OR51S1,11,4848237,4849208
ABCC2,10,99782640,99852594
PRAMEF22,HG1342_HG2282_PATCH,157184,159964
SLC38A6,14,60981114,61114316
GSPT2,X,51743442,51746232
RPL18,19,48615284,48619213
FAM13B,5,137937960,138051961
HES4,1,998962,1000172
AHR,7,16916359,17346152
CASP2,7,143288215,143307696
ZNHIT3,17,36486629,36499310
DAW1,2,227870931,227924344
MME,3,155024124,155183803
INTU,4,127623271,127726737
WAC,10,28532493,28623112
WNT8B,10,100463009,100483744
TRAPPC8,18,31829197,31953136
HNRNPR,1,23303771,23344358
DHX32,10,125836337,125896514
ELP2,18,36129444,36180557
LHX2,9,124001670,124033301
SOD2,6,159669069,159762529
A4GNT,3,138122901,138132390
CD59,11,33703010,33736639
PRRG1,X,37349309,37492702
DNAJB2,2,219279342,219286898
FLAD1,1,154983338,154993111
S100PBP,1,32816408,32858879
CEP295,11,93661682,93730358
ACACB,12,109116587,109268226
RHOH,4,40191011,40246967
DNM1,9,128191655,128255248
TSSK6,19,19512418,19515548
TMPRSS11F,4,68053198,68129869
CHP2,16,23754618,23758951
ANKRD16,10,5861616,5889906
PPP1R3A,7,113876777,114075920
ACSS1,20,25006230,25058980
PCSK1,5,96390333,96434143
ZNF175,19,51571283,51592510
VAX2,2,70900576,70965373
PAQR4,16,2969242,2973484
TMEM64,8,90621995,90791632
COX7C,5,86617905,86621246
NFAM1,22,42380407,42432403
CHRNA4,20,63343223,63378401
MERTK,2,111898607,112029561
NCS1,9,130172347,130237303
ARNT,1,150808617,150876771
BOD1,5,173607145,173616659
RGS12,4,3293021,3439913
KIF18B,17,44924707,44947776
LECT2,5,135922279,135954983
PAPOLA,14,96501433,96567118
KCTD4,13,45192853,45201045
OR5M9,11,56462469,56463401
LCE6A,1,152842856,152843983
OR5AR1,11,56663686,56664618
ZNF765,19,53389793,53430413
KIF3A,5,132692628,132737638
FGFR1,8,38400215,38468834
RBM46,4,154781213,154828813
DDB2,11,47214457,47239240
HOXA2,7,27100354,27102686
REC8,14,24171853,24180923
DUSP10,1,221700669,221742089
TMEM53,1,44635238,44674481
MRPS35,12,27710801,27756301
PRKDC,8,47773108,47960182
TTC22,1,54779712,54801323
RCCD1,15,90954825,90964809
CYSRT1,9,137225174,137226315
MDFIC2,3,70194479,70312638
STARD13,13,33103137,33350630
ZSCAN5C,19,56202273,56209461
NEU3,11,74984361,75018893
PNMA3,X,153056409,153060467
GABARAPL2,16,75566375,75577881
NAGS,17,44004581,44011028
MICAL2,11,12094008,12362140
C2,6,31897785,31945674
APELA,4,164876944,164899007
SVOP,12,108907741,109021068
MAB21L1,13,35473419,35478764
PDE7A,8,65714334,65842529
DHCR7,11,71428193,71452868
TIMM17A,1,201955476,201970664
LAMA5,20,62307955,62367312
SFXN2,10,102714538,102743492
RUNDC3B,7,87627548,87832296
MTR,1,236795260,236921278
GULP1,2,188291105,188595943
WDR81,17,1716523,1738599
KLHL34,X,21654690,21658330
RBM47,4,40423267,40630892
OR1K1,9,122800123,122801073
SBSPON,8,73064543,73124088
ELN,7,74027789,74069909
LGALS13,19,39602524,39607474
NCAN,19,19211948,19252247
MSL3,X,11758159,11775772
CNPY3,6,42929115,42939903
FRMD7,X,132076990,132128020
KEL,7,142941114,142962363
LMF2,22,50502947,50507732
TSHZ3,19,31149979,31349436
FST,5,53480210,53487134
GLA,X,101393273,101408012
HIF1A,14,61695456,61748263
NAXE,1,156591743,156609507
CENPE,4,103105349,103198463
ZNF623,8,143635518,143656418
TRMT12,8,124450820,124462150
SIGLEC10,19,51410020,51417803
KCTD8,4,44173903,44448928
CTAGE15,7,143571801,143574387
RAMP2,17,42758447,42763041
RMDN1,8,86468257,86514357
ALG2,9,99216425,99221942
PLA2G12B,10,72933098,72954845
KANK1,9,470291,746105
PRDM10,11,129899706,130002853
TCAF1,7,143851364,143903890
SCRN3,2,174395729,174430077
KCNC1,11,17734774,17856804
C9orf85,9,71911457,71986054
NHLRC3,13,39038306,39050109
GMIP,19,19629473,19643657
LPIN1,2,11677544,11827409
MBOAT7,19,54173412,54189882
GABBR2,9,98288096,98709739
DDIT4,10,72273919,72276039
UBE2NL,X,143884071,143885255
UHRF2,9,6413151,6507056
TMLHE,X,155488606,155719107
OGT,X,71533083,71575892
OR5K2,3,98497681,98498631
CD93,20,23065139,23086324
ADA,20,44584896,44652252
SMARCAL1,2,216412383,216483056
TEX13B,X,107980864,107982370
CEBPZOS,2,37191473,37216555
ALS2,2,201700267,201782112
USP4,3,49277144,49340712
NLGN2,17,7404874,7419860
HDLBP,2,241227264,241317061
KLHDC1,14,49693105,49753636
MAP1A,15,43510958,43531620
GPR158,10,25174802,25602229
TMEM218,11,125094386,125111870
TTC24,1,156579723,156587719
HFE,6,26087226,26098343
MAFB,20,40685848,40689236
CMTM8,3,32237207,32370699
AP4B1,1,113894194,113905722
STIM2,4,26857601,27025381
TLR6,4,38822897,38856901
PCDHA12,5,140875302,141012347
NDUFB10,16,1959508,1962021
KRTAP21-2,21,30746794,30747259
TIGD4,4,152768155,152779732
TTF2,1,117060294,117107453
SETDB1,1,150926263,150964744
KMT2B,19,35717973,35738880
EFNB1,X,68828992,68842160
TMPRSS11B,4,68226653,68245694
METTL18,1,169792529,169794991
ABCA5,17,69244311,69327244
ADK,10,74151191,74709963
PLAC8L1,5,146084313,146105577
TIMP1,X,47582408,47586789
SUPT6H,17,28661929,28702682
AGMO,7,15200317,15562017
FAM167B,1,32247222,32248856
WDR89,14,63597039,63642080
TRIM2,4,153152163,153339319
VKORC1L1,7,65873074,65959563
FTCDNL1,2,199760544,199851207
STX6,1,180972712,181023121
ART5,11,3638503,3643187
MLNR,13,49220118,49225201
RELN,7,103471381,103989658
R3HDM2,12,57253762,57431043
BPIFB4,20,33079643,33111751
NUDCD2,5,163446526,163460404
CDC42BPG,11,64823051,64844679
KRT33A,17,41346092,41350828
SLC35B2,6,44254096,44257890
SYF2,1,25222276,25232504
GOLPH3L,1,150646228,150697219
HJURP,2,233833416,233854566
SAC3D1,11,65040901,65044828
APOL5,22,35717872,35729483
SLC47A2,17,19678288,19718979
FABP2,4,119317250,119322138
LRRC25,19,18391137,18397622
SCGN,6,25652201,25701783
CASQ2,1,115698038,115837921
DNAJB5,9,34989641,34998900
SDAD1,4,75940950,75990962
TNFSF14,19,6658085,6670621
LCMT1,16,25111731,25178231
UVRAG,11,75815180,76144259
OPALIN,10,96343216,96359365
KRTAP20-4,21,30620627,30620850
SH3BP1,22,37634654,37656117
JADE3,X,46912276,47061242
ALOX5,10,45374150,45446121
C4B_2,HSCHR6_MHC_SSTO_CTG1,3283246,3303870
OR7A17,19,14878203,14886132
CA5A,16,87881546,87936580
CALR3,19,16479061,16496167
ATG12,5,115828200,115841837
RNF166,16,88696495,88706424
MTMR12,5,32226994,32313013
CLPS,6,35794982,35798251
OST4,2,27070470,27071685
RAB3GAP1,2,135052283,135176667
IFNA21,9,21165637,21166660
ZNF658,9,66856426,66932141
TMEM18,2,663877,677470
CLTB,5,176392494,176416557
OR52B6,11,5580877,5581884
ALCAM,3,105366706,105576909
SYCE2,19,12898786,12919306
TM6SF1,15,83107454,83144854
NPIPB8,16,28637654,28658744
EEF1D,8,143579697,143599541
N4BP1,16,48538726,48620148
LNX1,4,53459301,53701405
DEFB106B,8,7482504,7486400
USP11,X,47232866,47248328
TMEM17,2,62500218,62511894
CLN8,8,1755778,1801711
KRTAP5-6,11,1697195,1697755
BHLHA15,7,98211439,98215457
ATP9A,20,51596514,51768390
NFATC4,14,24365673,24379604
CHI3L1,1,203178931,203186796
TMEM235,17,78231310,78240987
ATRX,X,77504880,77786233
DAPK2,15,63907036,64072033
HPS6,10,102065349,102068036
KIAA1586,6,57046532,57059041
DHX35,20,38962299,39039723
SMC6,2,17663583,17800242
TMEM191C,22,21466423,21471269
LAMP2,X,120426148,120469365
SLC22A2,6,160171061,160277638
TRIM47,17,75874164,75878581
MAFA,8,143419182,143430732
FBXO5,6,152970519,152983579
LGI2,4,24998847,25030965
ITGB1,10,32887273,33005792
LRAT,4,154626945,154753120
GOT1,10,99396870,99430671
PENK,8,56436674,56448048
EXO1,1,241847967,241895148
AEBP2,12,19404045,19720801
PHF11,13,49495095,49528981
CCDC28B,1,32200383,32205453
ETDB,X,135118955,135120526
SMIM27,9,32551144,32568621
AKAP17A,Y,1591604,1602532
GPR22,7,107470018,107476314
TEX19,17,82359247,82363775
SNAI1,20,49982980,49988886
LRRC20,10,70298970,70382650
VAMP1,12,6462237,6470677
VN1R2,19,53258292,53261837
PTPRS,19,5158495,5340941
TENT2,5,79611811,79688246
SRM,1,11054584,11060053
SURF6,9,133328776,133336189
LRRCC1,8,85107116,85146080
RIPPLY3,21,37006150,37019662
TMEM178A,2,39664982,39717963
IRAK2,3,10164863,10243756
SLC18A2,10,117240830,117279430
NYX,X,41445383,41475710
DUSP7,3,52048919,52056571
P4HA2,5,132190094,132295315
GALNT6,12,51351247,51392867
ACER3,11,76860859,77026797
CPO,2,206939518,206969474
SDK1,7,3301252,4269000
UBE3B,12,109477402,109536705
ATXN1L,16,71808439,71885268
HSPH1,13,31134876,31162388
ASB14,3,57268342,57292685
MYBPC3,11,47331406,47352702
UGT2A1,4,69588417,69653249
TMEM42,3,44861889,44865670
SMIM22,16,4788397,4796731
CENPI,X,101098167,101166126
SEMA6A,5,116443555,116576161
NDUFS6,5,1801363,1816051
OR6C1,12,55314343,55322364
BMP3,4,81030632,81057627
TAS2R14,12,10937408,11171573
HDAC1,1,32291921,32333635
ZNF23,16,71447597,71463095
LILRA2,19,54572920,54590287
FCRLB,1,161721544,161728143
DHX16,6,30653119,30673013
CASKIN1,16,2177180,2196605
CPXM1,20,2794069,2800658
MMP1,11,102789401,102798160
GATM,15,45361124,45402327
CRBN,3,3144628,3179727
ECT2L,6,138795911,138904070
KNTC1,12,122527246,122626396
ST6GALNAC1,17,76624756,76643812
SLC15A2,3,121894391,121944188
TRIM59,3,160432445,160485773
UCN,2,27307400,27308445
B3GALNT1,3,161083612,161105445
CEMIP2,9,71683364,71816690
KCP,7,128862042,128910719
IDI2,10,1018910,1025859
SLC26A4,7,107660594,107717809
UBXN1,11,62676498,62679332
PPM1E,17,58755854,58985179
CSE1L,20,49046246,49097015
RSPH6A,19,45795713,45815308
BEND6,6,56954924,57027832
RNPEPL1,2,240565804,240581372
GPR157,1,9100305,9129122
UCN3,10,5364966,5374692
PLEKHA1,10,122374675,122432604
MALRD1,10,19048801,19790401
ESPNL,2,238100340,238133287
ZNF81,X,47836471,48002561
RNASEH2A,19,12806505,12813643
PRKAR2B,7,107044627,107161811
ZC3H18,16,88570403,88631964
NUP210L,1,153992690,154155116
GOLGA2,9,128255829,128276026
C7,5,40909419,41020216
TULP4,6,158232236,158511828
KRT74,12,52565782,52573843
KRT79,12,52821408,52834311
SH3BGRL,X,81202005,81298547
SLC25A52,18,31759584,31760880
FNDC3B,3,172039547,172405418
SLFN13,17,35435096,35449766
CAMK2G,10,73812501,73874641
SPPL2C,17,45844881,45847067
CITED4,1,40861054,40862363
EFR3B,2,25042048,25159135
SCAP,3,47413681,47477126
SPRR1B,1,153031203,153032900
NFKBID,19,35887630,35902303
PARL,3,183829271,183884933
PRMT9,4,147635654,147684163
PGLYRP2,19,15468642,15498956
DNAH11,7,21543039,21901839
SFXN5,2,72942036,73075619
MAP10,1,232805416,232809929
ZNF467,7,149764175,149776519
LCN2,9,128149071,128153453
OR4D6,11,59456961,59457905
GABRB3,15,26543552,26939539
WDR82,3,52254434,52288020
BCL9,1,147541501,147626216
TENM2,5,166979029,168264157
HLA-DQA2,6,32741391,32747198
ATRN,20,3471018,3651118
RGL3,19,11384341,11419352
ASZ1,7,117363222,117428123
UCP3,11,74000277,74009085
MRPL30,2,99181111,99199561
SRXN1,20,646615,653378
CAPS2,12,75275979,75390950
PLLP,16,57248547,57284675
AXIN2,17,65528561,65562067
OPN5,6,47781982,47832780
CIAO3,16,729759,741329
MKRN3,15,23565674,23630075
GOT2,16,58707130,58734361
FAM234A,16,234521,272183
ATP6V1G3,1,198523222,198540945
ORMDL2,12,55818041,55821879
MFGE8,15,88898683,88913468
DNAJC8,1,28199456,28233032
SETD1A,16,30957294,30984664
CDKL3,5,134286350,134371047
FLRT2,14,85530017,85654428
ABI2,2,203328252,203447728
RAB5B,12,55973913,55996683
ATP8A2,13,25371974,26025851
EPB42,15,43197227,43221018
AZGP1,7,99966720,99976066
ANKS1A,6,34889243,35091421
SEPTIN2,2,241314923,241354030
IL1RL2,2,102186980,102240002
PLOD1,1,11934205,11975542
ZNF224,19,44094326,44109886
SUSD6,14,69611591,69715144
TCF24,8,66946491,66962591
PLA2G4D,15,42067009,42094562
KRT83,12,52314301,52321398
RPS9,19,54200484,54249003
TANGO2,22,20016615,20067164
ST6GALNAC5,1,76867447,77067546
TMPRSS12,12,50842920,50887884
PCP4L1,1,161258136,161285450
MNS1,15,56421544,56465168
ADAM22,7,87934136,88202889
GOT1L1,8,37934281,37940124
EAF2,3,121835183,121886526
NDUFA9,12,4649095,4694317
CXorf66,X,139955728,139965521
FGF1,5,142592166,142698070
HSP90B1,12,103930107,103953931
SIGMAR1,9,34634720,34637844
SMTNL1,11,57537595,57550272
CUL9,6,43182181,43224587
MRPS2,9,135499984,135504673
ATP6V1E1,22,17592136,17630958
GRK4,4,2963571,3040760
MOGAT1,2,222671658,222709930
PBX4,19,19561707,19618732
RAC2,22,37225270,37259594
IFNA16,9,21216373,21217311
C15orf62,15,40769980,40772449
SIK2,11,111602404,111730855
MGST3,1,165630874,165661796
SOHLH2,13,36168217,36214588
SPRR2D,1,153039732,153041931
NT5C1A,1,39651229,39673328
TLCD3B,16,30024426,30052978
UGT1A5,2,233712907,233773300
PANK4,1,2508534,2526612
UTP6,17,31860904,31901746
EPSTI1,13,42886388,42992392
CATSPER1,11,66016752,66026479
CHAD,17,50464496,50468976
RFWD3,16,74621393,74666912
LCLAT1,2,30447221,30644225
MFSD2B,2,24010081,24063321
PRPF38A,1,52404060,52420836
AGPS,2,177392576,177567024
PROM1,4,15963076,16084378
PDXDC1,16,14974591,15153671
MAGEE2,X,75782987,75785254
KNCN,1,46545641,46551647
HPN,19,35040506,35066592
ZNF525,19,53365693,53392217
UCK2,1,165827586,165911618
KDF1,1,26949556,26960788
SPDYE11,7,73047862,73057911
SEMA3F,3,50155012,50189075
IRGM,5,150846521,150900736
NUDT22,11,64225941,64230686
PTPRA,20,2870754,3039247
TENT4A,5,6713291,6757045
TMEM256,17,7402975,7404097
PPM1G,2,27381194,27409674
MACF1,1,39081316,39487177
NPHP3,3,132680609,132722432
FEM1C,5,115520908,115544775
AJAP1,1,4654609,4792534
TAAR1,6,132643312,132659182
RPL15,3,23916591,23924374
PSTPIP2,18,45983536,46072296
TPST1,7,66205289,66420549
SKA1,18,50375017,50394176
POP5,12,120578764,120581411
LILRA4,19,54333185,54339162
TSPAN18,11,44726322,44932427
GPATCH11,2,37084482,37099244
ARL4D,17,43398150,43401137
LMOD3,3,69106065,69123032
NMRK2,19,3932994,3943081
DBF4B,17,44708608,44752264
DPPA4,3,109326144,109337591
F2RL1,5,76818933,76835315
GPR52,1,174447964,174449545
DOK7,4,3463306,3501473
CCNB1,5,69167004,69178372
INSC,11,15112424,15247208
LRRC71,1,156920631,156933094
STXBP1,9,127579370,127696027
IVL,1,152908546,152911886
NTNG1,1,107140007,107484923
NOX3,6,155395368,155455839
RPS2,16,1962050,1965510
CCDC163,1,45493866,45500163
BRSK2,11,1389899,1462689
GNB4,3,179396088,179451647
ACOT8,20,45841709,45857405
DCHS1,11,6621330,6655809
SEC14L3,22,30447959,30472056
SLC12A4,16,67943474,67969601
ANXA10,4,168092537,168187736
SMIM18,8,30638576,30647260
POLR3B,12,106357693,106510201
CAPN12,19,38730187,38769904
CD164L2,1,27379176,27383333
ZNF526,19,42216774,42228201
TAP1,6,32845206,32854018
SRL,16,4189374,4242083
AGRN,1,1020120,1056119
TM7SF3,12,26971579,27014507
MPC1L,X,40623428,40624136
THADA,2,43230836,43596051
GLDN,15,51341611,51408005
MCTP1,5,94703690,95285094
GSG1L,16,27787526,28063754
KIFBP,10,68988803,69043544
ANKRD20A1,9,67832765,67920552
PECR,2,215996329,216082955
HECTD4,12,112160188,112382439
ORM1,9,114323025,114326479
SLC7A3,X,70925575,70931149
NR2F2,15,96325797,96340263
LRRTM4,2,76747685,77593319
WNK2,9,93184122,93320572
H3-3B,17,75776434,75785893
RNF6,13,26132115,26222460
SPOCD1,1,31790422,31816022
NME3,16,1770317,1771732
IDH3G,X,153785735,153794535
KCNS2,8,98426958,98432853
NPIPB12,16,29483534,29508595
NIPSNAP2,7,55951793,56000181
PHLDB3,19,43473625,43505301
SOD3,4,24789912,24800848
PRMT7,16,68310916,68360852
SLC22A4,5,132293769,132344206
OCM,7,5879827,5886363
EIF6,20,35278906,35284985
TMEM168,7,112762377,112790715
SPAG17,1,117953590,118185228
WDHD1,14,54938949,55027450
ANKRD31,5,75068275,75236911
CSPG4,15,75674322,75712848
CACTIN,19,3610645,3626815
ABTB2,11,34150987,34358010
ICE1,5,5420664,5490220
TEPSIN,17,81228277,81239091
NUDT4,12,93377883,93408146
C18orf63,18,74315839,74359189
COX6A2,16,31427731,31428360
OR13C4,9,104526253,104527209
ATP6V1C1,8,103021063,103073051
CLEC2A,12,9898673,9932370
RAB43,3,129087569,129123694
PRDM1,6,105993463,106109939
TBX1,22,19756703,19783593
ARPC4-TTLL3,3,9793082,9835401
TRMT10A,4,99546709,99564039
MICA,6,31399784,31415315
ING3,7,120950763,120977216
CTBP1,4,1211434,1250333
SMCP,1,152878322,152885047
DDX60L,4,168356735,168537786
CRYBA1,17,29246859,29254494
CUEDC2,10,102423242,102432718
ZNF586,19,57769655,57819939
SKP1,5,134148935,134177029
GGN,19,38384267,38388274
VBP1,X,155197007,155239841
STX1A,7,73699205,73719691
PRH2,12,10929236,10934845
TBC1D3C,17,38057693,38068634
GRM6,5,178977587,178996206
ATRIP,3,48446710,48467645
WDR13,X,48589838,48608869
MAGEA1,X,153179284,153183880
TAS2R50,12,10985913,10986912
LRRN4CL,11,62686406,62689609
THAP10,15,70881342,70892433
MAP7D2,X,20006713,20117065
SPINT4,20,45722347,45725830
FZD4,11,86945679,86955395
FAM78B,1,166057426,166167001
LRRC8D,1,89820978,89936611
FOCAD,9,20658305,20996161
XRCC2,7,152644776,152676193
COG5,7,107201372,107564261
IFNL4,19,39246314,39248856
CCL1,17,34360328,34363233
TLR2,4,153684050,153708537
UTP14C,13,52024691,52033600
TAS1R3,1,1331280,1335314
CXCL14,5,135570679,135579279
AP4S1,14,31024996,31130996
SEMG2,20,45221373,45224458
SWAP70,11,9664072,9752993
HINFP,11,119121509,119136059
C6orf15,6,31111223,31112575
PHF21B,22,44881162,45010022
CEP295NL,17,78890579,78903217
CENPC,4,67468762,67545563
CCDC126,7,23597377,23644712
NUBP1,16,10743786,10769353
FTH1,11,61959718,61967634
SHKBP1,19,40576844,40591399
OR51B6,11,5351508,5352446
IGSF11,3,118900557,119146068
SLC23A1,5,139367196,139385495
CDC14B,9,96490241,96619855
ETHE1,19,43506719,43527257
ADH1C,4,99336093,99353887
CST11,20,23450403,23453210
PREB,2,27130752,27134671
CTDP1,18,79679803,79754503
BEX4,X,103215068,103217246
YES1,18,721588,813276
TXNDC12,1,52020130,52055772
RASA2,3,141486967,141615345
NAPB,20,23374519,23421519
ATG4D,19,10543533,10553423
FIBIN,11,26994112,26997087
NSUN5,7,73302516,73308867
TGIF1,18,3411608,3459978
HLA-DQA1,6,32628179,32647062
SULT1A2,16,28591790,28599913
CPQ,8,96645240,97150160
MRLN,10,59736692,59756041
OR1D4,17,3240676,3241614
GPR160,3,170037451,170089944
STK17A,7,43582758,43650713
ALG5,13,36949738,37000763
LGSN,6,63275951,63319983
CHIC2,4,53994803,54064605
PKDREJ,22,46255663,46263343
GRPR,X,16123565,16153518
EIF2S3,X,24054911,24078810
SCAND1,20,35953617,35959472
DACT3,19,46647551,46661182
TSPYL5,8,97273488,97277928
TXNDC8,9,110303476,110337891
HS3ST6,16,1911475,1918415
KATNB1,16,57735669,57758271
AP3D1,19,2100982,2164468
SPP1,4,87975667,87983532
CARS2,13,110641411,110713603
STEAP4,7,88270892,88307010
SPDYE4,17,8747524,8758559
PARP1,1,226360210,226408154
GRIA1,5,153489615,153813869
POLR1E,9,37481695,37503701
METTL15,11,28108248,28527041
GFM1,3,158644516,158695836
MAN1A1,6,119177204,119349767
RPN2,20,37178396,37241624
AGTRAP,1,11736084,11754802
RBPJL,20,45306840,45317824
MS4A7,11,60378482,60395951
FCGR2C,1,161581339,161605662
CYP24A1,20,54153446,54173986
RPS28,19,8320900,8323567
FOXK1,7,4682295,4771442
FKBP11,12,48921518,48926474
NGRN,15,90265659,90275778
FCER1G,1,161215234,161220699
GASK1A,3,42979087,43067898
AREL1,14,74653437,74713117
CTU1,19,51097606,51108424
DAB1,1,56994778,58546734
ARMC5,16,31458080,31467172
RBBP6,16,24537693,24572863
ELOC,8,73939169,73972307
PDZK1IP1,1,47183582,47191398
SPRY1,4,123396754,123403760
GLRB,4,157076100,157172090
GNG12,1,67701466,67833476
GCM2,6,10873223,10882041
ARC,8,142611049,142614479
AKNAD1,1,108815898,108963484
PASK,2,241106099,241150852
TNNI1,1,201403784,201429866
RTBDN,19,12825477,12838362
TGM2,20,38127385,38168463
ITGAE,17,3714628,3801193
MORC4,X,106813871,107000254
DDX25,11,125903348,125943702
CLK1,2,200853009,200864697
APH1A,1,150265399,150269580
CCDC146,7,77122434,77329533
CAMKMT,2,44361947,44772592
GSTA1,6,52791371,52803881
PGBD5,1,230314490,230426332
ACTR5,20,38748457,38772520
CASP1,11,105023581,105035250
NAV1,1,201538982,201826969
GART,21,33503371,33543524
DGAT1,8,144314584,144326910
RCN1,11,32090971,32105722
FGGY,1,59295910,59810647
CENPM,22,41927514,41947183
MSANTD3,9,100426693,100451734
S100A1,1,153627926,153632044
RXFP1,4,158315311,158653372
ADGRE5,19,14380501,14408729
ME2,18,50878819,50954257
ATP6V1E2,2,46490750,46543287
MED10,5,6371874,6378571
WFIKKN2,17,50834650,50842353
CLOCK,4,55427903,55547491
ANKRD13D,11,67289291,67302486
HDGFL2,19,4472244,4502220
NIPSNAP1,22,29554808,29581327
GRSF1,4,70815783,70839903
A3GALT2,1,33306766,33321098
C3orf33,3,155762612,155806288
TRNP1,1,26993692,27001912
MAN1A2,1,117367449,117528872
ZNF727,7,64045429,64114556
SYT6,1,114089291,114153880
PXK,3,58332686,58426746
ZNF71,19,56595265,56626481
LRWD1,7,102464939,102473507
ALDOC,17,28573115,28576948
MYH1,17,10491389,10518719
PPP1R12C,19,55090913,55117639
DUSP11,2,73761782,73780173
C19orf53,19,13774454,13778773
POP7,7,100705445,100707504
ARHGAP33,19,35774532,35788822
SPOPL,2,138501770,138574458
LALBA,12,48567684,48570066
TTBK1,6,43243481,43288258
ANP32D,12,48472559,48473622
USPL1,13,30617693,30660770
ATXN7L3,17,44191805,44200961
UBE2S,19,55399745,55407788
IL33,9,6215136,6257983
ELOVL3,10,102226299,102229589
WFDC5,20,45109452,45115174
IFNL1,19,39296407,39298673
C6orf136,6,30647033,30653210
PPIAL4C,1,149583848,149584607
CCDC197,14,93987225,94008863
LCNL1,9,136981904,136986410
SPSB2,12,6870934,6889358
PCDHAC2,5,140966470,141012347
RGR,10,84230666,84259960
CLVS2,6,122996131,123072925
TRIM8,10,102642503,102662789
NDUFB1,14,92116119,92121978
CREB3L2,7,137874979,138002086
TMCO3,13,113490816,113554590
SHOX2,3,158095905,158106420
PRSS42P,3,46830404,46834095
ZNF770,15,34978341,34989479
COL23A1,5,178237476,178590393
FLVCR1,1,212858237,212899363
CT47A10,X,120938701,120942023
HECTD1,14,31100115,31208381
DNAAF2,14,49625174,49635244
DCTN5,16,23641381,23677472
TPMT,6,18128311,18155348
PIAS1,15,68054301,68198603
FLRT1,11,64035931,64119173
ANP32A,15,68778534,68820924
YIPF2,19,10918919,10928681
ZNF619,3,40477113,40491053
NBPF26,1,120723945,120842229
PURA,5,140107777,140125619
POTEB3,15,21405401,21440499
HOXA9,7,27162438,27175180
MAIP1,2,199955317,200008540
CTCF,16,67561831,67639189
GCNA,X,71578437,71613584
MEF2D,1,156463727,156501266
ETS2,21,38805115,38824956
B3GNT6,11,77034398,77041973
FKTN,9,105558122,105653820
OPRM1,6,154010496,154246867
C1RL,12,7089587,7109245
GCK,7,44143213,44198170
MAP2,2,209423988,209734235
SRP72,4,56467595,56503681
RNF180,5,64165291,64372869
TAOK3,12,118149801,118372920
CBY2,13,45702320,45714559
PCMT1,6,149749431,149811421
SDR42E2,16,22162492,22192208
MRPL40,22,19432467,19436077
SGSM3,22,40370564,40410289
GPR37L1,1,202122886,202133592
TBX2,17,61399630,61409466
LCMT2,15,43323649,43330582
CD151,11,832705,839831
FOXO4,X,71095851,71103535
ZNF608,5,124636913,124748807
PLEKHG4B,5,92128,189972
STRBP,9,123109500,123269102
CCER2,19,38908980,38912186
ADH5,4,99070978,99088801
TREML2,6,41189749,41201149
RAB2A,8,60516936,60623644
CHORDC1,11,90200429,90223077
COL4A3,2,227164624,227314792
ACTBL2,5,57480018,57482811
CCDC57,17,82101459,82212878
B3GALNT2,1,235447190,235504474
GMCL1,2,69829646,69881384
FOXO1,13,40555667,40667612
A1BG,19,58345178,58353492
PRAMEF1,1,12791397,12796628
OR4D9,11,59511368,59520703
REG3A,2,79157003,79159753
TGM7,15,43276271,43302255
OR8B12,11,124539635,124545333
RAD21L1,20,1226027,1296421
OGG1,3,9749944,9788219
MECP2,X,154021573,154137103
AP1AR,4,112231363,112273110
REG4,1,119794017,119811580
MRM2,7,2234195,2242205
PILRB,7,100352176,100367831
VWC2L,2,214411054,214578976
CHERP,19,16517882,16542448
MYO1B,2,191245064,191425820
ERLEC1,2,53787009,53833038
NRG4,15,75935969,76059795
PLEKHD1,14,69484692,69531551
KLHL26,19,18637025,18671721
C6orf120,6,169702126,169706360
C17orf75,17,32324565,32350023
OR52E1,11,5069572,5070497
RIC8A,11,207499,215113
JHY,11,122882683,122963865
NOS1,12,117208142,117452170
KCNA5,12,5043879,5046788
ASCL4,12,107774704,107776644
PTRHD1,2,24789728,24793391
EPOP,17,38671703,38674957
TPD52L1,6,125119049,125264407
TSC22D3,X,107713221,107777342
AKR7L,1,19265982,19274194
POU2F3,11,120236640,120319945
ANKAR,2,189674290,189761193
CRPPA,7,16087525,16502504
NLRP7,19,54923509,54966312
FKBP8,19,18531751,18544264
FRG1,4,189940842,189963207
CD300A,17,74466399,74484798
ACOX1,17,75941507,75979459
ZNF732,4,270675,305474
CKMT1B,15,43593054,43604901
UCHL5,1,193012246,193060080
ADGRA3,4,22345071,22516089
IL3RA,Y,1335025,1382689
OR3A1,17,3291017,3298360
IL6ST,5,55935095,55995022
ABHD3,18,21650898,21704808
CELA3A,1,22001657,22012542
PCSK9,1,55039445,55064852
GOLGA6A,15,74069857,74082550
YIF1B,19,38303558,38317273
HLA-DRB1,6,32577902,32589848
CALHM3,10,103472804,103479240
CSAD,12,53157663,53180933
PPARGC1A,4,23755041,23904089
ARX,X,25003694,25016420
OR2AK2,1,247965233,247966386
MAGI2,7,78017055,79453667
HIGD1B,17,44844791,44850480
PRRG2,19,49580646,49591004
PCDHA4,5,140807037,141012347
COX7A1,19,36150922,36152449
TMEM271,4,573880,576295
SLC43A1,11,57484064,57515780
SUCLG1,2,84423528,84460045
PKIG,20,44531762,44624247
ETFRF1,12,25194775,25209645
PNLIPRP1,10,116590385,116609175
HAGH,16,1795620,1827157
SPANXN5,X,52796144,52797427
GABPA,21,25734570,25772460
EXOSC5,19,41386353,41397441
PIWIL4,11,94543840,94621421
ENDOG,9,128818461,128822676
DACT2,6,168292830,168319777
ZNF549,19,57527325,57557542
PLAAT4,11,63529451,63548808
PLXDC2,10,19815943,20289856
SPPL2B,19,2328613,2355095
IRAK1BP1,6,78867551,78946440
HYI,1,43450607,43453999
SMUG1,12,54121277,54189008
MMP26,11,4704784,4992431
KLB,4,39406930,39451533
ELK4,1,205597556,205634520
FOXE1,9,97853226,97856717
HOXD4,2,176151550,176153226
RTP3,3,46494611,46500950
CFAP36,2,55519559,55545080
RGS20,8,53851795,53959303
UBR2,6,42563995,42693505
TNKS2,10,91798426,91865475
BABAM2,2,27888667,28338901
GPR21,9,123033667,123035665
PI4KB,1,151291792,151328394
MXD3,5,177301461,177312757
RAB33A,X,130171950,130184874
NPVF,7,25224570,25228486
PRSS41,16,2798470,2805304
CCDC42,17,8729930,8745970
GALE,1,23795599,23800781
MYOM2,8,2044682,2165552
CAV2,7,116287380,116508541
TOMM20,1,235109341,235128846
ZNF726,19,23914876,23945159
LGMN,14,92703798,92751131
TBCA,5,77691166,77868780
NRN1L,16,67884885,67888855
REXO1,19,1815248,1848493
MTOR,1,11106531,11262556
TPTEP2-CSNK1E,22,38291918,38398522
RGS4,1,163068775,163076802
KRT33B,17,41363498,41369813
STK39,2,167949900,168247739
SMR3A,4,70360760,70367158
HTATIP2,11,20355910,20383782
IST1,16,71845996,71931199
ABITRAM,9,108934400,108950744
VPS18,15,40894415,40903975
MRPS33,7,141002610,141015228
CFH,1,196651754,196752476
GBP4,1,89181144,89198942
SMC2,9,104093695,104144486
BORA,13,72727749,72756198
PHIP,6,78934419,79078544
PLAGL2,20,32192504,32207743
BTLA,3,112461067,112499668
KCNU1,8,36784324,36936125
CACNA2D1,7,81946444,82443970
FLNA,X,154348524,154374638
ALLC,2,3658200,3702671
RPL10,X,154389955,154409168
MAP3K12,12,53479669,53500063
ZNF845,19,53333749,53356906
ZWILCH,15,66504959,66550130
H2AC19,1,149851061,149851652
CIRBP,19,1259384,1274880
CLSPN,1,35720218,35770002
C3,19,6677704,6730562
KCTD14,11,78015715,78046191
IL1A,2,112773925,112784493
CYTH1,17,78674048,78782298
CENPB,20,3783851,3786740
SORBS2,4,185585444,185956652
ITPR2,12,26335352,26833194
ISLR,15,74172414,74176872
MCCD1,6,31528962,31530232
USP35,11,78188812,78215232
UBQLN4,1,156035299,156053798
UNC79,14,93333219,93707876
IGSF21,1,18107710,18378483
ZNF14,19,19710472,19733112
PPIG,2,169584342,169641408
EHD1,11,64851642,64888372
ANXA7,10,73375101,73414731
IQCJ,3,158962928,159266307
MTM1,X,150568417,150673143
SPANXN3,X,143508735,143517475
AKR1B10,7,134527567,134541412
PTGES2,9,128120693,128128462
GPR65,14,88005135,88014811
BCL11B,14,99169287,99272197
OR4S2,11,55648327,55652854
CDX2,13,27960914,27975983
CCDC89,11,85683848,85686195
NBEAL2,3,46979666,47009707
GTF2IRD2,7,74796144,74851611
FCHSD1,5,141639302,141651430
PIGR,1,206928522,206949367
DOHH,19,3490821,3500936
MARK3,14,103385361,103503831
IFIT5,10,89414568,89421605
TUBA8,22,18110100,18146683
DGKB,7,14145049,14974833
AGPAT5,8,6708341,6761503
COL12A1,6,75084326,75206267
GZMK,5,55024256,55034570
SHARPIN,8,144097513,144108124
MAN1C1,1,25616791,25786205
TCEA1,8,53966552,54022448
RFC2,7,74223231,74254458
GCC1,7,127580628,127593611
KAAG1,6,24356903,24358285
PTPRG,3,61561569,62297609
ATG2A,11,64894531,64917245
EIPR1,2,3188925,3377852
NPAT,11,108155280,108222638
CNGB1,16,57882340,57971128
PUS7L,12,43718992,43759193
PIP4K2A,10,22534854,22714578
MTMR4,17,58489529,58517905
VDAC2,10,75209983,75231456
BICC1,10,58512872,58831435
TMEM196,7,19719315,19773617
CHRNG,2,232539692,232548115
IRX2,5,2741794,2751677
VSIR,10,71747556,71773608
PCED1A,20,2835314,2841190
HAUS5,19,35612735,35625355
HIP1,7,75533298,75738986
SYMPK,19,45815410,45866862
MRPL3,3,131462202,131502983
LFNG,7,2512529,2529177
GPR89B,1,147928393,147993592
SMCO1,3,196506878,196515347
INTS8,8,94813311,94881746
KLK10,19,51012739,51021048
PHF21A,11,45929319,46121473
PAGE3,X,55258415,55264916
ARSA,22,50622754,50628177
KRTAP2-3,17,41059240,41060114
PLK2,5,58453982,58460139
CCR4,3,32951644,32957120
EPHA8,1,22563489,22603595
ZNF140,12,133080388,133107981
GLIPR1,12,75480753,75503863
RGSL1,1,182409192,182560599
EREG,4,74365145,74388749
PEAR1,1,156893666,156916432
NELL2,12,44508274,44921889
SP7,12,53326575,53345315
NRCAM,7,108147623,108456717
STRAP,12,15882356,15903478
CDC42BPA,1,226989865,227318492
RSPH10B,7,5925550,5970702
ZCCHC3,20,297570,300321
TSC1,9,132891348,132946874
KLHL29,2,23385179,23708611
MYL3,3,46835109,46885911
GDAP1,8,74320613,74518007
PPP1R1C,2,181954241,182131398
APP,21,25880535,26171128
MTHFD1,14,64388031,64463457
PSMB9,6,32844136,32860734
NLRP11,19,55785397,55836800
ZFP42,4,187994044,188007005
CETN3,5,90392257,90409786
OVOL2,20,17956979,18059188
MARF1,16,15594302,15643209
FZR1,19,3506277,3538334
TOMM22,22,38681924,38685421
DRD4,11,637269,640706
RUNDC3A,17,44307947,44318675
ZKSCAN8,6,28141732,28159461
MPP2,17,43875357,43909711
USF2,19,35268962,35279821
MYOZ1,10,73631571,73642103
POU2AF1,11,111352255,111455630
GET1,21,39377698,39428528
BEGAIN,14,100537147,100587417
HEXA,15,72340924,72376420
TMIGD3,1,111483348,111563962
TSEN54,17,75515944,75524736
NLRP13,19,55891699,55932336
TAGLN,11,117197509,117207464
SMIM10,X,134990991,134992473
DMGDH,5,78996974,79236038
FBXO2,1,11637018,11655785
WASHC2A,10,50067881,50133510
CKMT2,5,81233320,81266399
CRYBA4,22,26621963,26630669
GPR153,1,6247347,6261098
PTER,10,16436940,16515220
FUT6,19,5830361,5839722
H3C12,6,27890315,27893106
TSC22D2,3,150408298,150466422
TEX29,13,111316184,111344249
PTGR2,14,73851799,73885726
RBPMS2,15,64739886,64775621
ZNF354C,5,179060361,179083977
TM7SF2,11,65111845,65116384
FAM185A,7,102748969,102809552
USP10,16,84699971,84779926
BRPF1,3,9731729,9748019
COA5,2,98598242,98608515
ARFGEF2,20,48921711,49036693
ITGA2B,17,44372177,44389649
HMGCL,1,23801877,23838620
GOLGB1,3,121663199,121749966
CYP2W1,7,983181,989640
TSGA13,7,130668643,130687432
GOSR2,17,46923075,46975524
HTR3D,3,184031544,184039369
PDE1C,7,31751179,32428131
TXNL1,18,56597209,56651600
C11orf86,11,66975277,66977009
OR8G2P,11,124224732,124225666
ADAM17,2,9488486,9556732
FRMD3,9,83242990,83538737
TAB2,6,149218641,149411613
MRPS12,19,38930923,38933183
KIF6,6,39329990,39725408
RIMBP3C,22,21545666,21551461
NOTCH2,1,119911553,120100779
SNX1,15,64094123,64146090
KPNB1,17,47649476,47685505
WDR3,1,117929063,117966543
CD1B,1,158327951,158331531
DSC2,18,31058545,31102600
NPHP4,1,5862804,5993455
RASGRP4,19,38409051,38426305
GLE1,9,128504655,128543874
RIT2,18,42743218,43115719
EPHA1,7,143390289,143408856
CLEC6A,12,8455962,8478330
SMCR8,17,18315293,18328056
LMCD1,3,8501587,8574668
CA10,17,51630313,52160017
RBM12B,8,93728155,93741098
ARFGEF3,6,138161939,138344663
SPRR1A,1,152984081,152985814
FLI1,11,128686535,128813267
DNAJB1,19,14513789,14560391
ARL4A,7,12686602,12690958
DHX8,17,43483865,43610338
GCHFR,15,40764068,40767708
FLYWCH1,16,2911599,2951208
REXO2,11,114439386,114450296
NEIL3,4,177309860,177362936
UBE3A,15,25333728,25439092
LETM1,4,1811479,1856232
RTF1,15,41408408,41483563
SP140L,2,230326762,230403735
DOCK7,1,62454298,62688464
PADI6,1,17372196,17401699
SLC2A3,12,7919230,8019007
ELFN2,22,37339565,37427445
COX4I2,20,31637875,31645027
BBOX1,11,27040698,27127810
PXDN,2,1631887,1744852
HACL1,3,15560582,15601883
ZNF654,3,88058723,88144662
IP6K1,3,49724294,49786546
KLHL17,1,960576,965719
SLC26A6,3,48625718,48635493
HMBS,11,119084861,119093834
OTULINL,5,14581792,14616180
SCAF11,12,45919131,45992120
BLOC1S6,15,45587214,45615945
PER2,2,238244044,238290102
LSR,19,35248330,35267967
NOS2,17,27756766,27800758
ITIH2,10,7699386,7758675
FUT9,6,96015436,96215612
STX17,9,99906654,99974534
SCN11A,3,38845764,39052157
ZNF443,19,12429706,12441021
FAM86B2,8,12424408,12436408
CXCL10,4,76021118,76023497
SDHAF2,11,61430042,61446839
IKZF4,12,56007430,56038435
CYP2S1,19,41193045,41207540
C1orf21,1,184386098,184629019
CTNND1,11,57753243,57819546
SUSD2,22,24181481,24189111
AGGF1,5,77029251,77065234
OR5AP2,11,56641489,56642439
CDIP1,16,4510619,4538828
MAB21L2,4,150582151,150584693
SAMD10,20,63974116,63980008
GPCPD1,20,5544404,5611045
DDX19B,16,70289663,70335305
OR14J1,6,29301701,29313017
TEAD2,19,49340585,49362729
RELL2,5,141636950,141641064
FAM83A,8,123178960,123210079
SAMD9,7,93099513,93118023
SHTN1,10,116881477,117126586
ACP7,19,39083913,39111497
ZNF66,19,20776304,20810361
RAB22A,20,58309706,58367507
PAPSS1,4,107590276,107720395
SP100,2,230415942,230545606
CDC16,13,114234856,114272723
GREM2,1,240489573,240612155
MED30,8,117520710,117540262
P3H1,1,42746335,42767084
CFAP46,10,132808392,132942823
MACROH2A1,5,135333609,135400023
TTL,2,112482113,112541739
RALBP1,18,9474991,9538114
GRK6,5,177403204,177442901
FBXO34,14,55271344,55370053
LANCL3,X,37571569,37684463
ZNF436,1,23359448,23369836
TLR3,4,186068911,186088073
GPR63,6,96794125,96838150
NPM2,8,22024125,22036897
KLK1,19,50819146,50823787
TMEM125,1,43269979,43274007
CREG1,1,167529117,167553822
RASL10B,17,35731639,35743521
DCDC2C,2,3703575,3848008
ACY1,3,51983047,51989205
POLR3H,22,41525799,41544606
C1QTNF6,22,37180166,37199385
EPO,7,100720468,100723700
DPP7,9,137110540,137118309
C2orf80,2,208165343,208190245
TMEM178B,7,141074064,141480380
GJD3,17,40360652,40364737
ZBTB3,11,62748319,62758835
METRNL,17,83079609,83095122
AIF1L,9,131096476,131123152
SPTLC3,20,13008972,13169103
RBM43,2,151247940,151261863
ADCK2,7,140672885,140696261
BABAM1,19,17267343,17281249
DEFA6,8,6924697,6926076
CCDC27,1,3746460,3771645
ARRDC3,5,91368631,91383317
MTMR3,22,29883141,30030868
RNASEK,17,7012417,7014532
CDC23,5,138187644,138213343
RAVER2,1,64744861,64833233
UBXN8,8,30729131,30767009
SLC25A51,9,37879400,37904387
MAPRE3,2,26970633,27027219
DOCK6,19,11199295,11262524
TAAR6,6,132570322,132571359
KCNA10,1,110517217,110519175
PDSS1,10,26697669,26746798
CKAP5,11,46743048,46846308
CFAP74,1,1921951,2003837
AK4,1,65146902,65232145
GCA,2,162318839,162371595
CLNK,4,10486395,10684768
ROBO3,11,124865432,124881471
FAM98A,2,33532744,33599347
ZSWIM1,20,45881227,45885266
SLC8A3,14,70044215,70189480
CLSTN1,1,9728926,9823993
MOSMO,16,22007638,22087534
CHRNA10,11,3665587,3671384
RPS4Y1,Y,2841602,2932000
PEX12,17,35574795,35578863
TMEM132C,12,128267170,128707911
OMG,17,31272013,31297539
ITPK1,14,92936914,93116458
HAUS4,14,22946228,22957161
SUPT4H1,17,58345175,58353093
LIN52,14,74084956,74201493
ZNF543,19,57320472,57330770
GMNN,6,24774892,24786103
ATAD2,8,123319850,123416350
ANAPC2,9,137174784,137189028
TSPYL6,2,54253178,54256229
SPEM3,17,7428857,7432820
PSD3,8,18527303,19084730
RBM7,11,114400030,114414203
OR6P1,1,158560606,158570580
ACTA1,1,229430365,229434789
UNC80,2,209771569,209999300
TRIM42,3,140678064,140701150
RDH8,19,10013249,10022279
GJA1,6,121435577,121449727
SLC15A5,12,16188485,16277685
TRMT1L,1,185118085,185157072
MYCBP2,13,77042474,77327094
MAVS,20,3842694,3876123
COL5A2,2,189031898,189225312
PSMC3,11,47418765,47426488
S100A5,1,153537147,153541765
PLBD2,12,113358544,113391629
RHOQ,2,46541806,46584688
FAM86B1,8,12182096,12194133
SYT2,1,202590596,202710526
MLST8,16,2204248,2209453
RAD18,3,8775402,8963773
TPK1,7,144451941,144836419
FURIN,15,90868588,90883564
PIGX,3,196639775,196736007
HOXB7,17,48607232,48633572
TRIM49B,11,49027501,49038451
C1orf122,1,37806979,37809454
CXCR6,3,45940933,45948353
HOXB2,17,48540894,48545109
XK,X,37685791,37732130
DEFB134,8,11993174,12000752
TFPI,2,187463823,187565846
MED11,17,4731428,4733608
PRSS12,4,118280038,118353003
SCN1B,19,35030447,35040455
ZNF394,7,99473877,99504918
LUC7L3,17,50719565,50756219
PLPPR1,9,101028727,101325135
DUSP12,1,161749758,161757238
FH,1,241497511,241519799
MFSD4B,6,111259327,111445354
ELOVL4,6,79914814,79947553
DYNC2LI1,2,43774039,43810012
DUSP5,10,110497907,110511541
IFI30,19,18173162,18178121
DOCK8,9,214854,465259
PBDC1,X,76173034,76178755
MMAA,4,145599042,145660033
HOXA3,7,27106184,27152610
SEC24C,10,73744366,73772173
NDRG3,20,36651766,36746128
CARF,2,202912214,202988263
KRTAP10-7,21,44600597,44602174
CACYBP,1,174999163,175012027
FN3K,17,82735603,82751197
PLEKHF1,19,29665398,29675477
LRRN3,7,111091006,111125454
UTS2R,17,82368266,82377709
CHST9,18,26906481,27185344
MS4A12,11,60492722,60507535
RGS22,8,99960936,100131268
TRIM36,5,115124762,115180546
TLR7,X,12867072,12890361
CNOT7,8,17224966,17247726
MRPL45,17,38297023,38323218
CD44,11,35138882,35232402
DDX41,5,177511569,177516979
CCSAP,1,229321011,229343294
MAGEA3,X,152698767,152702347
SPEG,2,219434843,219493629
CLRN2,4,17515165,17527104
HPS1,10,98410939,98446966
MEGF8,19,42325609,42378769
TMEM132A,11,60924460,60937159
PPP4R3B,2,55547292,55618880
ZFAND3,6,37819429,38154624
ACSM5,16,20409308,20441337
SPATA31D3,9,81943500,81950093
MRPL1,4,77862826,77952791
ARMCX5-GPRASP2,X,102712495,102753530
JAK3,19,17824780,17848071
FAM107A,3,58564117,58627651
RAB3B,1,51907956,51990700
RTN4R,22,20241415,20283246
RGS16,1,182598623,182604394
CRY2,11,45847118,45883248
FAM83C,20,35285731,35292425
NRL,14,24078662,24115010
CHST6,16,75472052,75495458
NSMF,9,137447570,137459576
SLC24A1,15,65611366,65660995
IWS1,2,127436207,127526886
PDE6D,2,231732354,231786272
BHMT2,5,79069636,79090069
SLAMF8,1,159826693,159837492
ADAR,1,154581695,154628013
ADH6,4,99202436,99219537
ASPM,1,197084121,197146694
LSM7,19,2321520,2328612
NBN,8,89924515,90003228
SLC18A1,8,20144855,20183206
CCND2,12,4269771,4306933
DPPA3,12,7711402,7717561
P3H3,12,6828381,6839854
SLC24A3,20,19212510,19722926
CPNE7,16,89575732,89597247
RAB6D,2,131360492,131364168
SH3D21,1,36306368,36329340
MAB21L4,2,240886048,240896893
DRC7,16,57694793,57731805
CNOT4,7,135361795,135510145
PSG8,19,42752686,42765678
SCAF8,6,154733378,154842212
PDE12,3,57556274,57656480
ERCC6L,X,72204657,72239027
CACNB2,10,18140424,18543557
ABCA8,17,68866052,68955470
EXT2,11,44095648,44251962
OR2Z1,19,8721634,8732160
LRRC46,17,47831634,47837719
TMEM217,6,37212180,37258155
NRP2,2,205681990,205798133
OR10P1,12,55636892,55637833
SC5D,11,121292681,121313410
GPT2,16,46882857,46931298
LXN,3,158645822,158672648
PLA2G4C,19,48047843,48110850
PCGF6,10,103302796,103351150
SPRED1,15,38252139,38357249
CD22,19,35319261,35347361
RDH13,19,55039108,55071291
KRTAP1-5,17,41026026,41027208
PFKFB1,X,54931434,54998534
ZNF585B,19,37181579,37218153
TFF3,21,42311667,42315409
F11,4,186260159,186291273
C1GALT1C1L,2,43675151,43676429
ITPKA,15,41493360,41503554
BACH1,21,29194071,29630751
MYH2,17,10521148,10549700
BOLA1,1,149887890,149900798
ARL13A,X,100969708,100990831
PFKFB2,1,207034366,207081243
KIAA1614,1,180912897,180951614
DBR1,3,138160988,138174949
SPDL1,5,169583632,169604778
ACER2,9,19409009,19452505
PDPR,16,70114246,70162537
ZNF700,19,11925068,11950773
MSR1,8,16107878,16567490
KLF18,1,44137821,44141631
H2AC20,1,149886918,149887411
STING1,5,139475528,139482935
OR5AU1,14,21148370,21159060
PDPK1,16,2537978,2603190
SHISA9,16,12901598,13240416
UGT1A8,2,233617633,233773300
G3BP2,4,75641849,75726301
TRIM60,4,165016458,165041749
GPC3,X,133535745,133987100
C5orf63,5,127045235,127073506
SPTAN1,9,128552558,128633663
PPT2,6,32146580,32163679
ZNF529,19,36534774,36605276
MAEA,4,1289876,1340147
RBM27,5,146203550,146289223
DEPDC7,11,33015876,33033582
SLC9C2,1,173500460,173603072
NANOGP8,15,35083410,35085295
E2F8,11,19224063,19241684
H2BC15,6,27838545,27855709
SELENOW,19,47778677,47784686
GAS2L1,22,29306394,29312787
SPTB,14,64746283,64879907
ZNF572,8,124973265,124979389
MBD6,12,57520710,57530148
NAIF1,9,128061233,128068206
EIF5B,2,99337371,99401326
EFEMP2,11,65866441,65878497
RLBP1,15,89209869,89222577
TAF9,5,69362026,69370026
MUC12,7,100969431,101018940
ZNRF4,19,5455417,5456856
PARP9,3,122527910,122565478
SPC24,19,11131520,11155807
DND1,5,140670794,140673576
PNMT,17,39667981,39670475
CFB,6,31945650,31952086
CARM1,19,10871553,10923075
IL17A,6,52186375,52190638
KRT75,12,52424070,52434371
SIRPD,20,1534251,1557705
MEOX1,17,43640389,43661922
VIT,2,36696690,36814794
TRMT2A,22,20111875,20117392
SERGEF,11,17788043,18013047
KIF27,9,83834099,83921494
PTCD2,5,72320318,72368395
KCTD11,17,7351889,7354944
WWC3,X,10015254,10144474
CMA1,14,24505353,24508265
PIGN,18,61905255,62187118
SCOC,4,140257286,140385728
MGME1,20,17968213,17991136
ELL3,15,43772605,43777315
AKIP1,11,8911113,8922406
BSG,19,571277,583498
OR10G2,14,21633836,21634940
DAZ4,Y,24833843,24907040
KHDRBS1,1,32013687,32060850
KLHL22,22,20441519,20496893
FGF18,5,171419645,171457626
DPEP3,16,67975663,67980554
PPP4R2,3,72996803,73069198
TMPRSS13,11,117900641,117929459
JCAD,10,30012803,30115494
CCDC78,16,722581,726954
RPL5,1,92831990,92841924
EIF2B3,1,44850522,44986722
GPR180,13,94601857,94634661
ZNF615,19,51991332,52008230
MTMR2,11,95821766,95925315
FMNL2,2,152335136,152649831
TEX261,2,70968325,70994873
NEUROD2,17,39603536,39609777
RFPL4A,19,55759043,55763424
CAMKV,3,49857214,49869935
XPA,9,97674909,97697340
HCRTR2,6,55106460,55282617
DGCR6,22,18905677,18914281
PSAT1,9,78297094,78330098
CCM2L,20,32010408,32032185
ZNF799,19,12390016,12401271
NIPSNAP3A,9,104747683,104760138
PKHD1,6,51615299,52087613
CLCN4,X,10156943,10237660
RPS10,6,34417447,34426237
CASP6,4,109688622,109703583
RFT1,3,53066853,53130472
METTL2B,7,128476729,128506602
NUTM2A,10,87225448,87236908
BLM,15,90717340,90816166
C12orf60,12,14802864,14906586
DLD,7,107891162,107931730
MRGPRX1,11,18933499,18939414
TNIP3,4,121131408,121227615
PYCR2,1,225919397,225924340
FYB1,5,39105252,39274528
CHRM2,7,136868652,137020255
NACC2,9,136006537,136095289
IGSF9B,11,133896438,133956968
RNF122,8,33547754,33567170
SPCS2,11,74949259,74979033
PDE9A,21,42653591,42775513
PTPN3,9,109375466,109498333
TCP11X1,X,102215298,102229532
ARL13B,3,93980139,94055678
XKRX,X,100913445,100929433
ARSH,X,3006546,3034111
MARS1,12,57475445,57517569
TBC1D3B,17,36165683,36176636
CACNB1,17,39173453,39197723
SLC25A26,3,66133610,66388116
ZBTB26,9,122915566,122931565
RPS11,19,49496365,49499708
FGD4,12,32399558,32646050
GATA4,8,11676785,11760002
ACSM2A,16,20444012,20487669
MGAT1,5,180784780,180815652
ATP8B1,18,57646426,57803560
LDHAL6A,11,18455824,18479601
GSTA2,6,52747975,52763525
SYTL5,X,38006515,38128819
SLC27A5,19,58479512,58512413
SIX4,14,60709539,60724351
RPS20,8,56067254,56074510
ADARB2,10,1177313,1737525
OR6B3,2,240044571,240053807
RPL36A,X,101390824,101396155
PPP1R3C,10,91628442,91633071
NME1,17,51152949,51162428
VLDLR,9,2621182,2660056
DHRS7,14,60144119,60169856
DPAGT1,11,119096025,119108331
PGLS,19,17511620,17521288
AANAT,17,76452749,76470122
RCHY1,4,75479033,75514764
SOST,17,43753738,43758791
NUPR1,16,28532708,28539038
RNF8,6,37353979,37394734
COTL1,16,84565596,84618078
PPP1R12A,12,79773563,79935460
MCEMP1,19,7677088,7679833
CNTNAP4,16,76277278,76560757
UNC13D,17,75827225,75845353
CD320,19,8302126,8308366
POLR2J2,7,102665368,102671663
ARL10,5,176365487,176401865
RXFP3,5,33936386,33938918
GRK1,13,113667219,113737736
SLC12A9,7,100826820,100867017
SLC35B1,17,49700934,49709014
LIN28B,6,104936616,105083332
GAL3ST1,22,30554632,30576210
ZNF324,19,58467056,58475436
OR2C3,1,247524677,247536440
TRIL,7,28953358,28958330
CCNC,6,99542387,99568825
VN1R4,19,53266676,53267723
FANCG,9,35073820,35082444
ROR2,9,91563091,91950240
ACTN4,19,38647605,38731589
ODR4,1,186375505,186421378
KCNRG,13,50015254,50020922
SPAG7,17,4959226,4967825
BEST2,19,12751702,12758458
TSN,2,121737103,121767853
VCPKMT,14,50108632,50116600
SPRR2F,1,153112121,153113516
DDX4,5,55738017,55817157
TEX28,X,154271265,154295853
FAT4,4,125314918,125492932
CAMSAP3,19,7595826,7618352
PIGQ,16,566995,584120
KDM1A,1,23019395,23083693
CAVIN2,2,191834305,191847211
PRDM8,4,80183879,80204329
CNST,1,246566338,246668595
UFSP2,4,185399527,185425979
GHRHR,7,30938669,30993254
CYP4F11,19,15912367,15934933
AP1B1,22,29327680,29388612
PELI1,2,64092652,64144420
EPHB3,3,184561776,184582408
CAMSAP1,9,135808487,135907546
TMEM147,19,35545600,35547527
ERI2,16,20780193,20900349
VSIG10L,19,51331536,51342310
FBXW11,5,171861548,172006873
RPL36A-HNRNPH2,X,101391011,101412297
ZNF20,19,12092843,12140355
MIS12,17,5486285,5490816
SPRYD7,13,49912702,49936490
PSME3,17,42824385,42843760
ADAMTS15,11,130448645,130476645
CPXCR1,X,88747225,88754785
PDE3B,11,14643663,14874614
POLR2B,4,56977722,57031158
FRS3,6,41770174,41787570
RBMX2,X,130401922,130413656
STIM1,11,3854527,4093210
ADCY4,14,24318349,24335093
PNMA2,8,26504701,26514092
GFER,16,1984193,1987749
CHST15,10,124007668,124093698
DUSP21,X,44844021,44844888
ACTB,7,5526409,5563902
KRT222,17,40654665,40665181
GALR2,17,76074781,76077537
WDR17,4,176065840,176182820
ZNF737,19,20535825,20565809
PCDHB5,5,141135206,141138615
INTS12,4,105682016,105895986
SDSL,12,113418087,113438386
TPP2,13,102596958,102679958
ZNF506,19,19761038,19821751
LRRC41,1,46261196,46303616
TCF25,16,89873566,89913627
HSP90AA1,14,102080738,102139699
KLK7,19,50976468,50984099
KCNH8,3,19148102,19535642
TLX1,10,101131300,101137789
TRMT6,20,5937228,5950558
SLC25A3,12,98592455,98606379
SNAPC3,9,15422734,15465953
GTPBP4,10,988418,1019932
C2orf88,2,189879609,190203484
CXXC5,5,139646375,139683882
CS,12,56271699,56300391
RANBP6,9,6011025,6015625
OR2M2,1,248174821,248181067
ZNHIT2,11,65116403,65117701
CR2,1,207453024,207489895
GYS2,12,21536107,21604917
C8A,1,56854768,56918223
ANKRD18A,9,38540567,38620596
SMC1B,22,45344063,45413619
DHRS9,2,169064789,169096168
MRPL37,1,54184041,54225464
IL18R1,2,102311529,102398777
TUB,11,8019244,8106243
SPAG16,2,213284389,214410501
TEX26,13,30932656,30975500
PGLYRP3,1,153297116,153312952
TRAPPC6B,14,39147811,39170532
SLC7A10,19,33208657,33225850
PRR23A,3,139003962,139006268
TMEM171,5,73120569,73131812
DEPTOR,8,119873717,120050918
GNLY,2,85685175,85698852
IFT74,9,26947039,27066134
LYZ,12,69348381,69354234
LY6K,8,142700111,142705127
FCRL2,1,157745733,157777269
OGFR,20,62804178,62814000
PLPP1,5,55424849,55535035
CA11,19,48637946,48646386
PCLO,7,82754012,83162930
FREM1,9,14734671,14910995
SCGB1D2,11,62242239,62244812
OSBPL2,20,62231922,62296213
FAM110A,20,833715,857463
TMTC4,13,100603625,100675633
REL,2,60881491,60931612
RAB1B,11,66268590,66277492
SCGB1C2,17,137569,139067
PLPP5,8,38263130,38269243
NKX2-6,8,23701740,23706756
EPCAM,2,47345158,47387601
TCEAL5,X,103273689,103276750
PRKAG3,2,218819050,218832086
CPSF4,7,99438908,99457377
ACBD3,1,226144679,226186762
ARHGEF28,5,73625757,73942391
AARS2,6,44298726,44313347
PEX26,22,18077923,18105396
SFR1,10,104122058,104126385
AQP7,9,33383179,33402682
NRBP2,8,143833583,143840973
GALM,2,38666081,38741237
IVD,15,40405485,40435947
SCNN1A,12,6346843,6383917
STX18,4,4415742,4542346
RPL31,2,101002229,101024032
COL4A2-AS2,13,110456396,110463287
FPGT,1,74198238,74234086
KRTAP1-4,17,41029351,41030195
USP45,6,99432325,99521728
IFNA6,9,21350253,21350956
ULBP2,6,149942014,149949235
LPXN,11,58526871,58578220
MICU2,13,21492691,21604181
KRT31,17,41393721,41397608
SYDE2,1,85156851,85201724
RAB11B,19,8389981,8405873
ABCF1,6,30571393,30597179
IFITM1,11,310041,315273
COQ8A,1,226938143,226987569
WWC1,5,168291563,168472303
GMPPA,2,219498618,219513898
PPDPFL,8,49054311,49076093
KRTAP27-1,21,30337013,30337694
LCE5A,1,152510803,152512177
MRPS9,2,105038025,105099960
TGM4,3,44874608,44914990
NEIL1,15,75346878,75357115
NT5DC2,3,52524370,52535054
ZNF530,19,57599880,57612722
GPAT2,2,96021946,96039451
COX7B,X,77895727,77907376
HCFC2,12,104064531,104106525
TSSK3,1,32351521,32364312
HEPH,X,66162483,66268910
BAIAP2L2,22,38084652,38111015
STH,17,45999250,45999694
CFAP161,15,81007033,81149179
BCL11A,2,60450520,60554467
KCNMA1,10,76869601,77638369
KHDC4,1,155913043,155934413
U2AF1,21,43092956,43107605
PLIN2,9,19108375,19149369
CDY1,Y,25622117,25624902
JAG2,14,105140982,105168919
IFNB1,9,21077104,21077942
DEFA1,8,6977649,6980092
SOX3,X,140502985,140505069
ABHD5,3,43690108,43734371
SLC38A10,17,81244811,81295567
JAZF1,7,27830573,28180992
AKT1,14,104769348,104799934
MGAT3,22,39447127,39492194
PATZ1,22,31325804,31346605
UBL3,13,29764371,29850617
MOB3A,19,2071032,2096679
LACC1,13,43878917,43895091
TM6SF2,19,19264109,19273391
ECD,10,73130155,73169055
PCBD2,5,134905114,135007959
OR9A2,7,143026200,143027132
KIR2DL3,19,54738513,54753061
AGBL5,2,27042364,27070622
FCN1,9,134903232,134917954
NKAIN2,6,123803865,124825640
STK31,7,23710203,23832513
SPTLC2,14,77505997,77616672
TMEM165,4,55395652,55453397
ANKRD63,15,40278372,40283064
TYR,11,89177875,89295759
BCL2L1,20,31664452,31723989
KCNK16,6,39314698,39322968
HMGCLL1,6,55434368,55579197
TOMM40L,1,161225939,161233754
ANKRD34C,15,79282722,79298239
SYT11,1,155859449,155885199
UBTD1,10,97498913,97571206
FFAR2,19,35443907,35451767
SWT1,1,185156103,185291983
CNNM4,2,96760898,96811888
IFI44L,1,78619902,78646145
GPRASP1,X,102650345,102659083
PRRX1,1,170662728,170739421
PDXK,21,43719094,43762307
XPO1,2,61476032,61538753
CDRT15,17,14235673,14236862
ADGRG5,16,57542643,57591681
NEDD8,14,24216802,24232385
ANLN,7,36389727,36453791
SMIM30,7,113116718,113118582
SENP8,15,72114258,72143692
BOLA2-SMG1P6,16,29443230,29454651
BPIFA3,20,33217310,33227806
FAM236D,X,72807425,72808210
CC2D1B,1,52345723,52366318
PHF24,9,34957608,34982544
SRCIN1,17,38530031,38605952
PGAP3,17,39671122,39696797
TMC8,17,78130770,78142968
LONRF2,2,100271875,100322501
TMEM54,1,32894593,32901440
SLC22A25,11,63158437,63243599
CD52,1,26317958,26320523
KLHL6,3,183487551,183555706
EXOSC6,16,70246778,70251940
TTN,2,178525989,178830802
PCDHA5,5,140821604,141012347
C12orf56,12,64264762,64390758
MTMR1,X,150692971,150765165
UIMC1,5,176902226,177022636
VCX2,X,8169944,8171267
FASTK,7,151076591,151080866
L1TD1,1,62194257,62235060
TCF21,6,133889113,133895553
CNN3,1,94896949,94927696
NRIP1,21,14961235,15065936
TPM4,19,16067021,16103011
APOOL,X,85003871,85093315
BCL3,19,44747705,44760044
SNTB1,8,120535745,120813273
CYP2C18,10,94682944,94736190
C1orf53,1,197902449,197907368
TWIST1,7,19020991,19117636
TMEM255B,13,113759194,113816995
MRPL34,19,17292609,17306843
RNF213,17,80260852,80398794
RASGEF1B,4,81426393,82044244
TIMM44,19,7926718,7943773
H4C4,6,26188710,26189112
FRYL,4,48497357,48780322
CRB2,9,123356170,123380324
APOBEC3G,22,39077059,39087743
STON1-GTF2A1L,2,48529925,48776517
AQP9,15,58138169,58185914
RAB15,14,64945814,64973226
DTL,1,212035553,212107400
ATP5F1A,18,46080248,46104334
MMRN1,4,89879532,89954629
RGS18,1,192158462,192185815
SLFN5,17,35243043,35273655
SGO1,3,20160593,20186782
RPS6KA5,14,90847861,91060682
IL17RB,3,53845783,53866045
TSPAN9,12,3077355,3286564
XKRY,Y,17769116,17777400
SLC25A45,11,65375192,65384550
CAMTA2,17,4967992,4987684
WDR1,4,10068089,10116988
ZBTB24,6,109460632,109483239
GSTT2B,22,23957414,23961197
PLSCR2,3,146391421,146495991
WNT3A,1,228006924,228061271
OR51A2,11,4954772,4955713
CPA3,3,148865296,148897203
ADAMTS6,5,65148738,65481920
OR4C12,11,49981473,49982535
ANKHD1,5,140401660,140541168
SCN8A,12,51590266,51812864
REELD1,4,146214515,146232267
EIF2B4,2,27363420,27370400
TIPRL,1,168178918,168202114
TRABD,22,50184717,50199600
MMUT,6,49430360,49463321
OLR1,12,10158301,10172138
STK16,2,219245455,219250339
PPM1J,1,112709994,112715336
EPB41L4A,5,112142441,112419313
TMEM183A,1,203007356,203024848
DLGAP4,20,36306302,36528637
SHC4,15,48823741,48963919
SLC19A3,2,227683763,227718088
KRT6B,12,52446651,52452146
GRIK1,21,29536933,29940033
OR2G3,1,247605586,247606515
CST3,20,23626706,23638556
PRDM7,16,90056566,90092072
OR2A12,7,144086278,144098953
LCE1A,1,152827473,152828097
MUC3A,7,100949422,100968348
TAF1A,1,222557902,222590162
TOR2A,9,127731516,127735355
MRPL39,21,25585632,25607525
PTAFR,1,28147166,28194083
NANOS1,10,119029714,119033730
METTL27,7,73834012,73842539
HACE1,6,104728094,104859919
WDR45B,17,82614562,82648553
NOP9,14,24299850,24309124
MAD2L1,4,120055623,120067192
MRPL33,2,27771717,27988087
HNRNPA1,12,54280193,54287088
ANKLE1,19,17281645,17287649
SMO,7,129188511,129213546
PHPT1,9,136848724,136851039
RFC5,12,118013588,118033545
SHANK3,22,50674408,50733212
DEFB131A,4,9444414,9450666
GPRC5A,12,12890782,12917937
CABIN1,22,24011192,24178634
TTF1,9,132375548,132406851
NUP42,7,23181841,23201011
PIK3R1,5,68215740,68301821
ALPP,2,232378724,232382889
PINLYP,19,43575801,43583964
KLKB1,4,186225424,186258476
FSTL5,4,161383897,162164005
WASHC5,8,125024260,125091819
OR10AG1,11,55965755,55969945
ELF3,1,202007945,202017183
SCARA3,8,27633414,27676776
TMEM202,15,72398302,72408367
NBR1,17,43170317,43211689
NPY4R,10,46457895,46465958
PYROXD1,12,21437615,21471250
FRMD4A,10,13643706,14462142
LPCAT2,16,55508994,55586666
NEDD4L,18,58044050,58401540
RFX3,9,3218297,3526022
RUFY3,4,70704204,70808619
TWNK,10,100987367,100994403
TUBB8B,18,47221,73545
AP2B1,17,35578046,35726417
GAS2,11,22625509,22813803
SMOX,20,4120980,4187748
DEF6,6,35297818,35321909
KRTAP19-2,21,30487043,30487436
LIPT1,2,99154955,99163179
RFC4,3,186789880,186807058
TSPAN5,4,98470365,98658690
ZNF707,8,143684452,143713898
CCDC40,17,80036632,80100613
C1orf35,1,228100725,228105411
RO60,1,193059445,193091777
SLC17A1,6,25781532,25832052
TMEM167B,1,109090367,109096935
CDA,1,20588932,20618908
COL26A1,7,101362407,101559029
GNG4,1,235547685,235650754
HDX,X,84317874,84502496
HERC5,4,88457086,88506188
METTL1,12,57768471,57772131
TSPY8,Y,9357797,9360599
SCN1A,2,165984641,166182806
ZBTB44,11,130226677,130314917
AMIGO2,12,47075707,47080902
SAXO1,9,18858906,19049358
SFTPA2,10,79555761,79560492
CSN1S1,4,69931068,69946574
PEA15,1,160205335,160215404
FBXO10,9,37510892,37576380
DECR2,16,401854,412492
BPY2B,Y,24607560,24639207
PRR23D1,8,7539627,7542450
SRPX,X,38149336,38220941
RAB9A,X,13689122,13710504
MOSPD2,X,14873421,14922327
CORO7-PAM16,16,4340251,4420494
MRPL18,6,159789812,159799027
FGFR4,5,177086456,177098151
DDAH1,1,85318481,85578363
CDC6,17,40287831,40304657
ALDH3B2,11,67662155,67681224
LHFPL5,6,35797206,35845397
GUK1,1,228139962,228148984
C4orf54,4,99636529,99657828
OBSCN,1,228208044,228378876
RETREG2,2,219176225,219185475
SH3BP4,2,234952017,235055714
PSMG3,7,1567332,1571078
PKM,15,72199026,72231819
MFRP,11,119338942,119346705
ROS1,6,117287353,117425942
XRCC6,22,41620786,41664087
WFDC10B,20,45684651,45705019
MTTP,4,99564081,99623997
GOLGA8N,15,32593456,32607310
SKA3,13,21153594,21176602
PI4K2A,10,97640671,97676757
POTEB,15,21846329,21877735
LAT2,7,74199652,74234454
INHBB,2,120346136,120351803
MAPKAPK3,3,50611487,50651017
CYSTM1,5,140175072,140282052
OR12D3,6,29373423,29375291
H6PD,1,9234774,9271337
TAF7L,X,101268253,101293057
ALG1L2,3,130081831,130113227
SHANK1,19,50659255,50719802
GPC5,13,91398621,92873682
BRD3OS,9,134025429,134034666
CNDP1,18,74534400,74587212
SLC44A1,9,105244536,105439171
CCL25,19,8052293,8062665
HAND2,4,173524969,173530229
ADAMTSL5,19,1505022,1513604
SEPTIN12,16,4777606,4788398
GPX4,19,1103982,1106791
ZNF689,16,30602558,30624012
IFIT2,10,89283694,89309271
UGT2B10,4,68815917,68833559
CCDC168,13,102729367,102759072
SMIM7,19,16630751,16660442
RBM41,X,107052095,107118823
PAICS,4,56435058,56464578
PSME3IP1,16,57152466,57186175
ZNF579,19,55576774,55580916
CD160,1,145719443,145740760
NCEH1,3,172630249,172711218
CNTF,11,58622665,58625733
INSL5,1,66797740,66801276
B3GAT2,6,70856679,70957060
IMPA1,8,81656914,81686848
NDUFAB1,16,23581014,23596319
TCF23,2,27149004,27156974
MYOG,1,203083129,203086013
ZNF804B,7,88759700,89338528
GPATCH2L,14,76151916,76254342
TAF4,20,61953469,62065881
AMY1A,1,103650592,103664629
DCST1,1,155033824,155050930
TBC1D30,12,64759484,64881033
SLC30A3,2,27253515,27275817
RNF25,2,218663866,218672006
RABAC1,19,41956681,41959370
LETM2,8,38386207,38409527
SLC28A3,9,84275457,84340758
GPAT4,8,41577187,41625001
MIB2,1,1615434,1630610
PRR5L,11,36296120,36465209
SLF1,5,94618054,94739436
LEFTY1,1,225886279,225911382
EEF1E1,6,8073360,8102573
FAM120C,X,54068324,54183281
HAUS6,9,19053141,19102927
MCOLN1,19,7522611,7534009
BMP8A,1,39491069,39529869
PSMB1,6,170535116,170553327
FBXL2,3,33277025,33403662
VPS37D,7,73667831,73672112
AHDC1,1,27534035,27604431
ITGA8,10,15513954,15719936
FBXO42,1,16246840,16352487
ZC3H13,13,45954364,46052781
PADI3,1,17249098,17284233
SNAPC1,14,61762325,61796443
NME2,17,51163013,51171749
TSPYL2,X,53082326,53088541
CCDC187,9,136249973,136306901
ACSS2,20,34872146,34927962
LARP1,5,154682986,154817605
TMED4,7,44576392,44582287
CCDC200,17,43216941,43305397
AHCTF1,1,246839098,246932063
CEP162,6,84124241,84227685
PAAF1,11,73876699,73931114
NCCRP1,19,39196964,39201884
TLE5,19,3052909,3063107
CDH16,16,66908122,66919187
USP29,19,57119138,57131926
WDR88,19,33132090,33175799
WDR44,X,118345968,118450285
HSPA9,5,138553756,138575675
SYTL3,6,158644387,158768355
FXYD6,11,117836976,117877675
FZD7,2,202033855,202038441
ICOS,2,203936763,203961577
MRTFB,16,14071058,14266778
RGS6,14,71932429,72566530
ZFHX3,16,72782885,73891871
PIM1,6,37170152,37175428
PTX4,16,1485886,1488981
COMP,19,18782773,18791305
FUT5,19,5865826,5870540
PI16,6,36948263,36965993
ATXN7L2,1,109483479,109492812
FAM110B,8,57993956,58204279
IGLL5,22,22887780,22896111
ARF6,14,49892608,49897054
WDR41,5,77425970,77620611
HAP1,17,41717742,41734644
TTLL1,22,43039516,43089427
MS4A4E,11,60200270,60243137
HSDL2,9,112380051,112472408
SERPINA11,14,94442464,94452828
TESMIN,11,68707440,68751568
SPANXA2,X,141589708,141590762
PCDHA2,5,140794852,141012347
PUS7,7,105439661,105522272
SART1,11,65961689,65980137
LRRC56,11,536841,554925
CYB5A,18,74250846,74291995
FGD1,X,54445454,54496234
XPNPEP1,10,109864494,109923553
HDC,15,50241947,50265965
HSD17B4,5,119452465,119637199
SPOCK2,10,72059034,72089032
RBL1,20,36996349,37095999
ZNF235,19,44228729,44305046
ABCF3,3,184186095,184194013
OR4D1,17,58148384,58159585
SCARB2,4,76158737,76234536
FBXO21,12,117141991,117190504
SAT2,17,7626234,7627876
RTN4IP1,6,106570771,106629498
TUBB2A,6,3153497,3157544
TSHZ1,18,75210755,75289950
ARHGAP11B,15,30624494,30649529
PCDHA11,5,140868183,141012347
CIC,19,42268537,42295801
TOR1AIP1,1,179882042,179920077
TMEM121,14,105525996,105530205
VPS9D1,16,89707128,89721324
VSIG8,1,159854316,159862657
SKAP2,7,26667003,26995239
UCHL3,13,75549483,75607472
RORB,9,74497335,74693177
CHMP4C,8,81732448,81759515
ITPRIPL1,2,96324977,96330517
GOLGA6D,15,75282835,75295530
POTEM,14,18967434,19003752
HIRA,22,19330693,19447450
TEX13A,X,105218929,105220694
NTRK3,15,87859751,88256993
UACA,15,70654554,70763564
CIB4,2,26581205,26641366
PDLIM1,10,95237569,95291035
DCTN2,12,57529633,57547242
HSD17B7,1,162790702,162812823
NLK,17,28041723,28196381
C9orf57,9,72051376,72072721
THOC5,22,29505879,29555216
SLC10A5,8,81693631,81695058
PMPCB,7,103295717,103331818
B3GNT4,12,122203681,122208952
CERS2,1,150960583,150977396
XYLT2,17,50346080,50363138
CCL27,9,34661880,34664048
SLC1A6,19,14950033,15022990
TACC3,4,1712858,1745178
FOXD4L6,9,41126435,41128681
SLC9B2,4,103019868,103085829
BDH1,3,197509776,197573382
WFDC3,20,45747944,45791932
CYP4F12,19,15673018,15698817
SLC4A3,2,219627011,219641980
GFM2,5,74721206,74767147
CCDC63,12,110846769,110907535
PLPPR2,19,11355386,11365698
CPLANE2,1,16231692,16237183
LCE2D,1,152663380,152664659
PPIAL4F,1,144592893,144593652
ZNF592,15,84748362,84806445
P2RX5,17,3672199,3696398
ANXA2,15,60347134,60402883
ABCE1,4,145098248,145129524
PRSS37,7,141836300,141841487
TBC1D2,9,98199011,98255649
MARCHF11,5,16067139,16180762
XCR1,3,46016990,46085825
KIF20B,10,89701583,89774939
H1-2,6,26054760,26056470
DMRTC1,X,72872025,72943837
FRAT2,10,97332497,97334729
TMEM116,12,111930181,112013908
UCN2,3,48561718,48563781
NXPH3,17,49575871,49583827
INPP5K,17,1494575,1516742
RAD54L2,3,51538666,51668667
LMO7,13,75620434,75859870
ZBTB14,18,5288863,5297053
PEX6,6,42959717,42979243
FOSL2,2,28392448,28417317
C19orf81,19,50648792,50659310
MINAR2,5,129748094,129766732
ENOPH1,4,82430589,82461177
CCDC9,19,47255980,47274055
IZUMO4,19,2096429,2099593
SYNGAP1,6,33419661,33453689
ANP32B,9,97983215,98015943
POLR3D,8,22245094,22254601
MTERF1,7,91692008,91880727
ZNF813,19,53467703,53496255
MNAT1,14,60734742,60969965
FIGNL1,7,50444128,50450406
KSR1,17,27456448,27626438
CDC14C,7,48924547,48927454
FAM83E,19,48599961,48615093
TCF7,5,134114681,134151865
MSH3,5,80654650,80877147
NIP7,16,69337996,69343106
LPCAT3,12,6976176,7018538
SPINK1,5,147824572,147831671
KLHDC7B,22,50545899,50551023
BLCAP,20,37492472,37528100
CNIH4,1,224356858,224379459
TUBA4A,2,219249710,219277902
SLC25A12,2,171781400,171999859
KIN,10,7750962,7787994
ACTR3C,7,150243916,150323725
SPESP1,15,68818221,68946811
ANKUB1,3,149761100,149968385
TNFRSF9,1,7915871,7943165
ZAN,7,100733595,100797797
TDRD10,1,154502219,154548147
SMIM12,1,34712737,34859805
ZNF491,19,11797642,11809622
ANKRD28,3,15667236,15859771
TPRKB,2,73729104,73737421
MYO19,17,36495118,36545884
AZI2,3,28315003,28349050
LIPK,10,88706249,88752776
ISCA2,14,74493756,74497106
TFE3,X,49028726,49043476
TRIR,19,12730640,12734684
XRCC3,14,103697569,103715504
CATSPERD,19,5720637,5778734
EIF3C,16,28688558,28735730
PPT1,1,40072710,40097267
MLF2,12,6747986,6768932
IQGAP2,5,76403285,76708132
RNF112,17,19410959,19417281
RUFY4,2,218034960,218090584
SMIM19,8,42541155,42555195
PMM2,16,8788823,8862534
CEP120,5,123344890,123423592
QKI,6,163414000,163578592
GNPTG,16,1351931,1365737
GJC1,17,44798448,44831496
OR5M10,11,56576774,56577721
ZNF827,4,145757627,145938823
PTPRF,1,43525086,43626579
DNASE1L3,3,58192257,58214697
MS4A4A,11,60185657,60318080
M6PR,12,8940358,8951856
MAPRE1,20,32819769,32856284
SLCO4C1,5,102233986,102296350
TTC9B,19,40216058,40218388
CRAT,9,129094142,129111313
OR10G7,11,124036013,124041325
LRP3,19,33177603,33208864
CDC42BPB,14,102932380,103057549
SPATA13,13,23979810,24035027
RTL5,X,72127110,72131915
SUMO4,6,149400262,149401278
DNASE2B,1,84398484,84415018
SCCPDH,1,246724064,246768137
LRP5L,22,25351612,25405274
CES1,16,55802845,55833337
CCDC152,5,42756799,42802439
CSNK2A2,16,58157907,58198191
OR5M1,11,56609236,56614874
NQO2,6,2987987,3022109
SIRT3,11,215028,236931
ABCA6,17,69074255,69142031
RPL4,15,66498015,66524532
GEM,8,94249249,94262461
DESI1,22,41598028,41621081
CNOT2,12,70243002,70354993
PHETA2,22,42073789,42079439
PPIC,5,123022052,123036725
WDR72,15,53513741,53762878
PNP,14,20461992,20477094
CXorf65,X,71103889,71106788
OR13H1,X,131544074,131545000
GNGT1,7,93591329,93911265
GLOD5,X,48761747,48773648
SMPDL3B,1,27935000,27959157
CCR5,3,46370946,46376206
MYOC,1,171635417,171652688
MYMK,9,133514586,133528612
PSMD11,17,32444379,32483319
FAM72B,1,121167646,121185539
TLE2,19,2997639,3047635
TNFAIP8L1,19,4639511,4655568
TRPV5,7,142908101,142933746
SLC30A4,15,45479606,45522829
PNRC2,1,23956839,23963776
MYCT1,6,152697897,152724569
KCNK15,20,44745865,44752313
C1QTNF8,16,1088226,1099401
GPR42,19,35371068,35372962
XG,X,2752040,2816500
GPS1,17,82050691,82058057
IFI27L1,14,94081271,94103846
PLEK,2,68365282,68397453
WFDC2,20,45469386,45481533
C2CD2L,11,119102198,119118544
HEATR6,17,60041008,60078932
MYEOV,11,69294129,69341682
IFNGR1,6,137197483,137219449
TMEM158,3,45224466,45226287
DMAC2L,14,50312301,50335558
RAP1A,1,111542218,111716691
USP53,4,119212128,119295518
C5orf15,5,133955510,133968674
LZIC,1,9922113,9943407
HOMER1,5,79372636,79514565
VTI1B,14,67646904,67674903
MS4A14,11,60378530,60417756
DAPP1,4,99816816,99870190
AK5,1,77282019,77559966
RASSF2,20,4780019,4823870
FRMPD4,X,11822423,12724523
SDR39U1,14,24439766,24442905
ENSA,1,150600851,150629612
FLOT1,6,30727709,30743075
BMX,X,15464246,15556529
MTX3,5,79976716,79991262
OXR1,8,106270144,106752694
ADPRH,3,119579268,119590165
SETX,9,132261356,132355048
DCX,X,111293779,111412429
OR5T1,11,56274154,56276819
MTUS1,8,17643794,17801545
SLC39A14,8,22366727,22434129
PGK2,6,49785660,49787285
GAD1,2,170813213,170861151
RBM33,7,155644451,155781485
DGKI,7,137381037,137847092
KDR,4,55078476,55125595
IGSF9,1,159927039,159949468
HTR2A,13,46831546,46897076
MID1,X,10445310,10833654
CXCL2,4,74097040,74099196
SNAI3,16,88677688,88686507
TYMS,18,657515,676613
ANO5,11,21782659,22283567
PDHX,11,34915829,35020591
RTF2,20,56468585,56519449
TTLL2,6,167325071,167359503
MAGEB1,X,30243715,30252041
SLITRK4,X,143622790,143636101
STPG3,9,137250608,137253483
ACVR1C,2,157526767,157628885
CALML4,15,68190705,68206087
LGALS9C,17,18476737,18494945
NOBOX,7,144396895,144410227
MDM2,12,68808175,68845544
RAC1,7,6374098,6403998
MAFG,17,81918270,81927735
POMGNT1,1,46188681,46220305
MYO1A,12,57028517,57051198
DCN,12,91140484,91183217
PSCA,8,142670308,142682725
SSX5,X,48186220,48196795
TRPC5OS,X,111876051,111903990
CCDC85A,2,56183751,56386178
NTNG2,9,132161020,132244528
SUZ12,17,31936995,32001045
DDX6,11,118747763,118791226
CD209,19,7739993,7747564
SERPINA7,X,106032425,106038778
MAP2K3,17,21284672,21315240
HDAC3,5,141620778,141636867
C8B,1,56929099,56974383
NOVA2,19,45933734,45974044
ZCCHC7,9,37120478,37358177
ADAM23,2,206443498,206621301
NBPF12,1,146938324,146996202
CDK20,9,87964906,87974764
CST1,20,23747562,23751268
KCNAB3,17,7921577,7929856
GPR156,3,120164645,120285426
F2R,5,76716126,76735770
OR1I1,19,15082211,15092970
ZNF33A,10,38010295,38065088
COL9A1,6,70216040,70303084
ACADSB,10,123008972,123058290
DNTTIP2,1,93866284,93879918
NAP1L3,X,93670930,93673578
GPR183,13,99294273,99307474
OR51L1,11,4994851,5005536
MKRN2OS,3,12514934,12561059
C4orf17,4,99511012,99542303
IDNK,9,83623049,83644137
NOC2L,1,943527,960714
BLOC1S1,12,55716033,55720087
TMEM267,5,43444252,43484476
ACOT1,14,73537143,73543796
OR6C75,12,55362975,55369279
MYO5C,15,52192309,52295815
PYDC1,16,31215962,31217162
CAPRIN1,11,34051674,34102610
SYNJ2,6,157981863,158099176
GPR3,1,27392622,27395814
TSPEAR,21,44497893,44711873
ZNF804A,2,184598529,184939492
INF2,14,104681146,104722535
KRTAP13-4,21,30430220,30431026
LRFN2,6,40391591,40587364
FLG2,1,152348735,152360006
TYW1B,7,72558744,72828260
OTUD4,4,145110838,145180621
LRG1,19,4536402,4540067
SNTN,3,63652675,63679020
PLAC1,X,134565837,134764355
SLC4A7,3,27372723,27484451
CHMP7,8,23243635,23266156
FPR1,19,51745172,51804115
ADGB,6,146598967,146815462
ANTKMT,16,720581,722590
CLCA4,1,86547076,86580758
NHLRC2,10,113854475,113917194
ARHGEF15,17,8310241,8323127
LONP1,19,5691834,5720572
AKAP14,X,119895837,119920720
TRIB2,2,12716910,12742734
CCDC184,12,48183644,48185926
ARL5B,10,18659304,18681639
PON1,7,95297173,95324710
VWA5A,11,124115404,124147721
SPAST,2,32063530,32157637
KLHL38,8,123644442,123653801
LSS,21,46188141,46228840
EFCAB13,17,47323290,47441312
RAB3IP,12,69738860,69823204
ADAMTS13,9,133414358,133459402
MAP3K7CL,21,29077060,29175889
ABCA13,7,48171458,48647497
H1-1,6,26017032,26017787
SLC11A2,12,50979401,51028566
PIGC,1,172370189,172444148
SPHK1,17,76376584,76387860
RBM8A,1,145921065,145928067
CORO6,17,29614756,29622923
COX7A2L,2,42333546,42425088
PFN3,5,177400109,177400661
COX6A1,12,120438090,120440742
DERPC,16,69118010,69132588
CCL15,17,35996440,36001553
LHB,19,49015980,49017091
ZCCHC17,1,31296982,31365527
H4C7,6,26246611,26246996
NPEPL1,20,58689131,58719238
BTG3,21,17593650,17613014
DR1,1,93345907,93369493
ATP2C1,3,130850511,131016712
ITGB8,7,20330609,20415754
DNAH10,12,123762188,123935720
TAGAP,6,159034481,159095823
MACROH2A2,10,70052544,70112282
GPR143,X,9724039,9786297
GLRX2,1,193090866,193106114
TMEM51,1,15152498,15220484
CST2,20,23823769,23826729
DPF3,14,72609034,72894101
NFKBIE,6,44258166,44265788
WDR47,1,108970211,109042169
SOAT1,1,179293440,179358680
STIMATE-MUSTN1,3,52833121,52897562
AGBL4,1,48532854,50023954
DCD,12,54644589,54648493
EFCAB9,5,172194172,172203454
PRDX5,11,64318041,64321822
LCE1B,1,152811971,152813108
SESTD1,2,179101678,179264832
COMMD8,4,47450787,47463730
RBM28,7,128297685,128343971
CDV3,3,133573686,133590261
COMTD1,10,75233641,75236075
DIRAS3,1,68045886,68051717
RPAP3,12,47661249,47706038
ZNF581,19,55635018,55645626
MARK2,11,63838923,63911020
H2BW1,X,104011147,104013708
OMA1,1,58415384,58546838
LEUTX,19,39776595,39786291
ASB8,12,48147789,48181213
TIPIN,15,66336191,66386746
CCL11,17,34285742,34288334
UNC5CL,6,41026895,41039221
GTF2A1,14,81175452,81221377
EIF4EBP3,5,140547662,140549576
TBXAS1,7,139777051,140020325
CBX2,17,79778148,79787983
PEX3,6,143450805,143490616
EMG1,12,6970805,6979936
ATP10A,15,25677273,25865184
ADGRA1,10,133087924,133131675
LYPD2,8,142750150,142752532
LY6E,8,143012722,143023832
CELA2B,1,15465909,15491395
PPP1R12B,1,202348666,202592706
BNIP5,6,36315757,36337010
TOM1L1,17,54899387,54963841
ZNF772,19,57466663,57477570
NLGN4Y,Y,14522573,14845654
BCHE,3,165772904,165837462
IL1R1,2,102063933,102179874
SERPINB6,6,2948158,2972375
KIR2DL1,19,54769793,54784332
HUNK,21,31873020,32044633
CD5,11,61102489,61127852
SLC9B1,4,102885048,103019719
LRRN1,3,3799378,3849834
SLC22A7,6,43295694,43305543
CYP4X1,1,47023666,47050751
PCDH19,X,100291644,100410296
HUWE1,X,53532096,53686752
ZNF35,3,44648732,44660791
ARID4A,14,58298504,58373887
SV2C,5,76083383,76353939
MRPS30,5,44808947,44820428
NOMO3,16,16232506,16300806
PPP1R13L,19,45379634,45406349
PRSS3,9,33750679,33799231
CLEC1B,12,9985642,10013424
PTGER4,5,40679915,40693735
CTDNEP1,17,7243589,7252841
RPL37,5,40825262,40835269
CATSPER4,1,26190561,26202968
RBM12,20,35648925,35664956
CRIM1,2,36355731,36551135
PANX3,11,124611428,124620356
SYCE1L,16,77199408,77213215
CEACAM20,19,44501677,44529788
SAMD3,6,130144315,130365425
MMP20,11,102576832,102625332
CGREF1,2,27098889,27119128
BTN1A1,6,26500303,26510425
SP6,17,47844908,47855874
TMEM154,4,152618628,152680012
DHX37,12,124946825,124989133
DKKL1,19,49361783,49375116
IFI44,1,78647078,78664412
PCDHGB1,5,141350099,141512975
PDGFC,4,156760454,156971799
KLHL20,1,173714919,173786820
MEDAG,13,30906271,30925572
SLC33A1,3,155821024,155854456
SNRNP27,2,69893956,69905929
PPY,17,43940804,43944144
TUBA4B,2,219253243,219272197
CC2D1A,19,13906160,13930884
NTSR1,20,62708836,62762771
NUP210,3,13316231,13420322
RDM1,17,35918066,35930773
NUP214,9,131124868,131234667
RBM39,20,35701347,35742312
ATP5MC3,2,175176258,175181764
EFHB,3,19879472,19947025
MYBPH,1,203167811,203175880
RPS19BP1,22,39529088,39532767
RHOU,1,228735479,228746664
SYNDIG1,20,24468025,24666616
MRGPRX2,11,19054455,19060717
NAA11,4,79225694,79326061
FRK,6,115931149,116061093
RND3,2,150468195,150539011
LELP1,1,153203430,153205120
SAG,2,233307816,233347055
CAPRIN2,12,30709512,30823302
FAM210B,20,56358974,56368663
SIRPA,20,1892726,1940592
IL24,1,206897443,206904139
MARVELD3,16,71626161,71642114
SPATA31A6,9,42183659,42189887
ARRDC4,15,97960703,97973838
ZNF711,X,85243839,85273422
ABCG5,2,43812472,43838865
ZNF846,19,9751993,9793180
HYDIN,16,70802084,71230722
RPS24,10,78033746,78056813
TMEM80,11,695591,705028
PMVK,1,154924732,154937008
UQCRQ,5,132866626,132868847
RAB41,X,70282093,70285002
SAMD5,6,147508690,147737547
POGZ,1,151402724,151459494
C16orf87,16,46796603,46831180
FZD6,8,103298433,103332866
TM4SF20,2,227362038,227381995
MRPL58,17,75012664,75021266
PTP4A1,6,63521746,63583588
RNF215,22,30368811,30421771
RASL11B,4,52862317,52866835
USHBP1,19,17249171,17282786
RAP1GAP2,17,2755705,3037741
SLC22A1,6,160121815,160159398
SPRR2E,1,153093135,153106184
TICAM2,5,115578196,115602479
LRTM1,3,54918231,54967088
PID1,2,228850526,229271867
IFNLR1,1,24154168,24187959
DNAJB3,2,233742750,233744015
CT45A3,X,135759846,135768191
ADAM18,8,39584489,39730065
ST18,8,52110838,52460983
RAPSN,11,47437762,47449192
CEP170B,14,104864541,104896770
RIOX2,3,97941815,97972457
INPP5F,10,119726035,119829151
HCK,20,32052197,32101856
MYO3B,2,170178145,170655171
OLA1,2,174072447,174248608
SAGE1,X,135890182,135913062
PPFIA3,19,49119418,49151027
CFC1B,2,130521197,130528604
TMEM70,8,73972437,73982783
ZNF597,16,3432414,3443504
LTK,15,41503634,41513887
MOG,6,29656598,29674431
RPL3L,16,1943968,1957606
BRCC3,X,155071420,155123077
P3H4,17,41801944,41812750
ISG20L2,1,156720796,156728766
ARFRP1,20,63698622,63708662
GPR150,5,95620087,95622142
TCTN2,12,123671110,123708399
CAPN1,11,65180566,65212006
KRTAP5-3,11,1607565,1608463
LRRC30,18,7231089,7232044
KRTAP10-4,21,44573729,44575371
RBM11,21,14216130,14228372
BAG2,6,57172319,57189833
NANOS2,19,45913214,45914778
RNF123,3,49688740,49721532
IFI35,17,43006740,43014456
SELENBP1,1,151364302,151372716
AFF3,2,99545419,100192428
RNASEH1,2,3541430,3558371
TUT4,1,52408282,52553487
TAFA5,22,48489431,48850912
PDSS2,6,107152556,107459580
MYADML2,17,81939645,81947233
CA1,8,85327608,85379014
ANKRD1,10,90912092,90921091
THAP1,8,42836674,42843338
POLD4,11,67350772,67356972
VSTM2B,19,29524739,29564553
COMMD6,13,75525214,75549439
PABPC5,X,91434595,91438584
SLC1A7,1,53087179,53142638
ROCK1,18,20944612,21111813
GPR82,X,41724181,41730130
OCEL1,19,17226198,17229219
MCRS1,12,49556544,49568145
ANKRD27,19,32597000,32676597
SRP19,5,112861188,112898371
SORCS2,4,7192538,7742827
BTN3A2,6,26365159,26382797
KCNA1,12,4909905,4918256
B3GAT3,11,62615296,62622154
FGF19,11,69698232,69704660
TTPA,8,63048553,63086153
BET1,7,93962762,94004382
TMEM120B,12,121712752,121783001
OR9Q1,11,58023881,58181616
DRD5,4,9781387,9784012
CIAPIN1,16,57428177,57447420
OR6F1,1,247711436,247716646
PRRT1B,9,131545520,131560618
AIPL1,17,6393693,6435199
RUVBL2,19,48993562,49015983
CASTOR2,7,74964705,75031528
SYK,9,90801579,90898549
SPART,13,36301638,36370215
TBCK,4,106041599,106316683
SAMD1,19,14087851,14091036
HPGDS,4,94298507,94342876
DRGX,10,49364065,49398484
PSG2,19,43064209,43083045
LRRC66,4,51993614,52020363
ZNF25,10,37949573,37976647
DNAAF1,16,84145261,84178769
LONRF3,X,118974614,119022925
CT45A9,X,135863418,135871812
MUS81,11,65857126,65867653
AMER2,13,25161679,25172288
OXCT2,1,39769523,39771348
RPL13A,19,49487510,49493057
OOSP4B,11,59978020,60031095
SULT1C2,2,108288639,108309915
NAAA,4,75910655,75941013
BARHL2,1,90711539,90717302
POC1B-GALNT4,12,89519408,89526262
ZMYND8,20,47209214,47357804
FNDC1,6,159169353,159272112
LRRC10B,11,61508749,61511018
SSPN,12,26121991,26299290
ASL,7,66075800,66094697
ATP6V0A4,7,138706289,138799672
MGST1,12,16347115,16609259
ANKK1,11,113387779,113400416
MMS19,10,97458083,97499500
MEOX2,7,15611211,15686818
SKIL,3,170357287,170396835
LYRM7,5,131170918,131205428
AMER1,X,64185117,64205708
GNG3,11,62706400,62712083
GUCY1B1,4,155758988,155807811
UBAP1L,15,65092760,65115200
ZNF678,1,227563543,227677443
MPC1,6,166364919,166383013
TUBA1A,12,49184686,49189324
HMGN4,6,26538351,26546937
RPP14,3,58306245,58324695
DCTN3,9,34613545,34620523
MIPEP,13,23730176,23889448
BECN2,1,241957767,241959062
ZNF486,19,20167214,20200488
COQ3,6,99369401,99394207
PRCP,11,82822936,82970584
ABCD1,X,153724495,153744755
EZR,6,158765741,158819413
TTC36,11,118527437,118531197
TTC31,2,74483061,74494999
PDLIM2,8,22578058,22598025
DCP2,5,112976702,113022195
ZCCHC2,18,62523025,62587709
TRIM27,6,28903002,28923988
RAET1L,6,150018334,150025532
ANKRD44,2,196967017,197311173
ZNF594,17,5179535,5191868
UNC13A,19,17601336,17688365
KLRC4-KLRK1,12,10372353,10410146
CT45A1,X,135713639,135723539
GIMD1,4,106357392,106368778
TMEM140,7,135148072,135166519
ASPDH,19,50511568,50514690
CMTM7,3,32391686,32483067
H4C6,6,26240393,26240793
CHMP4A,14,24209615,24213830
ZNF266,19,9412424,9435601
STYK1,12,10618919,10674318
NPY1R,4,163323962,163344852
POLR3F,20,18466878,18484648
CTSC,11,88265069,88359684
ZNF560,19,9466355,9498616
SLC5A9,1,48222685,48248644
AKR7A2,1,19301991,19312144
SELE,1,169722640,169764705
KRTAP5-1,11,1584342,1585283
MDGA2,14,46840092,47675605
DRG1,22,31399560,31528740
EME1,17,50373220,50381483
ALDH4A1,1,18871425,18902799
FLT4,5,180601506,180649629
IFNA8,9,21409117,21410185
GK2,4,79406361,79408228
GPRC5D,12,12940575,12952170
CLDN9,16,3012923,3014505
CELSR3,3,48636463,48662886
HCN3,1,155277328,155289848
IGBP1,X,70133345,70166324
OR52J3,11,5046526,5047461
FOXF1,16,86510527,86515422
POLK,5,75511782,75609991
SPATA20,17,50543058,50556481
SLC39A8,4,102251080,102431258
MORN4,10,97614551,97634135
PXT1,6,36390551,36442854
RPL17-C18orf32,18,49481681,49492479
NAA40,11,63938669,63957319
GPR27,3,71753855,71756496
CLK4,5,178602664,178630615
HAS3,16,69105653,69118719
CCT3,1,156308960,156367873
BANP,16,87949127,88077321
ARHGEF38,4,105552620,105708093
DDC,7,50458436,50565468
SLC26A1,4,979073,997659
CLRN3,10,127877841,127892947
C2orf81,2,74414176,74421619
MTMR7,8,17296794,17413528
MKNK1,1,46557407,46616843
PDE8A,15,84980440,85139145
ITGA1,5,52787916,52959209
MYBPC1,12,101568353,101686181
GJA9,1,38874069,38881587
TMEM39B,1,32072031,32102866
RAB3D,19,11322068,11346270
HMGN3,6,79200929,79234862
BMP1,8,22165140,22212326
TP53TG5,20,45372557,45407889
NEK4,3,52708444,52770973
C20orf96,20,270863,290778
CWC27,5,64766368,65102412
FAR1,11,13667462,13732367
POU1F1,3,87259404,87276584
AKAP13,15,85380571,85749358
ZNF709,19,12461184,12513854
CSTB,21,43772511,43776579
PRAMEF9,1,13171848,13179459
HNRNPCL4,1,13163914,13165631
CH25H,10,89205629,89207317
EFCAB2,1,244969682,245127164
CT83,X,116461686,116462976
ZBTB46,20,63743668,63832455
ZMIZ1,10,79068929,79316550
ARRDC1,9,137605619,137616227
OR5W2,11,55913650,55914582
TDG,12,103965822,103988874
CEMP1,16,2530035,2531417
FLNC,7,128830312,128859275
EPS8L3,1,109750078,109764062
DMP1,4,87650280,87664361
CMTM1,16,66566393,66579137
SNRPB2,20,16729958,16742564
MAP9,4,155342658,155376970
SEC61A1,3,128051641,128071705
ZBTB4,17,7459366,7484263
PSMC3IP,17,42572310,42577831
GOLGA8K,15,32389599,32403292
MMP14,14,22836532,22849041
A2M,12,9067664,9116229
SERPINA9,14,94462717,94481125
RASSF10,11,13009316,13012119
MCM10,10,13161554,13211110
IQCF2,3,51861615,51863424
MEP1A,6,46793368,46839801
NAP1L1,12,76032987,76085261
SLC5A10,17,18950345,19022595
SNTG1,8,49909789,50796692
GPANK1,6,31661228,31666283
ZDHHC2,8,17155974,17224799
CCDC25,8,27733316,27772653
NAA35,9,85941002,86026967
SPTBN2,11,66682496,66744670
TEX55,3,119146151,119160042
AFF1,4,86934237,87141073
SSUH2,3,8619386,8745040
RBM5,3,50088919,50119021
LILRA6,19,54236590,54242790
FAM236A,X,72938163,72938958
CDR2,16,22345936,22437165
DGAT2L6,X,70177483,70205704
TBC1D24,16,2475051,2509671
DNAJA4,15,78264086,78282196
GGT7,20,34844714,34872868
PTGES3L-AARSD1,17,42950526,42980528
ITGA5,12,54395261,54419266
PTGDR2,11,60850933,60855950
CBX5,12,54230942,54280133
RPSA,3,39406709,39426255
FSTL3,19,676392,683392
FOXN2,2,48314331,48379295
PSKH2,8,86047109,86088621
RBKS,2,27780857,27890681
PPM1B,2,44167969,44244384
OR10A5,11,6845683,6846636
PXN,12,120210439,120265795
GNGT2,17,49202791,49210593
HLA-B,6,31353867,31367067
PDZRN3,3,73382431,73624941
TANK,2,161136908,161236230
RHOC,1,112701127,112707845
ANKRA2,5,73552190,73565712
ANKRD45,1,173608336,173669851
SPG7,16,89490719,89557766
TSEN34,19,54189447,54194538
APBB3,5,140558268,140564781
ADAM29,4,174829668,174978180
UBE2D2,5,139526431,139628434
DOK1,2,74548875,74557554
EPHA5,4,65319563,65670495
RBM42,19,35628989,35638927
SLC22A16,6,110424687,110476681
NUAK2,1,205302063,205321745
CCDC136,7,128790757,128822135
ARMCX3,X,101622797,101627843
TOR1A,9,129812942,129824244
C8orf58,8,22599594,22604150
SPACA5,X,48004336,48009733
TATDN3,1,212791828,212816830
NOSTRIN,2,168786539,168866787
USH2A,1,215622891,216423448
DLGAP5,14,55148110,55191608
LHFPL1,X,112625372,112680180
TRAM2,6,52497408,52577077
MRPS34,16,1771890,1773158
OTUB2,14,94026340,94048930
GAR1,4,109815500,109825575
FAM117B,2,202634969,202769757
IFNL2,19,39268396,39270188
STOM,9,121338987,121370304
KLHL7,7,23105757,23177914
SF3B3,16,70523782,70577670
IFI27L2,14,94125580,94130253
NMU,4,55595229,55636747
CNR2,1,23870515,23913362
USB1,16,57999546,58021618
TM4SF19,3,196319342,196338503
SMARCB1,22,23786931,23838009
RAB40AL,X,102937272,102938300
OR10H1,19,15804549,15815664
BORCS7,10,102854259,102864961
GFRAL,6,55327469,55402493
ZNF534,19,52429148,52452315
HRC,19,49151194,49155432
MS4A15,11,60756863,60776733
EPS15,1,51354263,51519387
ALOX12B,17,8072636,8087716
SF3B1,2,197388515,197435079
OR4B1,11,48216810,48217739
MOV10,1,112673141,112702383
RD3L,14,103940426,103942561
CD38,4,15778275,15853232
SPANXA1,X,141583674,141584738
SLC19A2,1,169463909,169485944
LRRC55,11,57181747,57191717
CDC25C,5,138285251,138338355
SSTR2,17,73165010,73176633
AEN,15,88620070,88632281
KRT80,12,52168996,52192014
TMEM184A,7,1542235,1560821
TLE6,19,2977538,2995179
POU3F2,6,98834574,98839458
S100A2,1,153560950,153568674
PROK1,1,110451149,110457358
TBCE,1,235367360,235452443
CCT8,21,29055805,29073797
SRD5A2,2,31522480,31580941
EIF4E,4,98878761,98929150
ARSK,5,95555101,95605102
CCDC51,3,48432164,48440456
ZNF676,19,22178486,22215801
ZNF547,19,57363477,57379565
CCDC38,12,95867048,95942635
CCND1,11,69641143,69654474
CDKAL1,6,20534447,21232855
MYO9A,15,71822291,72118577
NRP1,10,33177492,33336262
ACD,16,67657512,67660810
GPR78,4,8558725,8619761
SLC35F1,6,117907264,118317676
TTYH3,7,2631919,2664816
WFS1,4,6269839,6303265
FGF21,19,48755524,48758333
KCNE2,21,34180729,34371381
DDX56,7,44565418,44575051
CLDN3,7,73768997,73770270
CETN1,18,580380,582114
CCDC137,17,81666737,81673904
MICALL2,7,1428465,1459496
TIGD6,5,149993118,150000654
RBX1,22,40951277,40973539
PNRC1,6,89080751,89085160
KMT5C,19,55339367,55348121
ABCC11,16,48165773,48247568
EIF3D,22,36510850,36529245
PYCR3,8,143603210,143609773
UBE2H,7,129830732,129952977
EGR4,2,73290927,73293721
ULBP3,6,150061053,150069191
NUTM2F,9,94318198,94328644
FAM240A,3,46612525,46626543
EHD4,15,41895933,41972593
HMGA2,12,65824460,65966291
SLC19A1,21,45493572,45573564
MTHFS,15,79833585,79897379
GRM8,7,126438598,127253093
ZNF677,19,53235381,53254898
IL1RL1,2,102311502,102352353
TADA2B,4,7041899,7057952
WDR70,5,37379281,37753435
ADD1,4,2843576,2930082
EXOC5,14,57200507,57268974
FCRLA,1,161706958,161714352
TUBE1,6,112070663,112087529
HOOK1,1,59814786,59876369
AVEN,15,33858782,34075155
NSUN3,3,94062980,94131832
ARMC6,19,19033575,19060311
HSPA14,10,14838306,14871741
PUF60,8,143816344,143830709
DEPDC4,12,100203669,100267089
PTPRN,2,219289623,219309648
ZC3H3,8,143437655,143541455
SPATA22,17,3440019,3513852
NME4,16,396725,410367
LINGO1,15,77613027,77820900
CLEC7A,12,10116777,10130258
UBE2F,2,237966827,238045486
THRB,3,24117153,24495756
SLC17A8,12,100356842,100422055
DCLK2,4,150078176,150257454
MS4A1,11,60455752,60470752
TMEM40,3,12733528,12769457
ARHGEF17,11,73308276,73369388
NOB1,16,69741871,69754942
FRMPD3,X,107449652,107605255
RASL10A,22,29312933,29319679
RFPL2,22,32190435,32205073
POLDIP2,17,28346173,28357584
KRTAP5-11,11,71581855,71603353
IFNAR1,21,33324387,33359864
CD180,5,67179613,67196799
ARID2,12,45728910,45908040
IL21,4,122610108,122621066
DROSHA,5,31400494,31533186
OOSP3,11,59878782,59896483
MEPE,4,87821398,87846814
ZMYND15,17,4739108,4746119
RASSF3,12,64507001,64697567
IQCH,15,67254786,67502260
KIF4B,5,155013755,155018141
GAREM1,18,32124877,32470882
NRDC,1,51787517,51878805
CACNA1I,22,39570753,39689735
TPTE,21,10521553,10606140
UGT1A9,2,233671898,233773300
H2AC13,6,27808173,27808667
TCTA,3,49412212,49416476
FBXO4,5,41925210,41941743
AGPAT3,21,43865223,43987592
EIF2S3B,12,10505602,10523135
RCC2,1,17406755,17439772
FMO3,1,171085113,171118675
THEM4,1,151870866,151909637
CHRAC1,8,140511311,140517154
EDN1,6,12287459,12297194
FOXA2,20,22580998,22585455
KCNG2,18,79797904,79900184
DISP3,1,11478905,11537583
RILPL2,12,123409714,123436684
CLEC4G,19,7728957,7733906
COX11,17,54951902,54968703
HS3ST4,16,25691959,26137685
ISCU,12,108562582,108569380
LYRM9,17,27878314,27894752
STEAP1,7,90154436,90164829
GHSR,3,172443291,172448456
LRRC3C,17,39927732,39944999
TOX4,14,21476597,21499175
CALB2,16,71358713,71390436
NUDT16,3,131381671,131388830
KRT82,12,52393931,52406335
KIF26A,14,104136454,104180894
VPS39,15,42158701,42208326
TCF7L2,10,112950205,113167678
TMEM269,1,42784991,42816619
LMOD2,7,123655866,123664290
TSFM,12,57782731,57808071
TRRAP,7,98877933,99050831
DHRS2,14,23630115,23645639
VPS29,12,110491083,110502111
PSMD3,17,39980800,39997960
COX20,1,244835616,244845480
ATXN2,12,111443485,111599676
HTR1A,5,63957874,63962507
POLE,12,132623753,132687376
DCC,18,52340197,53535899
B4GAT1,11,66345374,66347638
TMEM101,17,44011188,44023946
NADSYN1,11,71453109,71524107
ASXL1,20,32358266,32439319
PDCL2,4,55556519,55592245
NR1D1,17,40092793,40100589
SLC25A32,8,103398635,103415189
SATB2,2,199269484,199471266
CYP51A1,7,92084987,92134803
CARD6,5,40841308,40860175
PAM16,16,4331549,4355607
TRPV1,17,3565444,3609411
UBR7,14,93207241,93229215
KRTAP10-6,21,44591268,44592505
CCNT1,12,48688458,48716998
KCNJ4,22,38426327,38455639
TRIM39-RPP21,6,30328907,30346854
CAMTA1,1,6785454,7769706
OR2T35,1,248636356,248645278
NCBP2AS2,3,196942674,196943543
CDC42EP2,11,65314834,65322662
ZFP69,1,40477233,40496530
PRAMEF5,1,13254198,13263435
GLDC,9,6532467,6645729
SPDYE17,7,77022306,77032361
PACC1,1,212363926,212414909
ZBTB38,3,141324154,141449792
THEMIS2,1,27872543,27886685
RGS9BP,19,32675848,32678300
HIVEP2,6,142751467,142956698
SLC44A3,1,94820278,94895246
TM9SF1,14,24189140,24196287
ZSWIM7,17,15976560,15999717
N4BP2,4,40056658,40158252
REG1A,2,79120362,79123409
OSTN,3,191199241,191265615
SLC16A6,17,68267026,68291267
CLPB,11,72285495,72434680
C3orf22,3,126526999,126558965
SLTM,15,58879049,58933991
MPDZ,9,13104620,13279790
PGC,6,41736711,41754109
CENPL,1,173799550,173824883
MVD,16,88651934,88663161
GABRA4,4,46918900,46993581
PSMC2,7,103328570,103370346
EZHIP,X,51406948,51408843
OR13J1,9,35869463,35870401
INSYN2A,10,127135426,127196591
KIF7,15,89608789,89663098
CSRP1,1,201483530,201513100
CHRDL1,X,110673856,110796192
FGF6,12,4428155,4445815
TCEANC,X,13653078,13681964
EIF4B,12,53006279,53042230
MRPS6,21,34073224,34362252
HIPK4,19,40379271,40390181
NAT16,7,101170496,101180293
SP5,2,170715337,170718078
PCDHGB2,5,141359994,141512975
PGA5,11,61241175,61251444
VSX2,14,74239449,74262738
HGSNAT,8,43140376,43202855
ALG8,11,78095244,78139660
ADIPOR2,12,1688574,1788680
PRAC1,17,48721719,48723082
MT1F,16,56657640,56660698
B3GNT9,16,67148104,67151260
FSD2,15,82755362,82806111
POU3F4,X,83508290,83512127
IBSP,4,87799546,87813329
MICOS13,19,5678421,5680516
KRTAP19-8,21,31038159,31038476
PANO1,11,797511,799190
ANKRD12,18,9136228,9285985
IDH3B,20,2658393,2664219
SLC6A19,5,1201595,1225111
TERF2IP,16,75647765,75761872
ITCH,20,34363235,34511773
ZFAND2A,7,1151903,1160771
A1CF,10,50799409,50885716
GTSF1,12,54455950,54473602
LRRC34,3,169793003,169812986
OR10J3,1,159313720,159314659
DUX4,4,190173774,190185942
NBPF19,1,149475045,149556361
DEDD2,19,42198593,42220140
ANKRD26,10,26973793,27100517
UNC45B,17,35146495,35189346
MED23,6,131573966,131628242
UBAC2,13,99200758,99386504
PRIM2,6,57314805,57646855
C16orf54,16,29742463,29745990
GINS3,16,58295080,58406147
ARHGAP39,8,144529179,144685879
H3C3,6,26045384,26045869
OLIG3,6,137492199,137494394
OR4C11,11,55602360,55607645
MRPS25,3,15009611,15065339
DAB2,5,39371675,39462300
PLAA,9,26903372,26947490
SPOP,17,49598884,49678201
MARCHF9,12,57755103,57760411
HESX1,3,57197838,57227606
NUDT10,X,51332231,51337525
CCDC172,10,116324388,116380029
LUZP1,1,23084030,23178152
KCNG4,16,84218657,84240012
KDM3A,2,86440647,86492716
GRPEL1,4,7058643,7068145
ASAP1,8,130052104,130443762
ATP6V1H,8,53715543,53843558
ATP12A,13,24680408,24712472
NARS1,18,57600000,57622213
STOML3,13,38965925,38990871
C18orf32,18,49477243,49487256
DGKZ,11,46332905,46380554
PLIN1,15,89664365,89679450
FOXH1,8,144473412,144475873
SYPL1,7,106090500,106112589
NMUR2,5,152391542,152433368
PRR22,19,5782960,5784746
ZFP69B,1,40450053,40464142
COL24A1,1,85729233,86156943
DIABLO,12,122207394,122226062
TSSK4,14,24205696,24208362
SCLT1,4,128864921,129093600
MAGEB17,X,16167481,16171464
SNURF,15,24954987,24977850
RPL27,17,42998273,43002973
CHPF,2,219538949,219543818
ZP1,11,60867542,60875693
C11orf97,11,94512461,94532125
FCGR2A,1,161505415,161524013
CLCC1,1,108881885,108963527
SAMD4B,19,39342421,39385710
ANKRD54,22,37830853,37849327
YRDC,1,37802945,37808208
CYP4A11,1,46928862,46941594
COPB2,3,139353942,139389736
TRMT1,19,13104899,13117567
NUP153,6,17614707,17706935
ARL6IP5,3,69084937,69106092
PTPRR,12,70638073,70920738
ASB16,17,44170447,44179084
THBS4,5,79991311,80083831
AK1,9,127866486,127878558
OPA1,3,193593144,193697811
PICALM,11,85957171,86069882
SCRT1,8,144330565,144336482
CFAP54,12,96489571,96875555
RSL24D1,15,55180797,55197076
CTRB2,16,75204103,75207161
LY6L,8,143080312,143083486
NHLH1,1,160367071,160372846
LMAN1,18,59327823,59359265
DHRS4L2,14,23969874,24006408
RPL7,8,73290242,73295789
PDK4,7,95583497,95597638
IFNA7,9,21201469,21202205
CAPZA2,7,116811070,116922049
EDDM13,19,56272748,56310454
SETDB2,13,49443794,49495003
KCNMB4,12,70366290,70434292
DNAJC10,2,182715607,182794464
NEK8,17,28725897,28743455
B4GALT3,1,161171306,161178652
GUCD1,22,24540423,24555935
CD53,1,110871176,110899936
NAGK,2,71064344,71079808
CBR1,21,36069941,36073166
CFAP58,10,104353833,104455102
PWWP3B,X,106168304,106208963
LRP8,1,53242364,53328469
ALG1,16,5033702,5087379
ZNF48,16,30378106,30400108
ESPL1,12,53268285,53293643
PDE11A,2,177623244,178108339
THPO,3,184371935,184381968
TCAF2,7,143620952,143730410
CFAP70,10,73253762,73358864
HMBOX1,8,28890292,29064764
CA5B,X,15688830,15788411
PROSER3,19,35758143,35771398
COL9A2,1,40300487,40317813
SYNPR,3,63228315,63616924
SECISBP2L,15,48988476,49046477
UFD1,22,19449911,19479215
INPP5E,9,136428618,136439882
KIF25,6,167996241,168045091
SUFU,10,102503952,102633535
PRRT2,16,29811382,29815892
STC2,5,173314723,173328447
GPR137C,14,52552823,52637713
TECRL,4,64275257,64409495
KIFC2,8,144465940,144474202
MLH1,3,36993226,37050896
SPECC1,17,20008865,20319026
IFITM10,11,1732406,1750605
ANO9,11,417921,442072
STMN1,1,25884181,25907237
MAGEF1,3,184710364,184712064
SHROOM1,5,132822141,132830920
TNP1,2,216859458,216860064
ERMP1,9,5749832,5879537
OR1F1,16,3188204,3224779
FAM236B,X,72781865,72782660
CCN2,6,131948176,131951456
CEP250,20,35455164,35519280
ALPG,2,232406844,232410714
AAR2,20,36236131,36270918
CCDC14,3,123897305,123961435
ARHGAP5,14,32075794,32159728
C11orf87,11,109422190,109429167
RUSC1,1,155320739,155331118
RAD23B,9,107283137,107332192
MAT1A,10,80269780,80290126
FCGR2B,1,161662803,161679490
GFPT2,5,180300682,180353339
TRIM35,8,27284886,27311289
PYDC5,1,158999971,159002751
KCNQ1,11,2444654,2849105
CYP4F3,19,15640795,15662825
FLCN,17,17212206,17237203
CD63,12,55723511,55730023
CDCA5,11,65066300,65084164
ASPN,9,92456205,92492208
RGCC,13,41457532,41470877
ADAM20,14,70522358,70535015
DSC3,18,30989365,31042815
HSPA8,11,123057485,123063230
TP53AIP1,11,128934731,128943399
GPATCH8,17,44395281,44503595
IQCF1,3,51894876,51903353
ADAMTS12,5,33523535,33892019
C15orf39,15,75195623,75212169
VTCN1,1,117143587,117210960
BUD23,7,73683568,73698228
GNB2,7,100673567,100679174
POTEE,2,131209536,131265278
TCTE1,6,44278734,44297698
POC1B,12,89419718,89526135
PPTC7,12,110533245,110583383
IKZF5,10,122990806,123008826
RHOD,11,67056839,67072019
DMC1,22,38518905,38570211
DEFB4B,8,7414855,7416863
C8orf76,8,123219967,123241384
OR2S2,9,35957108,35958154
RPL7L1,6,42879616,42889925
UBE3C,7,157138922,157269372
TMEM14A,6,52671072,52686592
IFNW1,9,21140632,21141832
MROH8,20,37101226,37179588
HSD17B13,4,87303789,87322945
GALNT17,7,71132144,71713600
WNK3,X,54192823,54358642
ZYG11A,1,52842511,52894998
SLC7A7,14,22773222,22829820
IER3,6,30743199,30744550
DOK3,5,177501904,177511274
MCM3,6,52264011,52284881
MYRIP,3,39808914,40260321
RPS5,19,58380570,58394807
ELMO2,20,46366047,46432985
WDR12,2,202874261,203014798
GFY,19,49423749,49428987
ATP5F1B,12,56638171,56646079
GTF3C1,16,27459555,27549960
VANGL2,1,160400564,160428678
GCM1,6,53126961,53148841
AIFM1,X,130124666,130165879
TRMU,22,46330875,46357344
SEC24D,4,118722822,118838683
GNG13,16,798041,800734
CRYZL2P-SEC16B,1,177928788,178038007
CHPT1,12,101696947,101744140
IDI1,10,1039152,1049119
L3MBTL3,6,130013699,130141449
FGFBP1,4,15934507,15939171
SLC29A2,11,66362520,66372476
ATL2,2,38293949,38377438
SEMA5B,3,122908792,123028605
CHCHD3,7,132784449,133082250
PARP3,3,51942252,51948871
SH2D3C,9,127738317,127778727
CFL1,11,65823022,65862026
CYBB,X,37780018,37816994
FGF22,19,639879,644373
RAB28,4,13361354,13484365
TOGARAM1,14,44962190,45074431
ABCG1,21,42199689,42304389
NUAK1,12,106063345,106138954
TM9SF3,10,96518110,96587452
ALAD,9,113386304,113401356
OR5AK2,11,56988914,56989843
IFNA14,9,21239002,21240005
BRIP1,17,61679139,61863561
NMNAT2,1,183248237,183418380
UBAP1,9,34179005,34252523
ZC3H4,19,47064187,47113776
ALG10B,12,38316762,38329721
FOXA3,19,45863989,45873798
NOL10,2,10562295,10690415
CPNE5,6,36740775,36839444
CCDC88B,11,64340204,64357534
RIIAD1,1,151710433,151729805
PPP1R2,3,195514428,195543386
CNTN4,3,2098813,3057963
KMT2E,7,104940943,105115019
SPDYA,2,28782517,28850611
PNCK,X,153669730,153689033
PCDHA8,5,140841187,141012347
GOLGA4,3,37243184,37366879
RASL12,15,65053337,65076690
S100P,4,6693878,6697170
ABHD2,15,89087459,89202355
IFNA13,9,21367372,21368057
EBF2,8,25841725,26045413
LBHD1,11,62662817,62672267
PSD,10,102402614,102421539
OR11L1,1,247840928,247841896
DBNDD2,20,45405616,45410870
PDE7B,6,135851701,136195574
ARHGAP22,10,48446036,48656265
MBL2,10,52765377,52772784
MT1B,16,56651886,56653204
SERTAD1,19,40421589,40425992
OSCP1,1,36415827,36450451
ADGRG1,16,57610652,57665580
NLRP6,11,278407,285388
PPP3R2,9,101591604,101595021
WDR35,2,19910263,19990141
PDYN,20,1978757,1994285
CACNA1B,9,137877782,138124624
DNM1L,12,32679200,32745650
RAD9A,11,67317871,67398410
GFRA2,8,21690398,21812370
MESP1,15,89749875,89751249
BTBD3,20,11890723,11926609
APOBEC3A,22,38952741,38963184
CHST5,16,75528530,75536108
NDP,X,43948772,43973395
PET100,19,7629711,7631956
ISYNA1,19,18434388,18438178
KIF16B,20,16272104,16573448
SLF2,10,100912963,100965134
ERCC5,13,102845831,102875995
GLIPR1L1,12,75334670,75370560
PRPF40B,12,49568218,49644666
GTF2F1,19,6379572,6393981
MAP3K21,1,233327714,233385281
IL21R,16,27402174,27452050
CRAMP1,16,1612337,1677908
CCDC167,6,37482920,37499894
STPG2,4,97184093,98143476
CEP76,18,12661833,12702777
POTEA,8,43292483,43363518
FITM1,14,24130659,24132849
TBCB,19,36114289,36125947
TCTN1,12,110614027,110663431
DTD1,20,18587920,18766644
EME2,16,1772810,1781708
SIM1,6,100385009,100464935
FXYD3,19,35115521,35125653
AREG,4,74444999,74455005
KCNQ3,8,132120861,132481095
CA12,15,63321378,63382027
FRMD6,14,51489100,51730727
PTRH1,9,127690348,127724873
NRG3,10,81875194,82987179
TBC1D3K,17,37924415,37935371
ERBB4,2,211375717,212538841
ELF4,X,130063955,130110904
RPL24,3,101681091,101686757
CALB1,8,90058608,90095475
RELCH,18,62187255,62310249
ZNF559,19,9323717,9351162
CLEC19A,16,19285731,19322145
OR4K13,14,20029399,20036038
OR5M11,11,56542340,56543257
PDC,1,186443566,186461114
ZNF468,19,52838010,52857649
SLC34A2,4,25648011,25679132
CDC27,17,47117703,47189422
CA14,1,150257251,150265078
NOXRED1,14,77394021,77423523
ADARB1,21,45073839,45226560
SCN2B,11,118162806,118176639
UMAD1,7,7640661,7968020
SLC25A33,1,9539465,9585173
CENPQ,6,49463335,49495815
ADGRG3,16,57668277,57689378
MED14,X,40648305,40735877
WDR46,6,33279108,33289247
AEBP1,7,44104295,44114565
MAN2A2,15,90902218,90922585
FAIM2,12,49866896,49904217
GNL1,6,30541381,30556603
MAPK10,4,85990007,86594625
LRRC2,3,46515385,46607097
ACSF2,17,50426158,50474845
NDUFAF8,17,81239305,81241310
SMIM13,6,11093834,11138733
TECPR1,7,98214624,98252235
PCNX2,1,232983435,233295729
SP3,2,173880850,173965373
PMF1,1,156212989,156240423
NAF1,4,163110073,163166913
BBOF1,14,74019347,74082863
PXMP4,20,33702758,33720319
WWC2,4,183099126,183320777
SKI,1,2227388,2310213
HELB,12,66302493,66343643
SH2D5,1,20719724,20732837
SIPA1L2,1,232397622,232631404
NAT2,8,18391252,18401218
KLRF1,12,9827481,9845007
CDX1,5,150166778,150184558
TBR1,2,161416297,161425870
VAV1,19,6772694,6857366
PTBP1,19,797075,812327
NELFE,6,31952087,31959038
GPR119,X,130379449,130385674
MAB21L3,1,116111399,116138149
LMBRD1,6,69672757,69867236
PROK2,3,71771655,71785206
AADACL4,1,12644085,12667076
FAM120B,6,170290703,170407067
CAPN14,2,31173056,31234011
JCHAIN,4,70655541,70681817
NARS2,11,78435620,78575194
TOMM34,20,44942130,44960422
BLID,11,122115340,122116215
TMEM179,14,104474678,104605647
GPM6A,4,175632934,176003069
NOP58,2,202265725,202303666
CAMK2A,5,150219491,150290093
LRBA,4,150264435,151015755
FAM234B,12,13044185,13142521
PHF20,20,35771968,35950385
LRRN4,20,6037376,6060313
TRIML2,4,188091247,188109611
MAGEH1,X,55452127,55453566
KYAT3,1,88935773,88992953
UBXN10,1,20183293,20196050
RPL8,8,144789765,144792587
FAH,15,80152292,80186990
PHYHIP,8,22219703,22232101
ST6GAL1,3,186930325,187078932
LMBR1L,12,49097136,49110900
ANK2,4,112818032,113384231
DDOST,1,20651767,20661544
MUC21,6,30983718,30989903
DNAL1,14,73644875,73703732
TECR,19,14517085,14565988
SORBS1,10,95311390,95561469
CHRM1,11,62908679,62921877
IRF2BPL,14,77024543,77028708
ATP1B3,3,141876124,141926549
ZGRF1,4,112539333,112637392
HMGCS1,5,43287470,43313512
CPT2,1,53196792,53214197
MGP,12,14880864,14887639
AFF2,X,148500617,149000663
CENPN,16,81006506,81033114
NFIX,19,12995475,13098796
ASRGL1,11,62337439,62393412
C16orf92,16,30023198,30027736
ZNF195,11,3339261,3379222
CTNNBIP1,1,9848269,9910368
KCNG3,2,42442017,42493982
GLYATL1B,11,59086307,59094786
TMEM182,2,102736905,103019900
KIT,4,54657267,54740783
STK17B,2,196133583,196176503
GPKOW,X,49113396,49123746
MFNG,22,37469063,37486402
CHST1,11,45647689,45666096
OR2AP1,12,55572468,55575612
NSUN4,1,46340719,46369218
ZNF793,19,37506428,37548762
ACTR1B,2,97655939,97664114
SPOCK3,4,166733384,167234796
SDF2,17,28648346,28662189
SYT3,19,50621307,50640040
MMP8,11,102711796,102727050
EIF2AK1,7,6022247,6059231
RIPPLY2,6,83853360,83857515
TBC1D22A,22,46762617,47175699
ZNRF3,22,28883565,29057488
NIPAL3,1,24413527,24476735
MAP4K2,11,64784918,64803241
NEGR1,1,71395943,72282539
TYW5,2,199928913,199955736
PABPC1L2B,X,73002939,73006106
HSPA12B,20,3730248,3753553
HDAC9,7,18086949,19002416
FERD3L,7,19144782,19145421
PCBP2,12,53451900,53481162
FTO,16,53701692,54158512
CXCL12,10,44370165,44386493
ATP8A1,4,42408373,42657121
SEC14L6,22,30522799,30546741
CNOT6,5,180494334,180578401
PRKRIP1,7,102363872,102426676
FADD,11,70203295,70207395
COA3,17,42795147,42798704
ARMC12,6,35737032,35749079
PACRGL,4,20696282,20752907
HES5,1,2528745,2530263
ISX,22,35066136,35087392
FHL1,X,136146702,136211359
CDR1,X,140783578,140784366
SCN7A,2,166403472,166611482
OR2AJ1,1,247924889,247935339
PEX1,7,92487020,92528640
AATK,17,81110487,81166223
ODC1,2,10439968,10450116
OR8D1,11,124302831,124315099
RNF207,1,6205392,6221299
NLRP12,19,53792139,53824403
SHISA5,3,48467798,48504826
GIMAP5,7,150722253,150750033
SLC16A1,1,112911847,112957593
TRIM46,1,155173787,155184971
LAIR1,19,54351384,54370558
ROPN1B,3,125969160,125983454
C4orf46,4,158666675,158672255
LYZL1,10,29289061,29318328
BAG1,9,33247820,33264720
TWSG1,18,9334694,9402420
NIPAL1,4,47914142,48040173
PCCB,3,136250314,136337896
NR1H4,12,100473708,100564414
NPTXR,22,38818452,38844028
VTN,17,28367265,28373091
TBC1D4,13,75283503,75482651
TPSAB1,16,1239266,1242555
BCL10,1,85265776,85276632
CDH6,5,31193686,31329146
ARMT1,6,151452258,151470101
TM4SF4,3,149474697,149503394
MAP2K5,15,67542611,67807123
VCY1B,Y,14056227,14056958
PLPPR5,1,98890245,99227929
SOX12,20,325552,330224
PPP1R3F,X,49269793,49301461
ZNF717,3,75678660,75785591
WDR53,3,196552228,196569263
CSNK2A3,11,11351942,11353250
FOXJ1,17,76136333,76141245
FA2H,16,74712955,74774837
RDH11,14,67676800,67695793
TPPP3,16,67389027,67393518
ZNF45,19,43910549,43935306
INSIG2,2,118088137,118112313
ATP5F1D,19,1241746,1244825
SOCS6,18,70288888,70330199
NXF2,X,102247167,102326722
CALR,19,12938578,12944490
SCGB1A1,11,62405103,62423195
AP1M1,19,16197854,16245906
YIF1A,11,66284572,66289184
MANSC1,12,12326056,12350483
KLHL11,17,41848518,41865423
RAB6A,11,73675638,73761465
ARV1,1,230978981,231000733
MINAR1,15,79431003,79472304
OTUD6A,X,70062457,70064179
STX12,1,27773195,27824443
ELSPBP1,19,47994632,48025154
NCAM2,21,20998409,21543329
GNAO1,16,56189660,56357444
ZNF131,5,43065176,43192021
POTEH,22,15690026,15721631
NGEF,2,232878686,233013263
PLA2R1,2,159932006,160062636
NR2C2AP,19,19201409,19203729
TNFSF18,1,173039202,173050941
BAG4,8,38176533,38213301
SPATA21,1,16387117,16437424
CFAP410,21,44328944,44339402
TGFBRAP1,2,105264359,105329735
OR5B12,11,58438994,58442236
SLC39A3,19,2732204,2740070
ZNF397,18,35240508,35267133
RP2,X,46836928,46889240
ST8SIA5,18,46667821,46759257
ATAD3A,1,1512147,1534686
NUDT15,13,48037694,48054196
BDP1,5,71455651,71567820
MRPL4,19,10251901,10260060
ATG3,3,112532510,112562046
OR9Q2,11,58189070,58194053
GAGE12C,X,49532177,49539539
KXD1,19,18557683,18569387
PTTG1IP,21,44849585,44873903
EYA4,6,133240514,133532128
EXOC8,1,231332753,231337852
KIF12,9,114086126,114099292
TSC22D4,7,100466519,100479232
TMEM216,11,61392393,61398866
TCERG1,5,146447311,146511963
PDE4B,1,65792514,66374579
EPS8L2,11,694438,727729
ECM1,1,150507989,150513789
PALMD,1,99645499,99695178
PAK4,19,39125728,39182816
CNGB3,8,86553977,86743675
RNFT2,12,116738178,116853631
ZNF347,19,53124072,53159075
NOC4L,12,132144425,132152473
TBC1D9B,5,179862058,179907911
NOP10,15,34339159,34343180
INSYN1,15,73735441,73753351
PGRMC1,X,119236244,119244468
FASN,17,82078338,82098294
ZNF511,10,133308899,133313162
RERG,12,15107783,15348675
MSTN,2,190055700,190062729
IFNL3,19,39243455,39245250
ZNF419,19,57487711,57496098
ZNF596,8,232137,264703
ANGPT2,8,6499632,6563409
LYSMD2,15,51723011,51751585
OR5B3,11,58402464,58406874
CDC42,1,22052627,22101360
TAS1R2,1,18839599,18859660
EMC7,15,34083980,34101910
RRP9,3,51933425,51941944
PARP14,3,122680839,122730840
ACP4,19,50790415,50795219
FASTKD1,2,169528508,169573912
DYNC1H1,14,101964573,102056443
ITGB3,17,47253827,47313743
OS9,12,57693841,57728342
SLC4A1,17,44248390,44268141
ZBTB6,9,122908053,122913323
SLC38A7,16,58663015,58684770
C11orf54,11,93741570,93767202
CDK14,7,90466424,91210590
DLG2,11,83455012,85628335
SH3RF2,5,145936425,146085976
NAA10,X,153929225,153935080
CEP78,9,78236042,78279690
PLA2G15,16,68245304,68261063
TGIF2-RAB5IF,20,36574553,36612384
TEX9,15,56243971,56445997
ARFGAP3,22,42796502,42858106
MYBBP1A,17,4538897,4555400
CALM1,14,90396502,90408268
GPHA2,11,64934471,64935893
KCND2,7,120273175,120750337
AGAP3,7,151085831,151144436
NPL,1,182789293,182831017
EIF3L,22,37848868,37889407
MAST1,19,12833951,12874952
STMN4,8,27235308,27258435
ZNF75A,16,3305406,3318852
HCLS1,3,121631399,121660927
RCBTB2,13,48488959,48536006
LRRC17,7,102912941,102945111
HLTF,3,149030122,149086554
HLA-DQB2,6,32756094,32763543
KCNK10,14,88180103,88326907
FOXE3,1,47416285,47418052
IFNK,9,27524290,27526498
ZFC3H1,12,71609599,71667725
PNPO,17,47941506,47949308
EYA2,20,46894587,47188844
FRMD8,11,65386592,65413525
POLR3GL,1,145964690,145978848
SREK1,5,66139971,66183615
CRIP1,14,105484603,105488947
HMGB1,13,30456704,30618872
PDZD7,10,101007679,101032295
PLA2G2F,1,20139323,20150381
TXLNG,X,16786432,16844519
NVL,1,224227334,224330189
FAM180A,7,135728348,135748813
DPP4,2,161992244,162074394
MARCHF5,10,92291167,92353964
FUT10,8,33370824,33473146
CENPP,9,92325953,92620529
NDST3,4,118033579,118258634
HCN4,15,73319859,73368958
ATP1A1,1,116372668,116410261
COA6,1,234373456,234385080
DGUOK,2,73926794,73958961
GOLGA8R,15,30400562,30414260
SLC24A4,14,92322581,92501481
PCDH17,13,57631744,57729311
AVIL,12,57797376,57818734
CHKB,22,50578959,50601455
IMPA2,18,11981025,12030877
NAGLU,17,42536241,42544449
LASP1,17,38869185,38921771
MAL2,8,119165034,119249903
BRINP1,9,119153458,119369515
C6,5,41140236,41261561
NTN4,12,95657807,95791189
ARL5A,2,151788984,151828531
INKA1,3,49803240,49805030
MEF2A,15,99565404,99716488
RTCA,1,100266160,100292769
LGALS9B,17,20449395,20467548
AGBL3,7,134986508,135147963
MAGEA9,X,149781930,149787737
SHISAL2A,1,52633168,52669683
ERCC2,19,45349773,45370918
BBS9,7,33109557,33877180
PPP2R2B,5,146580742,147084784
GALNTL6,4,171812254,173041559
ABCB6,2,219209766,219219012
CD36,7,80369532,80679277
VPS35,16,46656132,46689518
CST7,20,24949269,24959928
SRBD1,2,45388679,45612165
SF3A2,19,2236823,2248672
NMI,2,151270467,151289908
HPS3,3,149129618,149173732
FABP9,8,81458253,81461579
PARG,10,49815137,49970203
KIAA1549,7,138831381,138982084
NEK3,13,52132639,52159600
IL5RA,3,3066324,3126613
SPDYE5,7,75492320,75504316
RAB5A,3,19947097,19985178
MAP2K7,19,7903843,7914480
CLEC4F,2,70808643,70820599
KRTAP2-4,17,41065116,41065879
SLC6A16,19,49289638,49325215
MAU2,19,19320811,19358754
PPIL1,6,36854825,36875003
TCP11L2,12,106301929,106347609
DPH3P1,20,62845664,62845912
OMD,9,92412380,92424471
EXOSC2,9,130693721,130707288
ZNF624,17,16620734,16653856
GRIA3,X,123184023,123490915
ACBD6,1,180269653,180502954
EED,11,86201212,86279807
RGS7BP,5,64506015,64612319
TRIM61,4,164954446,164977668
MIR1-1HG,20,62550440,62570777
TRNT1,3,3126364,3153435
LRCOL1,12,132603150,132610582
PCGF2,17,38733894,38752555
HLA-DOB,6,32812763,32820466
HS3ST2,16,22814162,22916338
DNLZ,9,136359480,136363744
HRAS,11,532242,537343
CT55,X,135156540,135171398
ZNF532,18,58862600,58986480
SLIT3,5,168661740,169301139
KDM6A,X,44873130,45112779
H2BC4,6,26086317,26124016
PARN,16,14435699,14632728
SGCG,13,23180877,23325165
HNRNPH1,5,179614170,179634784
CCL17,16,57404767,57416063
FAM20A,17,68535113,68601384
CAPSL,5,35904288,35938779
KRT4,12,52806549,52814116
LATS2,13,20973029,21061603
NPTX1,17,80466834,80477843
PARD6A,16,67660909,67662777
NAIP,5,70968166,71025339
BTG1,12,92140278,92145846
CORIN,4,47593999,47838132
TOP1MT,8,143304384,143359979
RGS5,1,163111121,163321791
FRMPD2,10,48153088,48274696
C11orf65,11,108308519,108467531
IFNA4,9,21186618,21187587
OCLN,5,69492184,69558104
P3H2,3,189956728,190122437
CAPNS1,19,36139953,36150356
ALOX12,17,6996049,7010754
NMB,15,84655129,84658563
TET2,4,105145875,105279816
PAQR9,3,142949164,142964022
UGT3A1,5,35951006,36001028
RIMKLB,12,8681483,8783095
LAIR2,19,54497879,54510687
CPPED1,16,12659799,12803887
AOC3,17,42851184,42858130
LSP1,11,1850904,1892267
PFAS,17,8247618,8270491
GRAP,17,19020656,19047143
EML3,11,62602217,62612973
NXPE1,11,114518842,114559888
PTGIR,19,46618550,46625534
TATDN2,3,10248023,10281218
DNTT,10,96304409,96338564
SNRPE,1,203861598,203871152
CT47B1,X,120872607,120875866
ATG7,3,11272309,11557665
NAA25,12,112026689,112109434
PODNL1,19,13931183,13953392
ADAMTS17,15,99971437,100342005
AIG1,6,143060496,143341058
NIPBL,5,36876769,37066413
TRIM37,17,58982638,59106921
PCSK5,9,75890644,76362975
RUBCN,3,197668867,197749727
RP1,8,54509422,54871720
RAF1,3,12582101,12664201
RPL10L,14,46651010,46651781
RGS8,1,182641816,182684587
PTPRB,12,70515870,70637440
SLC6A8,X,153687926,153696591
BARX1,9,93951627,93955355
CYLC2,9,102995311,103018488
ZDHHC5,11,57667433,57701190
CTXN1,19,7924491,7926135
MED7,5,157137424,157159019
HOXA11,7,27181157,27185232
GFOD2,16,67674531,67719339
ADPGK,15,72751294,72785846
TERF2,16,69355464,69408571
ADRA1A,8,26748150,26867278
DYRK2,12,67647913,67665406
RFLNB,17,439978,445939
CX3CL1,16,57372477,57385044
PPP1R3B,8,9136255,9151574
TADA1,1,166856510,166876360
MINDY3,10,15778170,15860528
VWA1,1,1434861,1442882
SRPX2,X,100644195,100675788
APOL3,22,36139792,36166177
PODXL,7,131500254,131558217
HSD3B2,1,119413725,119423035
STAU2,8,73420369,73747708
SULT1C4,2,108377911,108388989
PELI2,14,56117814,56301524
MPZL3,11,118226690,118252365
HBG1,11,5248269,5249857
MRPS27,5,72214953,72321717
ATP5IF1,1,28236084,28246906
ELP1,9,108866898,108934414
FOXC2,16,86566829,86569728
CCNO,5,55231152,55233608
HIVEP3,1,41506365,42035925
TMEM115,3,50354749,50359521
BOLA3,2,74135397,74147977
CHRNA9,4,40335333,40355217
CROCC2,2,240906330,240993311
WDR37,10,1049265,1160991
ZNF8,19,58278955,58302791
ERFE,2,238158970,238168900
CEP95,17,64506767,64542461
CRYZ,1,74701488,74733104
BNC2,9,16409503,16870902
MCF2L2,3,183178041,183428778
GCN1,12,120127202,120194976
MCUB,4,109560209,109688719
RBM44,2,237798389,237842808
EPHX2,8,27490775,27548992
RELB,19,45001461,45038192
AFG3L2,18,12328932,12377473
PPP1R8,1,27830782,27851676
ALKAL2,2,278286,289623
PACSIN2,22,42835412,43015185
GADL1,3,30726197,30894761
ANXA5,4,121667396,121697061
PRSS21,16,2817180,2826304
TP53RK,20,46684365,46689444
NCKAP1,2,182909115,183038858
KANSL1L,2,210021421,210172182
YWHAQ,2,9583967,9639472
GREM1,15,32716998,32745106
LBP,20,38346482,38377511
CARMIL2,16,67644988,67657569
ZFYVE1,14,72969451,73027131
SELENOV,19,39515139,39520675
GABRG3,15,26971181,27541984
CRYBG2,1,26321698,26360080
CYP2A7,19,40875432,40882752
IPP,1,45694324,45750653
PDHB,3,58427630,58434012
GRID2IP,7,6496778,6551461
SEPHS2,16,30443631,30445874
WFDC13,20,45702038,45708817
KDM8,16,27203486,27225987
FOXP3,X,49250436,49264800
H2AZ1,4,99948069,99950367
ZNF880,19,52369917,52393738
LCE2C,1,152675279,152676569
CISH,3,50606456,50611774
JUP,17,41750887,41786931
GRHL1,2,9951693,10002277
CBLN3,14,24423886,24430972
TMEM184C,4,147617386,147672044
ABCB7,X,75051048,75156732
PKDCC,2,42048021,42058525
TBC1D21,15,73873564,73889214
AMHR2,12,53423672,53431672
SLC7A14,3,170459548,170586075
GET3,19,12737139,12748325
SLC44A5,1,75202129,75611114
SPCS1,3,52704955,52711148
EDAR,2,108894471,108989372
GCLC,6,53497341,53616970
TRPT1,11,64223799,64226823
KCNK3,2,26692722,26733420
CBX6,22,38861422,38872249
SEC11C,18,59139475,59158837
DBT,1,100182222,100249873
SLFN12L,17,35464249,35537683
DDR2,1,162630863,162787405
NAPG,18,10525905,10552766
BCL2L10,15,52109263,52112775
DDA1,19,17309518,17323298
KRTAP4-1,17,41184100,41184911
CLEC3B,3,45001548,45036071
GGACT,13,100528034,100589528
PPM1D,17,60599735,60666280
NLRC5,16,56989485,57084238
GABRA3,X,152166234,152451425
RAB18,10,27504174,27545117
DEFB135,8,11982256,11984590
C1orf94,1,34166883,34219131
GAL,11,68683020,68691205
TTC32,2,19896631,19902001
RHEX,1,206053173,206102449
POC5,5,75674124,75717448
LRRFIP2,3,37052626,37183689
SETD9,5,56909260,56925532
F5,1,169511951,169586588
CCNK,14,99481169,99535044
ABLIM3,5,149141483,149260542
QRFP,9,130892707,130896812
STX7,6,132445867,132513999
URB1,21,32311018,32393029
AMOT,X,112774503,112840831
KIR2DL4,19,54803610,54814517
KLHDC9,1,161098361,161100346
MAP3K9,14,70722526,70809545
TBX4,17,61451906,61485110
BMPER,7,33904308,34156427
SH3PXD2B,5,172325000,172454531
TRIM64C,11,49053714,49059112
KIAA1549L,11,33376108,33674102
KRT84,12,52377812,52385652
ATP2B3,X,153517637,153582939
SEMA3C,7,80742538,80922379
AGMAT,1,15571699,15585078
RGPD5,2,109792758,109857705
GDF6,8,96142333,96160806
CCNE1,19,29811471,29824313
EVA1C,21,32411710,32517158
KAT6A,8,41929479,42051998
BACH2,6,89926528,90296923
ERP27,12,14914039,14938537
GPR107,9,130053426,130140169
SORCS3,10,104641290,105265242
PIP4P1,14,20457681,20461617
GALNT11,7,152025626,152122347
GOLGA8B,15,34525095,34588503
CEP290,12,88049016,88142099
SNU13,22,41673933,41690504
P2RX3,11,57338352,57372404
PIWIL2,8,22275316,22357568
KLK5,19,50943299,50953314
SPRR3,1,153001747,153003856
NWD2,4,37244743,37449463
NCBP2L,X,107774899,107795829
PRELP,1,203475777,203491352
RAB20,13,110523066,110562127
LRRC58,3,120324509,120349409
CCDC138,2,108786745,108885477
RPS6KC1,1,213051233,213274774
COG7,16,23388493,23453207
FLT1,13,28300346,28495145
CCDC171,9,15552899,16061663
CDK17,12,96278242,96400562
HEPN1,11,124919250,124920677
SDF4,1,1216887,1238870
AOAH,7,36509308,36724549
KRTAP4-7,17,41084150,41085144
PPP1R3E,14,23295652,23302908
PPDPF,20,63520754,63527076
PQBP1,X,48890197,48903640
PLS3,X,115560928,115650861
GOLGA8T,15,30135051,30148748
RPL19,17,39200283,39204840
CHPF2,7,151232483,151240979
FBXO44,1,11650618,11663327
SEMA4A,1,156147366,156178869
COL4A1,13,110148963,110307202
HPCAL4,1,39678648,39691485
KRTAP4-5,17,41148924,41149825
MAP3K14,17,45263119,45317112
NEUROG3,10,69571485,69573511
CSMD3,8,112222928,113436939
ENPEP,4,110365733,110565285
SUSD1,9,112040777,112175486
FAM106B,17,20417450,20417956
OR5F1,11,55993681,55994625
GPR139,16,20028239,20073890
VENTX,10,133235769,133241929
EVX2,2,176077472,176083962
NKAP,X,119920672,119943751
NUP50,22,45163925,45188017
GDNF,5,37812677,37840041
COP1,1,175944828,176207510
OR4K2,14,19875142,19883932
MAGED4B,X,52061827,52069272
C13orf46,13,113953705,113974076
REEP3,10,63521397,63625128
NUDT16L1,16,4693562,4695861
HSD17B12,11,43680509,43857741
RAD1,5,34900072,34918989
KEAP1,19,10486119,10503558
KCNJ8,12,21764950,21775615
PTPRC,1,198629900,198759346
FOXA1,14,37589552,37596059
ZC3H12B,X,65034788,65507887
EFTUD2,17,44849948,44899626
DAO,12,108858932,108901051
ATP10D,4,47485275,47593486
NKD2,5,1008021,1040630
IFT57,3,108160812,108222553
OR4F15,15,101812202,101820197
CSF1R,5,150053291,150113372
ADAMDEC1,8,24384285,24406013
AKAP5,14,64465499,64474503
PRDM2,1,13700188,13825079
GBP3,1,89006666,89022894
RAD51D,17,35092221,35121522
NANOGNB,12,7765216,7774121
C19orf84,19,51388289,51390591
MAOB,X,43766400,43882559
HKDC1,10,69220292,69267552
ACOT12,5,81329862,81394191
SUPT5H,19,39436156,39476670
IL6R,1,154405193,154469450
KIF18A,11,28020618,28108183
FBXO7,22,32474676,32498831
ARL15,5,53883942,54310582
OR5B21,11,58506807,58508105
COPS4,4,83034447,83075818
PIGG,4,499210,540200
NUCB2,11,17208072,17349980
ACTR2,2,65227745,65271253
SS18,18,26016253,26091217
NONO,X,71254270,71301522
THEM6,8,142727191,142736938
CIZ1,9,128161251,128204482
PRMT1,19,49675786,49689029
CNOT9,2,218568580,218597080
ENGASE,17,79074824,79088599
NOC3L,10,94333226,94362982
PDF,16,69326913,69330588
TMEM161B,5,88185575,88269476
HYAL1,3,50299883,50312890
PIP5KL1,9,127920881,127930785
PGAP2,11,3797724,3826371
NAA80,3,50296402,50299416
KLHL31,6,53647916,53665756
ERN2,16,23690292,23713255
NSUN7,4,40749776,40811184
ACTN2,1,236664141,236764631
BIN2,12,51281038,51324668
RALB,2,120240050,120305300
FAM47A,X,34129752,34132314
CCDC83,11,85855101,85920021
ZNF576,19,43596392,43601189
SPIN2A,X,57134530,57137679
RYR3,15,33310962,33866121
IFIT1B,10,89378056,89385205
BMF,15,40087889,40108928
FLRT3,20,14322985,14337631
PCDHB10,5,141192353,141195647
MLLT11,1,151057871,151069544
DPYSL3,5,147390808,147510089
GALNT9,12,132196372,132329598
PIGB,15,55318960,55355648
RNF133,7,122697735,122699117
WBP1,2,74458400,74460891
RPA2,1,27891524,27914746
ZCCHC9,5,81301583,81313766
MSL2,3,136148917,136197241
CSPP1,8,67062381,67196778
SFRP5,10,97766751,97771999
GTF2H4,6,30907522,30914119
FBN3,19,8065402,8149693
RWDD2B,21,29004384,29019360
SYNE3,14,95407266,95516678
CMAS,12,22046174,22065674
DMTN,8,22048995,22082527
BRD8,5,138139770,138178953
PTGFRN,1,116909894,116990358
CIDEB,14,24305187,24311440
BICRAL,6,42781931,42868560
TRIM72,16,31214119,31231537
TTC23L,5,34838833,34900511
SLC2A6,9,133471088,133479148
PEX11A,15,89677764,89690783
LMX1A,1,165201867,165356715
HERPUD2,7,35632659,35697459
CRELD2,22,49917989,49927544
ZNF286A,17,15699577,15720787
BUB1,2,110636333,110678078
SLC35B4,7,134289332,134317117
MACO1,1,25430853,25500209
EMC10,19,50476400,50490871
TSBP1,6,32288526,32371907
UXS1,2,106093303,106194365
ASB3,2,53532672,53860160
FBXO47,17,38936432,38967403
RASSF6,4,73571550,73620631
ZNF729,19,22286441,22317176
DLAT,11,112025033,112064404
ANKRD9,14,102501767,102509824
CYP46A1,14,99684250,99727318
CDK6,7,92604921,92836591
FAM187A,17,44903433,44905390
CNTNAP1,17,42682531,42699993
SMIM26,20,18567347,18569563
USP28,11,113797870,113875590
CD28,2,203706517,203739756
CLDN6,16,3014705,3020071
HNRNPA3,2,177212587,177226106
VPS13D,1,12230030,12512047
SLC25A14,X,130339888,130373361
AGER,6,32180963,32184344
DCBLD2,3,98795941,98901729
MNDA,1,158831332,158849506
OR5V1,6,29353749,29431967
LST1,6,31586124,31588910
KRTAP20-2,21,30635206,30635619
PCDHGA10,5,141412987,141512975
C6orf58,6,127519455,127591820
EHD2,19,47713416,47743134
DHRS7B,17,21123364,21193265
SHFL,19,10086122,10093252
ST20-MTHFS,15,79845150,79923754
CRB1,1,197268204,197478455
KRTAP4-2,17,41177446,41178221
SPIN4,X,63347228,63351332
CDK10,16,89680737,89696369
NDUFV2,18,9102433,9134346
MYCN,2,15938396,15947022
POGLUT2,13,102784281,102799040
OTOF,2,26457203,26558756
LKAAEAR1,20,64083376,64084967
NLGN4X,X,5840637,6228867
HSPB3,5,54455699,54456377
PITPNM1,11,67491760,67506263
LRFN1,19,39306566,39320966
KCNK6,19,38319845,38332076
FKBPL,6,32128697,32131070
TMPPE,3,33090421,33097146
PRICKLE1,12,42456753,42590355
MAS1,6,159890988,159917447
TRUB2,9,128305159,128322741
CRYGC,2,208128137,208129828
OMP,11,77102840,77103331
ADCY2,5,7395681,7830081
ZC3HAV1L,7,139025706,139036042
VIP,6,152749922,152759765
TRPM8,2,233917373,234019522
DAPK3,19,3958453,3971123
MAMDC2,9,70043820,70226987
LRRC45,17,82023294,82031153
LPA,6,160531482,160664275
LMAN2L,2,96704993,96740084
SEC61G,7,54752180,54759974
OR4D5,11,123939617,123940573
RBM25,14,73058532,73123899
FGR,1,27612064,27635565
ATXN1,6,16299112,16761491
BTN3A3,6,26440452,26453422
WFDC1,16,84294615,84329853
SMIM17,19,56643159,56657247
WDR27,6,169457211,169702729
LHX6,9,122202577,122229626
CDS2,20,5126879,5197887
SIAH2,3,150741125,150763477
HIPK1,1,113929324,113977869
NAALAD2,11,90131515,90192894
TPRN,9,137191617,137204193
KLF11,2,10042849,10054836
MATK,19,3777969,3802129
CTBS,1,84549611,84574480
CBY1,22,38656375,38673868
CCDC179,11,22846922,22860474
MAT2A,2,85539165,85545281
OR5AL1,11,56412696,56413680
HSD17B14,19,48813014,48837064
MAPK8IP3,16,1706166,1770351
TEAD3,6,35473597,35497079
PPM1M,3,52245741,52250616
PERCC1,16,1431078,1434441
ZSCAN25,7,99616623,99632408
CDH20,18,61333430,61555779
FAU,11,65120626,65122221
SDHB,1,17018664,17054151
CYBRD1,2,171522247,171558129
CXorf38,X,40626921,40647569
MORN1,1,2319208,2391707
C1GALT1C1,X,120625674,120630054
CCDC62,12,122774526,122827528
NFE2L3,7,26152190,26187137
MLH3,14,75013769,75051532
HRH2,5,175657797,175710756
ASDURF,2,189661452,189666437
ST3GAL5,2,85837120,85905199
GALNT3,2,165747588,165846201
SST,3,187668912,187670394
S100A13,1,153618612,153634442
SUOX,12,55996855,56006641
DCHS2,4,154231742,154491799
TIGAR,12,4307763,4360028
CSAG3,X,152753921,152760222
PAK2,3,196739743,196832647
FOXD2,1,47438044,47440691
PRPF4,9,113275642,113294009
NENF,1,212432853,212446379
PREP,6,105273218,105454062
OR3A2,17,3276177,3386328
PKD1,16,2088708,2135898
AGT,1,230690776,230745576
ACSL3,2,222860942,222944639
EPHA3,3,89107522,89482437
APOA1,11,116835750,116838203
FTSJ3,17,63819433,63830012
SGSM2,17,2337492,2381058
TMSB4Y,Y,13703899,13706024
PLXND1,3,129555213,129606681
QSOX1,1,180154869,180204030
STAB1,3,52495337,52524512
ALDH3B1,11,68008563,68029282
NEFH,22,29480218,29491390
ZSWIM4,19,13795398,13832254
SNX10,7,26291862,26374383
FGF5,4,80266639,80336680
EPHA7,6,93240020,93419687
LRRC14,8,144517965,144525178
PPP1R18,6,30676389,30687895
SLC6A7,5,150190062,150222788
HTRA1,10,122458551,122514907
UBXN2B,8,58411349,58452164
HRNR,1,152212076,152224193
FOXC1,6,1609915,1613897
PEAK3,19,2274631,2282175
OLFM4,13,53028813,53052057
NSRP1,17,30115521,30186475
SPANXN2,X,143711955,143720752
SMARCA5,4,143513445,143557486
OFD1,X,13734675,13777955
PREX2,8,67951955,68237032
CPHXL,16,75714131,75726490
COL14A1,8,120059780,120373573
NIPAL4,5,157460213,157474722
PATJ,1,61742477,62178675
NANOG,12,7787794,7799146
OR5P3,11,7824818,7830840
POLR2A,17,7484366,7514616
SLC12A3,16,56865207,56915850
LY96,8,73991392,74029079
SLC25A16,10,68473079,68527523
ZGLP1,19,10304803,10309880
MTFR1L,1,25818640,25832947
PUM1,1,30931505,31065991
CTSF,11,66563463,66568879
RFX1,19,13961529,14007084
POMZP3,7,76601809,76627288
SETBP1,18,44680173,45068510
ZNF30,19,34926887,34945172
RGS13,1,192636061,192660311
ZMYM5,13,19823482,19864915
OR9G1,11,56699095,56703884
CBLB,3,105655461,105869552
NCAPD2,12,6493356,6531970
MEAF6,1,37489993,37514806
ZFYVE21,14,103715730,103733669
OTP,5,77628712,77638713
FIBP,11,65883740,65888531
STAP1,4,67558482,67607343
ZFYVE27,10,97737117,97760907
SPRED2,2,65310851,65432637
SALL1,16,51135982,51152683
OR10A6,11,7924592,7931268
KRTAP9-6,17,41265378,41265860
CTSO,4,155921580,155953912
PKD1L1,7,47740202,47948466
PCSK2,20,17226107,17484578
KLHDC7A,1,18480930,18485974
LYPLA2,1,23791110,23795544
C2CD3,11,74012718,74171210
NDUFA11,19,5891207,5904006
TIMELESS,12,56416363,56449445
ZFHX2,14,23520857,23556192
TNR,1,175315194,175743595
CTAGE6,7,143755089,143757696
DRD2,11,113409605,113476402
LRP10,14,22871709,22881713
CLPTM1,19,44954585,44993341
LILRB2,19,54273812,54281184
NDUFB8,10,100523668,100530000
ELOVL7,5,60751791,60844274
CNTNAP3B,9,41890314,42129552
HACD2,3,123490820,123585081
PFKFB4,3,48517684,48562015
CALM3,19,46601074,46610787
PRND,20,4721909,4728460
NME8,7,37848597,37900397
BPGM,7,134646811,134679816
ERLIN1,10,100150094,100186033
USP13,3,179653004,179804366
VMAC,19,5904872,5910853
NPIPA5,16,15363628,15381047
GNAT1,3,50191610,50197696
MAPKAP1,9,125437393,125707266
HGH1,8,144137774,144140851
APLF,2,68467572,68655862
FOXD4L1,2,113498665,113501150
ZP4,1,237877864,237890922
USP17L11,4,9215405,9216997
THNSL1,10,25016612,25026664
PSME4,2,53864069,53971040
SLC16A12,10,89430174,89556701
KRTAP26-1,21,30319124,30320315
CAMK2N2,3,184259213,184261553
SLC30A5,5,69093991,69131069
CCDC110,4,185445182,185471752
NOTCH3,19,15159038,15200996
JPH4,14,23568038,23578790
VPS26A,10,69123512,69174412
TMEM92,17,50271406,50281485
PCOLCE2,3,142815922,142889206
OR10Z1,1,158605268,158612514
RPL23A,17,28719983,28724359
OLFML2A,9,124777122,124814885
SMARCC1,3,47585269,47782106
TMF1,3,69019827,69052339
ZNF169,9,94259298,94303967
SLC5A4,22,32218464,32255347
ITSN1,21,33642400,33899861
CST9,20,23602410,23605917
OR4F3,5,181367268,181368262
FAM25A,10,87020294,87024730
GTPBP8,3,112990978,113015060
PGM5,9,68328308,68535009
ZNF750,17,82829434,82840022
TNIP1,5,151029939,151093577
HOXD1,2,176188667,176190907
GNRH1,8,25419258,25424654
CLDN22,4,183318100,183320276
FXYD4,10,43371635,43376335
C2CD4C,19,405443,409147
SLC22A15,1,115976477,116070054
NDUFB5,3,179604690,179627647
PRMT6,1,107056674,107067636
TEK,9,27109030,27232092
SLC38A1,12,46183054,46270070
VPS33A,12,122229564,122266502
DGKE,17,56834103,56869567
DEFB125,20,87250,97094
PDX1,13,27920000,27926313
TOPAZ1,3,44241886,44332098
PKIA,8,78516303,78605267
ANAPC13,3,134477704,134486716
FBN1,15,48408313,48645721
BMPR1A,10,86755763,86932825
ZNF724,19,23221599,23250394
METTL22,16,8621682,8649654
SMN1,5,70925030,70953942
VWA2,10,114239254,114294489
CAMK1,3,9757346,9770606
SLC22A31,16,89195761,89201651
RIOK2,5,97160867,97183289
ZFP64,20,52051663,52204308
BAP1,3,52401008,52410008
SULT2A1,19,47870467,47886347
RNF43,17,58353676,58417735
NLRP2,19,54953130,55001142
ZCCHC4,4,25312774,25372306
GPR15,3,98531978,98534681
TSPAN3,15,77041404,77083984
PHF23,17,7235029,7239722
RBBP8NL,20,62410237,62427539
CORT,1,10450031,10451998
OR4N4,15,22094522,22095862
RPL10A,6,35468366,35470785
HPS4,22,26443107,26483931
PLEKHF2,8,95115642,95156698
LIPG,18,49560699,49599185
NGDN,14,23469679,23509862
ABRAXAS2,10,124801805,124836670
IQANK1,8,143734139,143790645
DMRTA2,1,50417550,50423468
ATP8B4,15,49858238,50182817
MCIDAS,5,55219564,55227315
DISP1,1,222814730,223006258
FZD5,2,207762598,207769914
C15orf61,15,67521131,67530146
IP6K3,6,33721315,33750520
ADCYAP1R1,7,31052308,31111475
BCL2,18,63123346,63320128
PLCZ1,12,18683169,18738100
MRTFA,22,40410281,40636719
C7orf33,7,148590766,148615860
TJP1,15,29699367,29968915
ENDOD1,11,95089817,95132645
KRTAP19-3,21,30491462,30492013
ORC2,2,200908973,200963702
CHST12,7,2403442,2448484
TNNI3K,1,74235285,74544432
CHSY3,5,129904465,130186634
TIMP4,3,12153068,12158912
RANBP3L,5,36246913,36302114
ZNF512,2,27582969,27623217
GIPC2,1,77979542,78138448
MDC1,6,30699807,30717562
CCNB2,15,59105078,59125045
TRIM26,6,30184446,30213435
NUDT3,6,34279679,34392677
AHSA1,14,77457743,77469482
DENND2C,1,114582848,114670451
NBDY,X,56729219,56819179
MRPL54,19,3762672,3768575
CENPV,17,16342534,16353656
IKBKB,8,42271302,42332460
LPCAT1,5,1456480,1524282
ZFR2,19,3804024,3869038
BAG6,6,31638544,31652747
TLX3,5,171309248,171312139
C1orf210,1,43281866,43285908
PES1,22,30576625,30607083
SPANXN1,X,145247503,145256208
NRBP1,2,27427790,27442260
SLX1A,16,30193875,30197566
SIRPG,20,1629152,1657779
GLT8D1,3,52694153,52706368
MRGBP,20,62796473,62801729
DCLK3,3,36712421,36764553
KIF21B,1,200969390,201023714
OR7D4,19,9210276,9219589
EDDM3B,14,20768404,20770948
WDR31,9,113313222,113340337
TLR4,9,117704175,117724735
TM2D1,1,61673636,61725423
OR4K15,14,19975591,19976565
TXLNB,6,139239083,139291998
RNMT,18,13726660,13764556
IZUMO3,9,24542952,24545946
RAI14,5,34656328,34832612
NKX3-1,8,23678697,23682938
RTP5,2,241869600,241873823
SPACA1,6,88047841,88066838
BCORL1,X,129981107,130058071
PGLYRP4,1,153330120,153348841
ERG28,14,75649791,75661570
DQX1,2,74518131,74526396
RNF41,12,56202179,56224275
TEC,4,48135783,48269858
TRPV3,17,3510502,3557812
ENPP4,6,46129964,46146699
FBXW5,9,136940435,136944762
CITED2,6,139371807,139375909
C19orf33,19,38304164,38305006
SLC10A7,4,146253975,146522372
RNF103-CHMP3,2,86505668,86721122
PDHA2,4,95840093,95841464
CCDC39,3,180602858,180684942
OR2A4,6,131699644,131701401
IL3,5,132060655,132063204
AACS,12,125065364,125143333
PRPF40A,2,152651593,152718048
IL26,12,68201349,68225810
PFN2,3,149964904,150050788
CDS1,4,84582879,84651334
RSPO4,20,958452,1002372
IBA57,1,228165777,228182257
CCRL2,3,46407144,46412997
SMARCC2,12,56162359,56189567
C5orf46,5,147879632,147906538
NIPSNAP3B,9,104763850,104777764
ABHD14A,3,51971426,51981197
DENND1A,9,123379648,123930152
DGKG,3,186105668,186362261
TMEM177,2,119679137,119686507
RB1,13,48303735,48599436
PTP4A2,1,31906421,31944856
KIAA0825,5,94150851,94618604
TTC19,17,15999783,16045015
TPGS2,18,36777647,36829216
PDE6H,12,14973042,14981865
KIAA1191,5,176339650,176366459
CLCN6,1,11806096,11848079
STXBP2,19,7636772,7647873
PTGER2,14,52314305,52329822
LANCL2,7,55365337,55433741
C1orf105,1,172420685,172468831
CLDN25,11,113779796,113780485
CLEC2L,7,139523685,139544985
ANAPC16,10,72215863,72235860
HNRNPCL3,1,13060769,13062878
NR3C2,4,148078762,148445549
COL10A1,6,116118909,116158747
GCNT3,15,59594875,59640239
BRD2,6,32968594,32981505
CEP126,11,101915010,102001062
B4GALNT4,11,369457,382117
RNF170,8,42849637,42897290
EPB41L3,18,5392379,5630700
NRSN1,6,24126154,24154900
OR6C74,12,55244609,55256625
APBB1,11,6395111,6419453
WDR36,5,111092303,111130502
KRT14,17,41582279,41586895
FTMT,5,121851882,121852833
RHBDF1,16,58058,78176
OR10S1,11,123976661,123977781
STRA8,7,135231979,135258663
PLA2G4E,15,41981394,42051190
ASIC5,4,155829729,155866277
SMIM9,X,154823348,154834662
ZSCAN2,15,84600986,84627796
PRR36,19,7868719,7874390
UBE2J2,1,1253907,1274477
CCDC170,6,151494013,151621193
AASS,7,122064583,122144489
ORAI2,7,102433106,102456825
MDGA1,6,37630679,37699306
TAF15,17,35809481,35864615
DGCR8,22,20080035,20111877
C1D,2,68041130,68110948
ARHGAP8,22,44752547,44862788
MYSM1,1,58643440,58700090
CFC1,2,130592165,130599575
CFAP69,7,90245161,90311063
PPP5C,19,46347003,46392981
DCBLD1,6,117453817,117569858
PLSCR1,3,146511858,146544862
SEMA4B,15,90160604,90229679
TACR1,2,75046463,75199520
TTLL6,17,48762234,48817229
SOX8,16,981444,986979
SCAMP3,1,155255979,155262433
TTLL11,9,121815674,122093606
NAB2,12,57089014,57095476
C2orf72,2,231037342,231049719
NCOA2,8,70109772,70404191
ANAPC15,11,72106378,72113688
ZDHHC15,X,75368427,75523502
SYNE2,14,63761899,64226433
NCOA7,6,125780943,125932034
PLCB2,15,40278176,40307941
NUS1,6,117675469,117710727
GTF3C6,6,110958477,110968586
C16orf78,16,49373804,49399431
TIMM17B,X,48893447,48898143
BPNT1,1,220057079,220119267
COX10,17,14069490,14231736
RPL38,17,74202841,74210655
RPS6KA2,6,166409364,166906451
HSPB6,19,35754566,35758079
FDX2,19,10309916,10316015
FKBP5,6,35572945,35728622
FOXG1,14,28764329,28770277
SLC16A10,6,111087503,111231194
TMUB2,17,44186966,44191931
SORD,15,45023147,45077185
CDC37,19,10391090,10420185
NLE1,17,35128730,35142306
TLE7,16,71429980,71442054
CCM2,7,44999475,45076469
CD200R1,3,112921205,112975103
OSTC,4,108650585,108667820
EPB41L2,6,130839343,131063361
UBL5,19,9827892,9830137
CST8,20,23491101,23496010
CLPX,15,65148219,65185393
XRN1,3,142306607,142448087
CST4,20,23685640,23689038
CARS1,11,3000922,3057613
MYO15B,17,75587800,75626849
KCNH4,17,42156891,42181142
PTPRCAP,11,67435510,67437682
ANXA8,10,47460162,47484175
CCDC125,5,69280175,69332809
ATF4,22,39519695,39522690
CUTA,6,33416442,33418381
CDH10,5,24487099,24644978
OR4K5,14,19920607,19921578
COMMD7,20,32702648,32743928
CFAP20,16,58113588,58129429
TRAP1,16,3651639,3717591
SMKR1,7,129502531,129512918
IFNE,9,21480839,21482313
THOP1,19,2785494,2815807
PRG2,11,57386780,57391143
CDC45,22,19479457,19520612
KDM2A,11,67119263,67258082
ZNF181,19,34734155,34745386
ENTPD8,9,137434362,137441881
ST6GALNAC6,9,127885321,127906616
CHMP1B,18,11851413,11854444
NXPE4,11,114570591,114598282
GRN,17,44345108,44353106
CKAP2L,2,112736349,112764664
TRIM52,5,181254077,181262068
SOSTDC1,7,16461481,16530580
LIMS4,2,110445883,110473075
SHC3,9,89005771,89178818
KRI1,19,10553085,10566031
CPS1,2,210477682,210679107
FCGBP,19,39863323,39934626
IL23R,1,67138907,67259979
RAPGEFL1,17,40177010,40195656
CRABP1,15,78340260,78348250
RESF1,12,31959370,31993114
TRIM34,11,5619764,5644398
RIPK1,6,3063824,3115187
CCDC47,17,63745255,63776351
BICDL1,12,119988925,120094496
CCK,3,42257823,42266185
CUX2,12,111033853,111350554
CMSS1,3,99817837,100181732
PIH1D1,19,49446291,49453537
RADIL,7,4797055,4883716
KLHL5,4,39044721,39126857
HSD11B2,16,67430652,67437553
DPYS,8,104329333,104467111
BICD1,12,32106817,32383633
CCDC61,19,45995444,46021318
ENPP7,17,79728809,79742930
ZW10,11,113733183,113773746
PDK1,2,172555373,172608669
OR2T6,1,248375746,248391811
C16orf90,16,3493484,3495489
ARAP3,5,141653240,141682255
HSPA2,14,64535905,64546173
HBS1L,6,134960378,135103056
MAP1LC3C,1,241995188,242001584
MRPS11,15,88467421,88480776
GAS2L3,12,100573681,100628288
SMARCA2,9,1980290,2193624
FBXO22,15,75903876,75942511
DNAJC17,15,40765161,40807498
ETNPPL,4,108741969,108763228
ANKRD36,2,97113153,97264521
CD79A,19,41877279,41881372
MYMX,6,44216926,44218236
HPD,12,121839277,121863596
CLEC14A,14,38254000,38256093
XRN2,20,21303304,21389826
MAN2B1,19,12643831,12666762
ENOX2,X,130622325,130903272
PDCD4,10,110871795,110900006
ASPHD1,16,29900375,29919864
CEP89,19,32875925,32971992
SIPA1,11,65638091,65650930
LY9,1,160796074,160828483
SNRPD3,22,24555957,24584044
ZHX3,20,41178448,41317731
MGST2,4,139665768,139741884
DENND2D,1,111185969,111204535
IL17RC,3,9917040,9933630
TENT5C,1,117606048,117628389
USH1C,11,17493895,17544416
HSBP1,16,83719311,83819737
GPS2,17,7311324,7315564
COL7A1,3,48564073,48595329
VPS28,8,144423601,144429499
ZBTB41,1,197153682,197201449
TAC4,17,49838300,49848069
CLDN12,7,90383721,90513402
ECHDC3,10,11742366,11764139
STXBP6,14,24809454,25050333
AGPAT4,6,161129967,161274095
CRYGN,7,151428832,151440813
RPS7,2,3575198,3580952
MUC6,11,1012823,1036718
KRT24,17,40697991,40703752
HOXC12,12,53954903,53958956
SUMO3,21,44805617,44818779
HEXB,5,74640023,74722647
STK24,13,98445185,98577940
RAB27B,18,54717857,54895516
ALX1,12,85280220,85301784
ANAPC4,4,25377210,25420310
ATP6V1B2,8,20197381,20230399
GMPR,6,16238555,16295923
RGL1,1,183636085,183928532
CDK5R2,2,218959666,218962155
TRIM25,17,56836387,56914080
MTRF1L,6,152987362,153002709
OR8H2,11,56103687,56107658
UBALD1,16,4608883,4615027
TRIM77,11,89710299,89717872
LYZL4,3,42397083,42410610
PLCB3,11,64251514,64269395
SAYSD1,6,39104063,39115193
FAF1,1,50437028,50960279
LRRC72,7,16526825,16581568
TMEM19,12,71686082,71705047
PBXIP1,1,154944059,154956451
MYH7,14,23412733,23436137
SERP2,13,44373476,44397714
CREBL2,12,12611827,12645108
C12orf43,12,121000486,121016504
DPP9,19,4674341,4724673
LSM8,7,118183976,118204035
CACNA1H,16,1153103,1224169
SGPP1,14,63684216,63728065
CSNK1G3,5,123512067,123617049
SIX6,14,60509146,60512850
GRAMD2A,15,72159806,72197830
H2BC13,6,27807479,27807929
PPM1A,14,60245752,60299089
MARCHF8,10,45454585,45594931
TMEM87A,15,42210447,42274128
PDIA6,2,10783378,10837977
TLR9,3,52221080,52225645
VSIG4,X,66021738,66040125
SYT1,12,78863650,79452009
ARPC5,1,183620846,183635783
GK5,3,142157527,142225592
LAX1,1,203765177,203778175
SLC5A11,16,24845841,24911628
CTNNA1,5,138610967,138935039
ZNF510,9,96754553,96778129
ERVH48-1,21,42916803,42925630
ACTN1,14,68874121,68980277
CRIP3,6,43299710,43308874
TRIM50,7,73312536,73328082
ZBTB16,11,114058335,114256765
ORC3,6,87590067,87677823
HHAT,1,210328252,210676298
FAM169A,5,74777574,74867022
PAFAH1B3,19,42297023,42303546
SLC66A1,1,19312284,19329300
S100A16,1,153606882,153614012
ALG10,12,34022468,34029694
IFI16,1,158999953,159055156
FMC1-LUC7L2,7,139341360,139422599
PFDN4,20,54207817,54228052
EPHX1,1,225810095,225845567
MCM5,22,35400123,35425431
PWWP3A,19,1354293,1378434
MTSS1,8,124550776,124728775
IPO13,1,43946830,43968024
EI24,11,125568248,125584690
EID2B,19,39530987,39532852
FBXL15,10,102418520,102423142
OR51I1,11,5440570,5441514
RPF2,6,110982015,111028263
TGFB1,19,41301587,41353961
ARL11,13,49628464,49634842
PROS1,3,93873046,93980003
PPWD1,5,65563236,65587549
CUL3,2,224470150,224585397
FLII,17,18244782,18258772
ADGRB2,1,31727117,31764893
PLCD1,3,38007496,38029675
NFE2,12,54292107,54301259
NUDT5,10,12165328,12196127
MREG,2,215942584,216034096
LHFPL6,13,39209116,39603735
SGPL1,10,70815905,70958701
HS3ST3B1,17,14301081,14349404
SNRK,3,43286510,43424764
CPEB4,5,173888349,173961980
GLI3,7,41960949,42264265
ATXN3,14,92044496,92106622
ERLIN2,8,37736601,37758422
SNX9,6,157700387,157945077
COL19A1,6,69866556,70212468
FCSK,16,70454398,70480274
ADD2,2,70607618,70768499
MTREX,5,55307736,55426065
BAMBI,10,28677510,28682932
TXNL4B,16,72084854,72094431
UBE2B,5,134371184,134393959
TAT,16,71565660,71577095
KIR3DL1,19,54816468,54830778
VCL,10,73995193,74121363
KIAA0753,17,6578147,6640711
EFCAB11,14,89794669,89954777
SMU1,9,33041765,33076694
MTA2,11,62593214,62601865
UGT1A1,2,233760270,233773300
DCLRE1C,10,14897359,14954432
GPRC5B,16,19856691,19886173
NASP,1,45583581,45618905
CCT4,2,61868085,61888696
USP14,18,158351,214629
DNAJC27,2,24943636,24972094
YPEL3,16,30092314,30096915
LAMTOR4,7,100148912,100155944
ANKRD30BL,2,132147591,132257969
NLRP3,1,247332331,247449668
PNPLA3,22,43923781,43964488
AGO2,8,140520156,140635633
MYF6,12,80707633,80709557
CCDC177,14,69569799,69574871
OR51A7,11,4903783,4909462
ITIH5,10,7559270,7667021
SLC1A5,19,46774883,46788617
KMT5B,11,68154863,68213852
NIBAN1,1,184790724,184974611
PPIL6,6,109390215,109441171
JAK1,1,64833223,65067754
OR52E4,11,5880629,5887079
FUCA1,1,23845077,23868356
ZSCAN22,19,58326994,58342343
NEDD4,15,55826917,55993660
ATAT1,6,30626842,30646835
ZNF638,2,71276537,71437183
GZMM,19,544034,549924
CSNK2B,6,31665227,31670343
KLHL4,X,87517409,87670050
AKR1D1,7,138002324,138118306
DSC1,18,31129236,31162856
HACD1,10,17588316,17617430
SLC30A8,8,116950273,117176714
H1-5,6,27866792,27867588
IQCD,12,113194156,113221098
OR8G5,11,124256376,124266224
ZNF213,16,3129777,3142804
C18orf21,18,35972625,35979286
TUBB8,10,46888,74163
BAK1,6,33572547,33580305
FGFRL1,4,1008649,1026901
GAB1,4,143336402,143474565
CASP5,11,104992636,105023168
PDGFRB,5,150113839,150158260
AGAP2,12,57723761,57742157
ITLN1,1,160876539,160893012
BAG5,14,103556545,103562657
FANCB,X,14690388,14873255
INTS1,7,1470276,1504418
CNBD1,8,86866415,87615219
MYB,6,135181308,135219173
HOXA13,7,27193503,27200091
POLR3E,16,22297375,22335101
LAPTM5,1,30732465,30757855
ACSS3,12,80936414,81261210
SEC16B,1,177923956,177984303
KRTAP10-1,21,44538981,44540195
TCEAL2,X,102125130,102140426
ZNF773,19,57499915,57518404
SPRR2A,1,153056120,153057512
TRAM1,8,70573218,70608449
MROH7,1,54641754,54710266
UBE2R2,9,33817160,33920399
KLRG2,7,139450625,139483674
TRDN,6,123215088,123637260
ACP6,1,147629652,147670531
SIGLEC8,19,51450847,51458469
COMMD1,2,61888724,62147629
GLRX,5,95751319,95822734
PSMB10,16,67934506,67936864
MAP3K3,17,63622381,63696305
TSPY1,Y,9466955,9469749
URB2,1,229625855,229660887
SQOR,15,45631148,45691299
PAK1,11,77321548,77474635
ARMCX6,X,101615118,101618003
HMCES,3,129278441,129306189
CA9,9,35673928,35681159
WEE2,7,141702227,141731271
ADGRE1,19,6887566,6940459
OR4P4,11,55635113,55640309
AMPD1,1,114673090,114695618
IDE,10,92451684,92574096
H2AZ2,7,44826791,44848146
XAGE3,X,52862525,52868083
GPBP1L1,1,45627284,45688408
BSN,3,49554477,49671549
LOXHD1,18,46476972,46657220
ASAH2B,10,50739318,50816495
NKAIN3,8,62248591,63014000
TMEM208,16,67227103,67229278
OR2L13,1,248095184,248101163
CTNNB1,3,41194741,41260096
SMNDC1,10,110290730,110304963
SPEN,1,15836095,15940456
PDE6A,5,149857953,149945287
DPYD,1,97077743,97995000
NOS3,7,150991017,151015653
TOB1,17,50862223,50867978
TAF3,10,7818497,8016631
SERTAD3,19,40440642,40445114
TP53I13,17,29566052,29573164
SLC7A11,4,138164097,138242349
PAQR6,1,156243320,156248117
TARS1,5,33440696,33469531
GNRH2,20,3042821,3045747
RIBC2,22,45413693,45432509
VEGFB,11,64234521,64239264
RWDD3,1,95234189,95247685
DDX23,12,48829756,48852842
SPDYE2,7,102551226,102563538
GPI,19,34359480,34402413
ALAS1,3,52198086,52214585
PCED1B,12,47077945,47236664
PLEKHG2,19,39412669,39428415
MAP3K8,10,30433473,30461833
NET1,10,5412557,5459056
TREX1,3,48465811,48467645
WDR11,10,120851305,120909524
STAM,10,17644124,17716824
DHRS3,1,12567909,12620133
ZDHHC1,16,67394152,67416833
FLT3,13,28003274,28100592
ZNF121,19,9560329,9584504
PBK,8,27809621,27838082
FETUB,3,186634558,186653778
PPP2CA,5,134193978,134226083
MRPS31,13,40729128,40771351
MARCHF6,5,10353695,10440388
SHISAL2B,5,64690442,64718190
ZAR1L,13,32303699,32315363
SLC7A9,19,32830508,32869805
FAM171A1,10,15211643,15371289
SLC15A4,12,128793193,128824035
ADGRG2,X,18989307,19122956
DEK,6,18223860,18265997
BIN1,2,127048017,127107556
GHDC,17,42188799,42194513
ATG9B,7,151012209,151024499
TOMM20L,14,58395928,58408702
HNRNPA0,5,137745651,137754363
SUPT16H,14,21351472,21384042
TMOD3,15,51829628,51947295
NEIL2,8,11769639,11787345
GORAB,1,170531819,170553834
FAM181A,14,93918894,93929608
GOPC,6,117560269,117602542
TIE1,1,43300971,43323108
GOLGA5,14,92794230,92839963
KLHL15,X,23983716,24027186
COMMD3-BMI1,10,22316388,22329542
STOML2,9,35099606,35103195
CLTA,9,36190856,36304781
STRA6,15,74179466,74212267
HSD3B7,16,30985143,30989154
RNLS,10,88273864,88584530
TBC1D3E,17,38127951,38138868
PDCD11,10,103396626,103446297
BIRC3,11,102317484,102339403
SLC35G2,3,136818463,136857531
PRKX,X,3604340,3713649
SPATA6L,9,4553386,4666674
OR52I1,11,4594039,4595013
AURKB,17,8204335,8210634
RELA,11,65653599,65663090
PDE6G,17,81650459,81663112
ST7,7,116952980,117230812
TMTC2,12,82686880,83134870
PRKAR1B,7,549196,728268
KIAA0513,16,85027709,85094230
RAB14,9,121178133,121223014
RHOA,3,49359136,49412998
BTD,3,15601341,15722311
POMT2,14,77274956,77320883
JPH1,8,74234700,74321592
TSPY2,Y,6246223,6249019
ADAMTS4,1,161184302,161200509
SLC25A34,1,15736176,15741392
HSCB,22,28742039,28757522
TOX2,20,43914844,44069616
ZNF582,19,56375846,56393538
TLR1,4,38787555,38856817
TADA3,3,9779964,9793011
ACVR2A,2,147844378,147930826
GRIN3B,19,1000419,1009732
SPATA31D1,9,81988772,81995253
F13B,1,197038737,197067260
NLRX1,11,119166481,119184017
S1PR4,19,3172346,3180332
OR51D1,11,4637477,4643060
GMDS,6,1623793,2245702
TMC5,16,19410428,19499113
ABCA4,1,93992834,94121148
TMEFF1,9,100473121,100577636
COASY,17,42561467,42566277
FAM229B,6,112087122,112104223
STAB2,12,103587273,103766719
MPHOSPH10,2,71130310,71150101
TFPT,19,54107020,54115657
OR5B17,11,58358124,58359069
RAN,12,130872037,130877678
UBE4A,11,118359587,118399211
NPFF,12,53506684,53507491
BBS1,11,66510606,66533630
PRR33,11,1888078,1891895
ARRB2,17,4710393,4721500
CEP192,18,12991315,13125053
DMRTB1,1,53459399,53467488
KIF3C,2,25926589,25982761
HK1,10,69269984,69403496
WNT5A,3,55465715,55490539
CALHM6,6,116461370,116463968
SS18L2,3,42581840,42596934
OR1M1,19,9087061,9095669
SLC16A14,2,230034974,230068999
SMARCA1,X,129446501,129523947
PPM1N,19,45488777,45503129
AOC2,17,42844580,42850707
SMIM10L1,12,11171194,11176016
GPD1L,3,32105689,32168715
PTDSS2,11,448268,491399
SLC6A2,16,55655988,55707645
SKA2,17,59109857,59155260
GSTP1,11,67583658,67586659
SLC25A22,11,790474,798316
TBX15,1,118883046,118989556
RPRD2,1,150363091,150476566
AP5Z1,7,4775615,4794397
EFCAB6,22,43528744,43812337
EXPH5,11,108505435,108593768
GLRA3,4,174636920,174829247
SPO11,20,57329803,57343994
NSL1,1,212726153,212791783
KRT12,17,40861303,40867223
NUDT9,4,87422573,87459455
FNDC4,2,27491883,27495631
PLSCR4,3,146192335,146251179
VPREB1,22,22244780,22245515
GLCCI1,7,7968796,8094272
FBXO48,2,68459422,68467317
AUTS2,7,69598296,70793506
FUT1,19,48748011,48755390
ADAMTS5,21,26917922,26967088
CCT5,5,10249929,10266389
TOR1AIP2,1,179839967,179883034
SDC4,20,45325288,45348425
WTIP,19,34481682,34512304
FCN3,1,27369108,27374854
CACNG2,22,36560857,36703752
C6orf118,6,165279664,165309605
PSMB2,1,35599541,35641526
SRR,17,2303383,2325260
AGTR1,3,148697784,148743045
USP17L10,4,9210657,9212249
BPIFA1,20,33235995,33243311
NF1,17,31094927,31382116
RPL35A,3,197950000,197956610
HYLS1,11,125883614,125900846
LACTB,15,63121833,63142061
KPNA5,6,116681187,116741867
PPP1R9B,17,50133737,50150703
MOCOS,18,36186894,36272157
NT5C,17,75130225,75131776
TAS2R39,7,143183419,143184435
DIPK1B,9,136712468,136724742
UTP15,5,73565443,73583380
WBP4,13,41061509,41084006
SERPINB10,18,63907958,63936111
POTEG,14,19402486,19434341
PAPOLG,2,60756232,60802086
IL15,4,141636237,141735276
CD177,19,43353686,43364395
GSTT2,22,23980058,23983915
CHFR,12,132822187,132956304
COL5A3,19,9959561,10010504
PABPC1L,20,44910060,44959035
DDRGK1,20,3188734,3204700
NKAIN1,1,31179344,31239966
PHOSPHO2,2,169694440,169704808
COX8C,14,93347182,93348356
KCNJ6,21,37607373,38121345
SSX4,X,48383516,48393347
SRD5A3,4,55346213,55373100
RBP3,10,47348363,47357881
TEX10,9,100302072,100352957
NEMP2,2,190504338,190534722
H3C1,6,26020451,26021487
CDK5RAP2,9,120388875,120580172
C8orf74,8,10672628,10700590
GUCA1B,6,42183284,42194956
GRIA2,4,157204182,157387146
HERC6,4,88378739,88443098
FOXL3,7,290170,294422
PGK1,X,77910739,78129295
GABRG2,5,162000057,162162977
MAGEA12,X,152733757,152737679
IFNGR2,21,33403369,33479348
TSC22D1,13,44432143,44577316
ANAPC11,17,81890669,81900991
LILRB3,19,54216278,54223506
MFN1,3,179346952,179394940
NOTUM,17,81952507,81963328
TKTL2,4,163471095,163473754
TAS1R1,1,6555307,6579755
LRRC10,12,69608564,69610907
ARHGDIA,17,81867719,81871378
INO80B,2,74455087,74457944
CENPU,4,184694085,184734130
BORCS5,12,12357078,12471233
ADGRG4,X,136300963,136416890
C11orf52,11,111918032,111926871
PSMD1,2,231056845,231173116
PSMA1,11,14504211,14643635
CNOT10,3,32685139,32773875
KCTD20,6,36442767,36491143
USP50,15,50494018,50546708
CNN2,19,1026547,1039077
SLC22A23,6,3268962,3457050
LDHC,11,18412306,18452063
WRNIP1,6,2765393,2786952
NCK2,2,105744369,105894275
CEP68,2,65056350,65087010
CHMP2A,19,58551452,58555128
TRPM4,19,49157741,49211836
MAML1,5,179732822,179777283
MED21,12,27022546,27066343
CTSS,1,150730079,150765957
ADCY7,16,50246137,50318135
GUCA2A,1,42162690,42164745
CTNNAL1,9,108942569,109013645
TMEM176A,7,150799598,150805122
IKZF2,2,212999691,213152427
TEFM,17,30897336,30906249
SAMD14,17,50110040,50130160
MSI2,17,57255851,57684689
OAS1,12,112905856,112933219
LAD1,1,201380833,201399915
SEPTIN11,4,76949747,77040384
DUOXA1,15,45117364,45130611
HSD17B11,4,87336515,87391219
MTG2,20,62183025,62203568
NBPF4,1,108222464,108244081
BANF2,20,17693672,17735871
GPR55,2,230907318,230961066
C20orf202,20,1203454,1209076
ADCY9,16,3953387,4116442
PEF1,1,31629866,31644896
MGAT4D,4,140442262,140498377
HSP90AB1,6,44245808,44253888
TELO2,16,1493329,1510459
SRPRA,11,126262912,126269144
PSMB3,17,38752736,38764231
CES5A,16,55846154,55956031
AKAP11,13,42271475,42323283
RALGPS1,9,126914774,127223166
SHISA7,19,55428740,55443300
HENMT1,1,108648285,108661526
OR2M3,1,248197265,248212925
NUP88,17,5359668,5420164
PCDHAC1,5,140926299,141012347
TSPAN19,12,85014311,85036277
METTL26,16,634412,636378
OR6B2,2,240029491,240030429
DEPP1,10,44970981,44978809
LY6G6F,6,31706866,31710679
PPIA,7,44796678,44824564
SELENOF,1,86862445,86914424
UGT2B11,4,69199951,69214748
FSD1,19,4304595,4323843
PIGU,20,34560542,34698790
PPP6C,9,125146573,125189939
CAV3,3,8733802,8841808
UGT1A7,2,233681901,233773300
HTR5A,7,155070324,155087392
ALDH1L1,3,126103561,126197994
TTC38,22,46267961,46295097
GABRB1,4,46993723,47426447
MAPKAPK2,1,206684886,206734284
PRKN,6,161347417,162727775
OGFRL1,6,71288811,71309059
FAM13C,10,59246118,59363181
CDR2L,17,74987583,75005800
CA3,8,85373436,85449040
GYPB,4,143996104,144019380
ADAM21,14,70417107,70460427
NFIA,1,60865259,61462788
KNDC1,10,133160034,133226412
PTPN13,4,86593944,86815180
FOXL1,16,86576340,86583478
HYOU1,11,119044185,119057252
SPINK14,5,148168546,148175619
CERK,22,46684410,46738267
PDCD1LG2,9,5510491,5571282
MZT2A,2,131464900,131492743
MXD4,4,2247432,2262115
RPP40,6,4994717,5004063
FAM181B,11,82729940,82733864
PRSS57,19,685546,695498
DNAJB4,1,77979070,78018529
FPGS,9,127794597,127814494
WASHC4,12,105107324,105169134
CD40LG,X,136648158,136660390
GPT,8,144502608,144507494
DCAF8L2,X,27590281,27749942
ABHD16A,6,31686954,31703356
ODF4,17,8339840,8346048
UPK1B,3,119173517,119205152
COX4I1,16,85798633,85807068
MYL6B,12,56151966,56159647
GRK3,22,25564432,25729294
GTF3C5,9,133030675,133058503
TSPAN2,1,115048011,115089503
TM4SF5,17,4771849,4783213
PCDH12,5,141943581,141969741
CFAP77,9,132410043,132573319
CSNK1A1L,13,37103259,37105664
PRR35,16,559688,565532
ABI3,17,49210411,49223225
YKT6,7,44200959,44214294
ZNF555,19,2841437,2860471
ARL17A,17,46499780,46579695
TNFRSF18,1,1203508,1206592
SLC46A3,13,28700064,28719012
SMARCD3,7,151238764,151277896
SARS1,1,109213844,109238773
YAE1,7,39566379,39612089
ST6GALNAC4,9,127907876,127917055
PSG1,19,42866464,42879822
ANKRD36C,2,95836919,95991831
PRRT3,3,9939450,9952424
OSM,22,30262829,30266851
SPATA31A3,9,66986304,66992550
AAGAB,15,67200667,67255195
PTTG1,5,160421816,160428748
AKAP4,X,50190777,50201007
KCNQ2,20,63400208,63472677
TMEM187,X,153972754,153983194
PTPN23,3,47381011,47413442
IDH1,2,208236224,208266095
NCLN,19,3185563,3209575
VPS52,6,33250272,33272047
CTAGE9,6,131708441,131711017
UGT2B28,4,69280475,69295050
SERPINE2,2,223975045,224039688
MBOAT1,6,20099684,20212469
TRIM71,3,32817526,32897824
CNOT8,5,154857529,154876793
ZNF174,16,3401215,3409364
DCUN1D2,13,113455819,113490984
ANGPTL7,1,11189355,11195981
SLC17A5,6,73593364,73654014
MPEG1,11,59208510,59213474
CYP7A1,8,58490178,58500163
ZMAT5,22,29728138,29767084
EMB,5,50396192,50443248
RABEP2,16,28904420,28936526
OR2M5,1,248145148,248146086
UNK,17,75784806,75825799
IFT88,13,20566600,20691697
DHRS13,17,28897781,28903079
SLC32A1,20,38724486,38729372
MAD1L1,7,1815787,2233243
SEPTIN6,X,119615724,119693949
PPP1R3D,20,59936663,59940305
CFD,19,859453,869490
DTWD1,15,49621031,49656232
ANK3,10,60026298,60733490
ZRSR2,X,15790106,15830694
FAM47B,X,34942796,34944915
LMX1B,9,126613928,126701032
OR7A5,19,14826241,14835185
C1orf50,1,42767245,42779491
IL19,1,206770764,206842981
TRIM49D1,11,89911111,89922245
MTO1,6,73461578,73509236
CSTA,3,122325248,122341969
GFPT1,2,69319780,69387281
TRPS1,8,115408496,115809673
IRS2,13,109752695,109786583
MGA,15,41621134,41773081
TOP3B,22,21957025,21982813
RIMBP3,22,18605815,18611919
TBC1D25,X,48539684,48562609
C2CD6,2,201487421,201619178
GPR75,2,53852912,53859967
LRRC8A,9,128882133,128918042
MRPL10,17,47823272,47831541
ERICH6,3,150659885,150703971
SMG9,19,43727983,43755054
IL36A,2,113005459,113008044
ATOH1,4,93828753,93830964
NT5C3B,17,41825057,41836260
ZNF836,19,52153864,52171643
PCDHA1,5,140786136,141012347
SERTM1,13,36673881,36697839
RTL10,22,19846138,19854896
USP43,17,9644663,9729693
C4orf36,4,86886472,86936178
SP8,7,20782279,20786886
NPFFR1,10,70247329,70284004
MEX3A,1,156072013,156082465
MYL6,12,56158345,56163496
CRNKL1,20,20034368,20056046
MANEA,6,95577485,95609484
DBP,19,48630030,48637379
GH1,17,63917200,63918839
CLEC2B,12,9852369,9870635
TBC1D22B,6,37257772,37332970
OBSL1,2,219550727,219571859
POLR3G,5,90471748,90514559
ZBED5,11,10812074,10858796
KIF5C,2,148875227,149026759
MRPS16,10,73248843,73252693
EVA1A,2,75469302,75571036
ALG14,1,94974405,95072951
TARBP1,1,234391313,234479197
ITM2B,13,48232612,48270357
NOP53,19,47745520,47757058
YEATS2,3,183697748,183812805
ADCK1,14,77800064,77935014
CLDN11,3,170418865,170454733
ESYT1,12,56118250,56144674
TEX13D,X,124246249,124336863
CACNA1G,17,50560715,50627474
TRAPPC2,X,13712244,13734635
UNC119B,12,120710440,120723640
FAM220A,7,6329411,6348981
PRSS55,8,10525532,10554166
GPAT3,4,83535619,83605875
NID1,1,235975830,236065202
SAMD11,1,923923,944575
LGI1,10,93757840,93806272
GPR87,3,151294086,151316820
GRIFIN,7,2474728,2476894
CHSY1,15,101175727,101252048
TBPL2,14,55414210,55456726
ATP11B,3,182793472,182923011
CTDSP2,12,57819927,57846729
ITSN2,2,24202864,24360807
C22orf39,22,19351368,19447711
SMIM1,1,3772655,3776709
TPSD1,16,1256059,1259008
MROH1,8,144147997,144262470
CCDC127,5,196868,218153
KIAA1143,3,44737661,44762033
DAGLA,11,61680391,61747003
EMC6,17,3668812,3669668
ZSCAN4,19,57668935,57679152
C1orf74,1,209779208,209784620
PRSS36,16,31138926,31150091
KIDINS220,2,8721081,8837630
PAN2,12,56316223,56334053
ALMS1,2,73385758,73625166
CYP2D6,22,42125962,42131236
ZFAND5,9,72351412,72365328
HOXB5,17,48591257,48593779
EIF4G1,3,184314490,184335358
CCNF,16,2429394,2458854
SPATA16,3,172889357,173141235
RILP,17,1646143,1650077
TMEM41A,3,185476496,185499057
ZNF433,19,12014715,12035741
ALKBH6,19,36009120,36014297
NRAP,10,113588714,113664121
NDUFA5,7,123536997,123557904
HCST,19,35900635,35904377
HOMER2,15,82834664,82986153
TAMM41,3,11790442,11846919
CHMP1A,16,89640816,89657738
ST3GAL3,1,43705824,43931167
NDST2,10,73801910,73811963
DAZL,3,16586792,16670306
G0S2,1,209675412,209676390
MRPL15,8,54135183,54149588
UBIAD1,1,11273198,11296049
CDK1,10,60778312,60796236
EBI3,19,4229314,4237528
SIRPB1,20,1561385,1620061
TRHR,8,109086585,109121565
KLHL1,13,69700594,70108493
BRINP3,1,190097658,190478404
DEFB133,6,49946101,49949444
DDX5,17,64498254,64508199
SLC37A4,11,119023751,119030906
CCDC88A,2,55287818,55420042
OR51A4,11,4942831,4947605
COPE,19,18899514,18919400
SPATA31E1,9,87882877,87888903
DYM,18,49036387,49461347
FBN2,5,128257909,128659185
CHMP4B,20,33811345,33854366
SLC2A14,12,7812512,7891148
IQCA1L,7,151190873,151205496
TOR3A,1,179081854,179098023
AP3B2,15,82659281,82710112
OR6C65,12,55400529,55401467
OPN4,10,86654518,86666460
SPATA19,11,133840631,133845538
JAG1,20,10637684,10674396
LCE1D,1,152796721,152798181
TMEM47,X,34627075,34657285
SLC16A4,1,110362848,110391082
CA7,16,66844414,66854153
GAS2L2,17,35744511,35753260
TMTC3,12,88142181,88199887
CDKN2AIP,4,183444635,183449064
SLAMF1,1,160608100,160647044
RAD23A,19,12945848,12953646
NAA60,16,3443649,3486954
BAHD1,15,40436611,40468242
TACO1,17,63600882,63608365
TRIM66,11,8612037,8682694
ZNF281,1,200404940,200410056
BIRC5,17,78214186,78225636
ARMC7,17,75109952,75130272
TUBB4A,19,6494319,6502848
SRSF3,6,36593787,36605911
TNFSF11,13,42562736,42608013
GPIHBP1,8,143213019,143217172
DIPK1A,1,92832737,92961522
ATP13A3,3,194402672,194498364
ARHGEF5,7,144355288,144380632
PLCB4,20,9067825,9504593
GPX1,3,49357174,49358605
PLIN4,19,4502182,4520379
S100G,X,16650158,16654670
H3C10,6,27810051,27811300
NKX2-3,10,99532942,99536524
RTN4,2,54972187,55112621
AP3M1,10,74120255,74151055
EMC4,15,34225013,34230161
TCEAL1,X,103628701,103630958
ZC3H6,2,112275597,112340059
ADM2,22,50481543,50486440
XCL1,1,168576605,168582069
NRG1,8,31639222,32855666
TIFA,4,112272968,112285955
HBP1,7,107168961,107202529
LGR4,11,27365961,27472821
ISCA1,9,86264546,86283102
PRR30,2,27136848,27139410
DHRS1,14,24290598,24300136
PRMT2,21,46635595,46665698
TRPC3,4,121874481,121952060
ABT1,6,26596953,26600739
FAM177A1,14,35045117,35116630
CLTRN,X,15627085,15675377
ATL1,14,50532509,50634017
SH3PXD2A,10,103594027,103855584
ZDHHC4,7,6577405,6589374
AOX1,2,200585864,200677064
MTSS2,16,70661204,70686053
RNF139,8,124474866,124488618
TXLNA,1,32178097,32198299
ADRA2A,10,111077029,111080907
ZNF84,12,133037262,133063304
NLGN3,X,71143286,71175255
FOXP4,6,41546363,41602384
NBPF15,1,144421390,144461676
PAGE2,X,55089018,55092842
SYS1,20,45359977,45376798
TMEM200A,6,130365404,130443424
CTR9,11,10751018,10801625
ZDHHC18,1,26826688,26857604
ZNF688,16,30569281,30572734
PLEKHA4,19,48837091,48868855
NKD1,16,50548396,50649249
GRAMD1A,19,34994784,35026471
SMCO4,11,93478468,93543764
UBE2E1,3,23805955,23891640
WDR48,3,39051999,39096671
PIM2,X,48913182,48919024
ARL14EPL,5,116032324,116060118
SPEF1,20,3777504,3781448
GIT1,17,29573475,29594054
PITX1,5,135027734,135034813
NXPE3,3,101778900,101843743
SCN2A,2,165194993,165392310
SRSF12,6,89093949,89118071
KCNH6,17,63523310,63548987
DKK4,8,42374063,42377229
DDX19A,16,70346861,70373992
SNX3,6,108211222,108261255
MMS22L,6,97142161,97283224
SNCA,4,89700345,89838315
TCTN3,10,95659823,95694143
POFUT1,20,32207851,32238658
ADAMTSL3,15,83653683,84039842
RHOXF2B,X,120072264,120077690
ACVR2B,3,38453890,38493142
FMN2,1,240014348,240475187
ATL3,11,63624087,63671921
USP17L17,4,9243879,9245471
UBE2L6,11,57551656,57568284
SHD,19,4279030,4290725
TFCP2,12,51093656,51173137
PRKCZ,1,2050411,2185395
DGCR6L,22,20314238,20320080
AMELY,Y,6865918,6911752
HERC3,4,88523810,88708450
ARID4B,1,235131634,235328219
SOX10,22,37970686,37987422
MUTYH,1,45329163,45340893
PTCRA,6,42915989,42925838
RPS12,6,132814557,132817577
ANHX,12,133218312,133235877
DOCK10,2,224765090,225042468
SNPH,20,1266269,1309328
FAM106C,17,16788879,16790501
PDCD7,15,65117379,65133808
SLC6A14,X,116436606,116461458
NFYB,12,104117080,104138241
TOE1,1,45340012,45343976
SH3KBP1,X,19533977,19887650
TMEM33,4,41934403,41960803
SYT14,1,209900923,210171389
ELMO1,7,36852906,37449223
SLC38A9,5,55623437,55773194
FZD9,7,73433778,73436120
MS4A8,11,60699585,60715811
FDX1,11,110429379,110464884
HPX,11,6431006,6442617
RND2,17,43025222,43032041
TIRAP,11,126282497,126298845
AGAP11,10,87001636,87009905
HDGF,1,156742109,156766925
PLA2G4A,1,186828949,186988986
VCX3A,X,6533618,6535118
MTHFD2L,4,74114174,74303099
CDK16,X,47217860,47230000
VAMP3,1,7771296,7781432
ADAP1,7,897900,955407
SPACA7,13,112376355,112434689
GLB1L3,11,134274245,134319579
BZW2,7,16644653,16706771
TRPV6,7,142871208,142885745
AK8,9,132725573,132878777
CT47A12,X,120930250,120932301
GSG1,12,13083532,13103683
ROBO4,11,124883666,124898500
SIGLEC16,19,49969600,49975819
PARVA,11,12377482,12535356
KCNB2,8,72537225,72938349
ERCC1,19,45407333,45478867
ILF2,1,153661788,153671028
FOXO6,1,41361922,41383590
GPX5,6,28525881,28534955
KLK4,19,50906351,50911395
USP17L18,4,9248630,9250222
USP33,1,77694725,77759884
CHTOP,1,153633982,153646306
TRIM63,1,26051301,26068436
AMFR,16,56361449,56425545
LARS2,3,45388527,45554726
ELOVL1,1,43363396,43368075
COL11A2,6,33162681,33192766
ITGAD,16,31393335,31426505
TACR3,4,103586031,103719985
TYROBP,19,35904401,35908301
CHD4,12,6570081,6614982
CEP57,11,95789965,95832693
AP3B1,5,77991640,78294762
OR8D2,11,124319262,124320197
NEURL1B,5,172641248,172691540
SCML1,X,17737115,17754988
RBPMS,8,30384416,30572256
GJE1,6,142132925,142135358
AQP12A,2,240691866,240698483
FAM83G,17,18968789,19004815
ZNF264,19,57191500,57222846
H1-10,3,129314771,129316286
SLC22A11,11,64555690,64572875
CRISPLD2,16,84819981,84920768
DLX4,17,49968588,49974959
GSPT1,16,11868128,11916082
PGAM2,7,44062727,44065605
C2CD4A,15,62066977,62070917
VSTM1,19,54040825,54063953
EVX1,7,27242700,27250493
FAM47E-STBD1,4,76251721,76311129
MAPK12,22,50245450,50261734
ZNF90,19,20077994,20127076
FAM81B,5,95391366,95450454
C6orf62,6,24704856,24720874
LAMC1,1,183023420,183145592
SPAM1,7,123925237,123971414
AIFM2,10,70097053,70133269
DNAJC22,12,49345607,49357546
KCNK18,10,117196957,117210752
FICD,12,108513710,108525837
CADM2,3,84958989,86074429
TMEM150B,19,55312801,55334048
NPY4R2,10,47918662,47925736
H3-4,1,228424845,228425360
PHLDB1,11,118606396,118658038
IGFBP1,7,45888360,45893660
ARHGEF16,1,3454550,3481127
KRTAP4-9,17,41105389,41106488
RETREG3,17,42579513,42610623
CCDC54,3,107377439,107378635
SCLY,2,238060924,238099413
OR51M1,11,5383812,5393263
SPATA12,3,57060664,57075432
ZNF736,7,64307459,64356634
IGFBP2,2,216632828,216664441
GMFG,19,39328353,39342372
VAPB,20,58389119,58451101
PCDHB11,5,141199610,141203779
DCAF16,4,17793446,17810758
C17orf78,17,37375985,37392708
DNAI1,9,34457414,34520988
TBC1D26,17,15732247,15746162
SEC23A,14,39031918,39109646
DTHD1,4,36281616,36347511
TAF5,10,103367964,103389065
CDYL,6,4706159,4955551
LCE3B,1,152613811,152614098
CCDC181,1,169394870,169460669
ASPSCR1,17,81976807,82017406
MMP9,20,46008908,46016561
MGAM2,7,142111718,142222324
SCT,11,626309,627181
TMEM41B,11,9280654,9314636
EHBP1L1,11,65575943,65592851
IMP4,2,130342403,130347967
MRNIP,5,179835133,179862173
KRTAP12-3,21,44657932,44658341
TFF2,21,42346357,42350997
MLLT3,9,20341669,20622499
HEG1,3,124965710,125055997
C1QB,1,22652713,22661637
C18orf54,18,54357903,54385218
MKLN1,7,131110096,131496632
WDR64,1,241652278,241802777
FXN,9,69035750,69079076
SLC8A1,2,40097270,40611053
EPYC,12,90963682,91005026
LYG1,2,99284238,99306110
ORAI1,12,121626509,121643109
MARK4,19,45079288,45305284
HELZ,17,67070444,67245989
ARHGAP36,X,131058346,131089885
KRTAP19-5,21,30501657,30502141
PLEKHH3,17,42667914,42677030
AQP4,18,26852043,26865771
FFAR1,19,35347902,35353864
CTDSPL,3,37861880,37984469
PSMG2,18,12658043,12728945
GSN,9,121201324,121334721
TES,7,116210493,116258789
LIPC,15,58410380,58570449
ELOVL2,6,10980759,11044399
TTC33,5,40512333,40755963
EIF2S1,14,67360011,67386516
ACTL9,19,8697400,8698795
SAP130,2,127941217,128028124
TMEM203,9,137204082,137205648
PP2D1,3,19979961,20012267
FANCC,9,95099054,95426796
PLK4,4,127880890,127899224
ATIC,2,215311956,215349773
RNF212,4,1056250,1113564
FAM209A,20,56517187,56526152
POLE4,2,74958643,74970128
PLAAT3,11,63573172,63616883
PRODH2,19,35799975,35813299
RASGEF1A,10,43194533,43267082
ZSCAN26,6,28267058,28278224
PAXIP1,7,154943687,155003124
FAM228A,2,24175051,24200849
CADPS,3,62398346,62875563
MOV10L1,22,50090006,50161690
TNFRSF8,1,12063303,12144207
DCUN1D5,11,103050686,103092194
ANGPTL2,9,127087348,127122645
LRRTM1,2,80288351,80304752
PCSK1N,X,48831088,48835632
L2HGDH,14,50237563,50312229
RBL2,16,53433977,53491649
GSKIP,14,96363452,96387288
DHRS12,13,51767520,51804187
EPPK1,8,143857324,143878467
CABS1,4,70334981,70337116
ARID1A,1,26693236,26782104
APC2,19,1446302,1473244
ECT2,3,172750682,172821474
HSPA1A,6,31815543,31817994
SACM1L,3,45689056,45745425
UTF1,10,133230217,133231558
ANKRD30B,18,14728272,14854667
SPTBN1,2,54456288,54671446
GALK1,17,75751470,75765251
BTNL8,5,180899077,180952164
COPS3,17,17246616,17281303
DUSP23,1,159780932,159782543
GDF10,10,47300171,47313577
BAX,19,48954815,48961798
FABP6,5,160187363,160238735
TREM2,6,41158488,41163186
DENND4A,15,65658046,65792293
KLHL21,1,6590724,6614607
DMWD,19,45782947,45792845
KRTAP6-2,21,30598590,30598902
MACROD1,11,63998553,64166482
DPT,1,168695457,168729206
KIFC3,16,57755668,57863053
ART4,12,14825569,14843526
SOX21,13,94709622,94712545
IBTK,6,82169984,82247775
GAB2,11,78215293,78418348
OR12D1,6,29414928,29418905
MRPS18C,4,83455932,83470428
TRIM7,5,181193924,181205293
SRGAP2B,1,144887191,145095528
DMRTC2,19,41844743,41852333
CYREN,7,135092363,135170914
RYR2,1,237042184,237833988
MCM3AP,21,46235133,46286297
MSMP,9,35752990,35756613
SPACA5B,X,48130626,48132620
ADAM32,8,39106990,39284917
GRIK2,6,100962701,102081622
NAPRT,8,143574782,143578649
ARPC1B,7,99374226,99394827
TPM2,9,35681992,35690056
ERAS,X,48826513,48830138
MZB1,5,139387467,139390081
EXTL3,8,28600469,28756561
MYDGF,19,4641374,4670365
MYLK4,6,2663629,2770330
ARL14,3,160677160,160678448
ECH1,19,38815417,38831874
HAUS2,15,42548828,42569994
SGMS1,10,50305586,50625187
RDH5,12,55720367,55724710
SLC26A7,8,91209494,91398155
CEBPB,20,50190734,50192690
LRCH1,13,46553168,46753040
PSMC4,19,39971162,39981764
PIGP,21,37062846,37073318
UGT2B7,4,69051363,69112987
RPA4,X,96883908,96885467
TCFL5,20,62841005,62861825
IRF3,19,49659569,49665861
SPEGNB,2,219496131,219498287
JMJD4,1,227730412,227735411
WDR73,15,84639285,84654343
SYT9,11,7238778,7469043
PDE1B,12,54549601,54579241
OC90,8,132024216,132059382
C1QTNF5,11,119338942,119340940
IL4,5,132673986,132682678
CKAP2,13,52455429,52476630
GABRD,1,2019329,2030758
PARP6,15,72241176,72272999
KRTAP1-3,17,41033884,41034874
LRIT2,10,84220571,84225544
LCP2,5,170246233,170297820
NDUFV3,21,42879644,42913304
SYNDIG1L,14,74405894,74426210
PRDX3,10,119167699,119178865
ADSL,22,40346461,40390463
GSDME,7,24698355,24757940
CHMP6,17,80991598,81009517
HLA-DPB1,6,33073786,33089696
LIN9,1,226231149,226309869
MRPL57,13,21176647,21179084
SOX1,13,112067149,112071706
LCN8,9,136754386,136758543
ALPK2,18,58481247,58629091
KCNMB2,3,178272932,178844429
IMPACT,18,24426634,24453531
JRKL,11,96389989,96507574
NNAT,20,37521206,37523690
B3GALT4,6,33277123,33284832
TMEFF2,2,191949043,192194985
RPL28,19,55383856,55403250
S100A7,1,153457744,153460651
SAV1,14,50632058,50668337
DGKQ,4,958884,986895
CDO1,5,115804733,115816660
MFF,2,227325151,227361188
CACNA1A,19,13206442,13624489
TRPM6,9,74722495,74888094
PFDN5,12,53295291,53299452
RXFP4,1,155941638,155943087
C10orf143,10,130020025,130110840
GOLGA6L2,15,23439038,23447243
ACOT9,X,23699396,23766475
PLEKHA6,1,204218851,204378214
OR11H4,14,20239286,20244349
ICA1L,2,202773150,202872061
ZBTB1,14,64502152,64533690
ACYP2,2,53970838,54305300
ARMC1,8,65602456,65634217
NKX3-2,4,13540830,13544508
JMJD6,17,76712832,76726784
FN1,2,215360440,215436120
ASB2,14,93933783,93978831
FAM90A1,12,8221260,8227621
RASSF7,11,560207,564067
OR8K1,11,56346039,56346998
KIAA0319L,1,35393883,35557950
NKX2-2,20,21511017,21514064
YJEFN3,19,19528861,19537584
ENO4,10,116849481,116911788
DNHD1,11,6497260,6593758
RABIF,1,202878282,202889149
PGA4,11,61222347,61231694
OR51V1,11,5199735,5200682
MAP2K2,19,4090317,4124216
OR52B4,11,4367263,4368386
NCAPG2,7,158628224,158704825
GARS1,7,30580533,30634033
GAS7,17,9910606,10198853
DNAJC13,3,132417502,132539032
HAO1,20,7882985,7940520
NSMCE1,16,27224993,27268788
KRT39,17,40958417,40966948
SAPCD2,9,137062127,137070593
C14orf119,14,23094692,23100456
NPM1,5,171387086,171411810
CLEC12A,12,9951316,9995694
DFFB,1,3857267,3885429
ANXA6,5,151100706,151157815
ARMC8,3,138187248,138298384
ARHGAP11A,15,32615144,32639952
CCNH,5,87318416,87413029
CDON,11,125955796,126063335
TMEM9,1,201134772,201172330
ATG4C,1,62783821,62865999
NUP98,11,3671083,3797792
TRIO,5,14143342,14532128
TTLL3,3,9808086,9855138
CNKSR2,X,21372801,21654695
TMEM74B,20,1180561,1186842
ANKS4B,16,21233699,21253850
PSME1,14,24136156,24138967
DEFA5,8,7055304,7056739
DNAH3,16,20933111,21159441
KCNS1,20,45091214,45101127
MAGEB18,X,26138343,26140736
SPPL2A,15,50702266,50765948
HBQ1,16,180459,181179
RTRAF,14,51989441,52010694
PRICKLE2,3,64092236,64445476
CTF1,16,30896614,30903547
ZNF416,19,57571566,57578911
GGTLC2,22,22644614,22647898
MED28,4,17614641,17634105
MAPK7,17,19377721,19383544
C16orf46,16,81053497,81077267
DDX24,14,94048287,94081215
BMP5,6,55753653,55875595
CLIC3,9,136994608,136996568
MEIOB,16,1833986,1884294
ZDHHC16,10,97446142,97457370
VWA7,6,31765590,31777328
IPO8,12,30628981,30695883
CELF2,10,10798397,11336675
PTPRT,20,42072752,43189970
SZT2,1,43389882,43454247
EMID1,22,29205809,29259598
KRTAP23-1,21,30348399,30348606
MISP,19,748404,764363
SH3TC2,5,148923639,149063163
LRRTM3,10,66926036,67101551
LRRC74A,14,76826372,76870304
MIF4GD,17,75266228,75271237
SPIN1,9,88387434,88480234
THEM5,1,151847101,151853712
PLPP7,9,131289459,131359022
H4C2,6,26025802,26027283
PDCD5,19,32581188,32587453
DHFR2,3,94047836,94063389
ZDHHC17,12,76764103,76853696
PEX5,12,7188653,7218574
SLC25A24,1,108134043,108200849
CABYR,18,24138987,24161603
SF3B6,2,24067579,24076464
NKX6-2,10,132783179,132786147
MED22,9,133338312,133348134
CAMKK1,17,3860315,3894891
ZC3H7B,22,41301457,41360155
CCER1,12,90905622,90955176
MPPED2,11,30384493,30586927
SLC2A12,6,133987581,134052660
OLAH,10,15032227,15073853
ITPKC,19,40717112,40740860
ZNF777,7,149431363,149461062
SNAP91,6,83552880,83709691
CELA3B,1,21977022,21998642
PIEZO2,18,10666483,11149569
NXPH2,2,138669157,138780390
GATD1,11,767220,777488
ELAVL2,9,23690099,23826352
ARAP2,4,35948221,36244777
MED26,19,16574907,16629062
SERTAD2,2,64631621,64751005
CFI,4,109731008,109802195
ZIC2,13,99981784,99986765
KRTAP10-8,21,44612079,44612954
ZNF865,19,55605638,55617269
RANBP10,16,67723070,67806560
CUL4B,X,120505920,120604074
RNF182,6,13924446,13980310
GLP1R,6,39048781,39091303
SLC2A9,4,9771153,10054936
CRYBB2,22,25212564,25231870
ATP4B,13,113648804,113658198
ISM2,14,77474394,77499408
RPS6KB2,11,67428460,67435408
FAM3C,7,121347792,121398471
TMEM160,19,47045909,47048624
COLGALT1,19,17555631,17583162
ZNF730,19,23075210,23147221
SLC25A2,5,141302635,141304049
TSHR,14,80954989,81146306
EPC1,10,32267751,32378798
GNPNAT1,14,52770976,52791668
RABL3,3,120684938,120742993
HDDC3,15,90929968,90935196
PGAP6,16,370788,387113
EEFSEC,3,128153433,128409356
IMPG2,3,101222546,101320575
KCNK12,2,47509290,47570985
SLC13A1,7,123113531,123200047
PSAP,10,71816289,71851330
HEATR5B,2,36968383,37084398
RGS11,16,268301,275980
OAZ3,1,151762899,151771334
CNR1,6,88139863,88167364
SATB1,3,18345377,18445621
DAZAP2,12,51238724,51271362
LIMK1,7,74082933,74122527
CD109,6,73695785,73828316
FAM186A,12,50326230,50396622
ALKBH1,14,77672404,77708023
LGI3,8,22146824,22157084
BRSK1,19,55282072,55312562
MMP27,11,102691487,102705769
CTAGE1,18,22413599,22417915
ZUP1,6,116635616,116668812
HOOK3,8,42896900,43030535
RLF,1,40161387,40240921
WARS2,1,119030284,119140673
COPB1,11,14443357,14500027
APOBEC3C,22,39014224,39020352
DERL3,22,23834503,23839128
OR10V1,11,59712916,59713845
LARP6,15,70829130,70854157
LIPA,10,89212830,89415367
WHAMM,15,82809599,82836108
PAG1,8,80967810,81112116
OR5D16,11,55838752,55839738
CXorf58,X,23907807,23939509
MICB,6,31494881,31511124
CEP170,1,243124428,243255793
SERPINB3,18,63653686,63661893
KIR3DL2,19,54850433,54867209
XAGE1A,X,52495808,52500812
ADAT3,19,1905399,1913447
NPIPA3,16,14703411,14726342
ABCA12,2,214931542,215138626
BEND3,6,107065138,107116234
DEFB131B,11,71878453,71884561
CYP2A6,19,40843533,40850450
PCIF1,20,45934678,45948023
BUD31,7,99408615,99419618
CRYL1,13,20403666,20525873
SCNN1B,16,23278231,23381299
PRPH,12,49295147,49298686
DKK2,4,106921802,107283806
HNRNPA2B1,7,26171151,26201529
RFC3,13,33818069,33966558
EIF2B5,3,184135038,184146127
LILRB5,19,54249421,54257339
ATP2B4,1,203626778,203744081
PCM1,8,17922746,18029996
YARS1,1,32775237,32818031
YOD1,1,207043849,207052980
TRIM40,6,30136028,30151592
DYRK3,1,206635536,206684419
PCDHA10,5,140855883,141012347
GPER1,7,1082208,1094511
PCTP,17,55751051,55842830
PVALEF,17,81165507,81183166
WNT7B,22,45920366,45977162
CDK13,7,39950121,40099580
TNFSF8,9,114893343,114930595
IFNA10,9,21206181,21207143
PLBD1,12,14503660,14567913
TBC1D20,20,423596,462566
ZDHHC6,10,112424428,112447631
STX8,17,9250471,9576591
PET117,20,18137863,18143169
R3HDM4,19,896503,913245
C15orf40,15,82988441,83011641
BCO1,16,81238576,81291226
SMCHD1,18,2655668,2805017
PKD2,4,88007629,88077777
NWD1,19,16719847,16817963
PCDHGA4,5,141355021,141512975
RPS14,5,150442635,150449952
MTCH1,6,36965807,36986298
NAP1L2,X,73212299,73215239
UGDH,4,39498755,39528311
SYVN1,11,65121780,65135747
ZNF414,19,8509678,8514167
ITIH3,3,52794450,52809881
CLDN7,17,7259347,7264016
TMEM192,4,165070608,165208549
ARHGDIG,16,280450,283010
LDOC1,X,141111605,141177129
TMEM144,4,158201604,158255416
HNRNPK,9,83966766,83981586
TMPRSS4,11,118077012,118125510
MYLIP,6,16129086,16151367
MAP4K3,2,39249266,39437324
OR5H6,3,98263252,98265356
ATXN10,22,45671798,45845307
OGDHL,10,49734641,49762392
TLR10,4,38772238,38782990
STON1,2,48529376,48598922
PROP1,5,177992235,177996242
TIMM9,14,58407461,58427655
CASP7,10,113679162,113731290
MAD2L2,1,11657230,11692605
TMEM25,11,118531041,118547280
TMA16,4,163494442,163520733
PLCXD3,5,41306952,41510601
OXSM,3,25782917,25796834
CATSPERB,14,91580696,91780707
SDHAF1,19,35995188,35996312
ZDHHC13,11,19117099,19177712
SDR42E1,16,81988855,82011482
RPL37A,2,216498797,216579180
GYG2,X,2828571,2890109
RNF39,6,30070266,30075849
AMIGO1,1,109504178,109509738
FGF8,10,101770109,101780371
OR6V1,7,143052341,143053282
NEXN,1,77888480,77943895
GDPD1,17,59220467,59275970
NUFIP1,13,44939249,44989471
FHL2,2,105357712,105438585
RFK,9,76385526,76394517
FEM1B,15,68277745,68295862
MBLAC2,5,90458209,90474771
PARP4,13,24420931,24512925
CSF2,5,132073789,132076170
RIC8B,12,106774621,106889316
GJB5,1,34755034,34758512
SMC3,10,110567680,110606048
OR2AE1,7,99876062,99877033
CILP2,19,19538248,19546659
HYAL3,3,50292831,50299405
SERPINB11,18,63647579,63726432
AP2A1,19,49766990,49807114
SLC25A11,17,4934570,4940156
RTN4RL2,11,57460528,57477534
ST8SIA6,10,17315421,17454595
ANKZF1,2,219229769,219236679
TMEM88B,1,1425871,1430255
SYN2,3,12004388,12192032
POLH,6,43575537,43620523
C10orf62,10,97589721,97590934
BMP2K,4,78776342,78916365
PGGT1B,5,115204012,115262877
FOSL1,11,65892049,65900573
TESC,12,117038923,117099479
SLC17A4,6,25753300,25783316
AMBP,9,114060127,114080970
LIG3,17,34980462,35009743
UQCR10,22,29767369,29770413
TMEM106C,12,47963569,47968885
MECR,1,29192657,29230945
RPL36AL,14,49618530,49620649
MC3R,20,56248732,56249815
ERO1B,1,236214681,236282019
BTBD2,19,1985438,2034881
TAX1BP1,7,27739331,27844564
ASB9,X,15235288,15270467
PRAMEF11,1,12824605,12831410
SLC26A3,7,107764219,107803630
SLC4A9,5,140360188,140375143
TINF2,14,24238286,24242663
PHYH,10,13277796,13302412
DUS4L-BCAP29,7,107563971,107623317
ZDHHC19,3,196197452,196211437
ZSCAN20,1,33472597,33501643
TLR8,X,12906620,12923169
RSAD1,17,50478820,50485984
GFRA1,10,116056925,116276803
U2AF2,19,55654146,55674716
ENOSF1,18,670318,712722
ENHO,9,34521043,34523174
GCAT,22,37807872,37817386
INAFM2,15,40323692,40326715
RAB6B,3,133824235,133895882
ZFYVE19,15,40807086,40815084
HERC2,15,28111040,28322179
LIMK2,22,31212193,31280964
FGG,4,154604134,154612967
CNTN2,1,205042937,205078289
HARS2,5,140691430,140699308
RSC1A1,1,15659713,15662033
OR4A15,11,55367974,55368918
ZNF432,19,52031378,52095738
KRTAP5-8,11,71538025,71539209
AASDHPPT,11,106075501,106098708
TEP1,14,20365667,20413501
PTAR1,9,69709522,69760011
DHX15,4,24517441,24584603
PCDHB2,5,141094606,141098703
GPR89A,1,145607982,145670980
UBQLNL,11,5514393,5518431
CLSTN2,3,139935185,140577397
DYDC2,10,80344730,80368074
RXRB,6,33193588,33200666
HACD4,9,20999509,21031640
DPH7,9,137554444,137578925
DEFB103B,8,7428888,7430348
DPM3,1,155139886,155140595
HIF1AN,10,100529072,100559998
LYPD6B,2,149037975,149215262
TRA2A,7,23504780,23532041
OR7D2,19,9178979,9188818
DRG2,17,18087892,18107979
GRAMD1C,3,113828182,113947179
GFI1B,9,132944000,132991687
SPATA31A7,9,61190036,61196280
TRH,3,129974688,129977935
AHNAK2,14,104937244,104978374
KRT27,17,40776808,40782550
DNAJC24,11,31369840,31432835
APIP,11,34853094,34916520
BGN,X,153488654,153510299
RNF19A,8,100257059,100336218
ZG16B,16,2830162,2839585
RNPC3,1,103525675,103555239
AATF,17,36948925,37056874
ZNF320,19,52860851,52897704
PLEKHH2,2,43637260,43767987
TYMSOS,18,630886,658352
FABP12,8,81524974,81590139
PSG11,19,43007656,43026474
PRAMEF15,1,13315581,13322598
HGS,17,81683326,81703138
ZBTB42,14,104799415,104804712
DEFB130B,8,12064389,12071747
KIF19,17,74326188,74355835
TRIP11,14,91965991,92040896
NT5DC3,12,103770453,103841260
LRRC49,15,70853239,71053658
KIAA1755,20,38210503,38261039
NEFL,8,24950955,24956721
ASMT,Y,1615059,1643081
TXNRD2,22,19875517,19941820
SNX16,8,81799581,81842866
CDC7,1,91500535,91527360
RNF2,1,185044865,185102603
GLUD1,10,87050202,87095049
OR1N2,9,122553112,122554214
MIXL1,1,226223618,226227060
H4C11,6,27824092,27824480
PAIP2B,2,71182738,71227109
MSRA,8,10054278,10428897
GBGT1,9,133152938,133164245
JADE2,5,134523979,134583230
FMO2,1,171185249,171212686
FRG2B,10,133623895,133626795
QRICH2,17,76274049,76308276
SLC23A2,20,4851729,5010293
TMEM275,1,46532166,46544566
DNAJB7,22,40859549,40862113
RNASET2,6,166922113,166957448
TRAPPC9,8,139727725,140458579
PFDN2,1,161100556,161118069
RALY,20,33993632,34108308
ARHGAP27,17,45393898,45434421
NR2F1,5,93583222,93594611
SLC46A2,9,112878920,112890876
GPSM1,9,136327476,136359605
SLC51A,3,196211487,196243178
PCDHB12,5,141208697,141212571
SPI1,11,47354860,47409369
MTHFR,1,11785723,11806455
SLC9A8,20,49812713,49892242
FGD2,6,37005645,37029299
STEAP1B,7,22417857,22727613
LHPP,10,124461792,124617888
LY75-CD302,2,159771851,159904710
RPRM,2,153477338,153478762
DOLK,9,128945530,128947603
STAC,3,36380321,36548045
VEZT,12,95217746,95302799
CYP2C8,10,95034359,95069498
RGS9,17,65100812,65227703
MELK,9,36572074,36682131
RHOT1,17,32142442,32253374
ALDH6A1,14,74056847,74084492
TMEM181,6,158536436,158635435
RPS6,9,19375715,19380282
GNA11,19,3094362,3123999
SERPINB1,6,2832332,2842001
ATP13A4,3,193398967,193593111
PRKAG1,12,49002274,49018807
OR51G2,11,4912588,4919350
MGAT2,14,49620799,49623481
CYP4F2,19,15877893,15900528
WDFY1,2,223855716,223945357
FBLN5,14,91869410,91948064
TANC1,2,158968581,159232668
LCN15,9,136759634,136766255
KRT5,12,52514575,52520530
ZNF558,19,8806170,8832314
RANBP9,6,13621498,13712087
TMEM98,17,32927910,32945106
HTRA3,4,8269749,8307110
GMPS,3,155870591,155944020
APLNR,11,57233577,57237250
KIAA0586,14,58427385,58551297
OVOL1,11,65786714,65797219
TAC1,7,97732053,97740472
TENT4B,16,50152911,50235310
GXYLT2,3,72888046,72998138
PCDHB4,5,141121818,141125623
NCKIPSD,3,48673841,48686364
CASD1,7,94509219,94557302
PSENEN,19,35745070,35747519
ZP3,7,76397518,76442071
KY,3,134599923,134651636
IL7,8,78675743,78805523
SYPL2,1,109466542,109482134
CAPG,2,85393587,85422017
SPATA45,1,212830141,212847649
DCTN4,5,150706840,150759095
PCDHGC4,5,141484997,141512975
HSH2D,19,16134028,16158575
OXER1,2,42762499,42764135
MAGEB10,X,27807990,27823014
COQ10B,2,197453493,197475310
CLASP1,2,121337776,121649599
F11R,1,160995211,161023123
MYOT,5,137867858,137887851
KDM3B,5,138352681,138437028
GPR152,11,67451301,67452729
ZNF33B,10,42574185,42638620
RNF214,11,117232154,117287429
RGS21,1,192316992,192367285
ANGPT1,8,107249482,107498055
ZNF280D,15,56630176,56734086
NFX1,9,33290428,33371872
PSMA8,18,26133852,26193355
CDK18,1,205504561,205532976
LRRC31,3,169837917,169870000
XRCC5,2,216107464,216206303
CEP63,3,134485699,134587789
CBS,21,43050900,43076943
KRTAP9-7,17,41275698,41276207
SCN9A,2,166195185,166376001
KRTAP21-1,21,30755015,30755428
ZC3H11B,1,219608012,219613105
WASL,7,123681938,123749003
ARL6,3,97764521,97801229
CCDC121,2,27625638,27629012
CYP2J2,1,59893308,59926822
TRAIP,3,49828595,49856597
USP9X,X,41085431,41236579
PLA2G3,22,31134765,31140508
XCL2,1,168540768,168543997
ANKRD18B,9,33524251,33608848
SLC38A11,2,164894354,164955525
ESRP1,8,94640987,94707466
HAVCR1,5,157025939,157069396
SPTY2D1,11,18606403,18634791
FUNDC1,X,44523639,44542972
TCIM,8,40153482,40155310
ZNF704,8,80628451,80874781
ZAR1,4,48490252,48494389
OR11H1,22,15528192,15529139
ADIPOQ,3,186842704,186858463
ZCCHC13,X,74304180,74305034
MYO3A,10,25934214,26212533
DYNLL2,17,58082863,58095542
MACROD2,20,13995369,16053197
AKR1C1,10,4963253,4983283
CYP4F8,19,15615218,15630639
PCDH18,4,137518918,137532494
C17orf113,17,42038232,42050601
NPDC1,9,137039459,137046695
ITGB4,17,75721190,75757821
PI4KA,22,20707691,20859417
HCCS,X,11111299,11123086
ELP3,8,28089673,28191156
OAF,11,120211032,120230334
ICOSLG,21,44215382,44241446
ERRFI1,1,8004404,8026312
RMND5A,2,86720291,86778041
LSM14B,20,62122444,62136728
GPR20,8,141356470,141367286
CDK4,12,57747722,57756013
PNO1,2,68157888,68176238
PYROXD2,10,98383565,98415210
GREB1L,18,21242229,21526112
HSPA5,9,125234853,125241382
RAD51AP1,12,4538798,4560254
MAPK3,16,30114105,30123506
METTL8,2,171315746,171434802
N4BP2L1,13,32400723,32428311
OR4A5,11,54706832,54707902
SLC22A10,11,63268022,63311874
PDZD4,X,153802166,153830930
PEBP1,12,118136071,118145584
FAM210A,18,13663347,13726663
KDM4D,11,94973709,94999519
OR4C3,11,48324920,48325955
ZWINT,10,56356736,56361392
MYO5B,18,49822789,50195164
RFXAP,13,36819222,36829104
TRAF3,14,102777326,102911500
P2RX1,17,3896592,3916500
TASOR,3,56620132,56683265
RNPEP,1,201982372,202006147
TSPAN6,X,100627108,100639991
ZBTB12,6,31899613,31902086
TEX53,9,114656304,114662374
LMOD1,1,201896456,201946551
CYP2B6,19,40991281,41018398
PGBD4,15,34102083,34108686
CHST14,15,40470984,40473158
MEIKIN,5,131806990,131945698
AKR1C2,10,4987775,5018031
PPEF2,4,75859864,75902571
MYLK2,20,31819287,31834689
DUS2,16,67987746,68079344
RECK,9,36036905,36124455
CORO2B,15,68578971,68727806
RASA3,13,113977783,114132775
TFAP2B,6,50818723,50847619
MTPAP,10,30309801,30374448
TWIST2,2,238848032,238910534
LIPI,21,14108813,14210955
SAP30L,5,154445997,154461053
C10orf71,10,49299165,49327492
SNUPN,15,75598083,75626469
PGAM4,X,77967949,77969638
AJM1,9,136842478,136848801
IGSF3,1,116574399,116667820
PHAX,5,126600925,126627252
UBXN7,3,196347659,196432430
DYNLT1,6,158636474,158644755
ARMC2,6,108848416,108974551
SLC25A29,14,100291116,100306547
NAT14,19,55485188,55487569
UNC93A,6,167269010,167316028
TNPO2,19,12699201,12724011
BHMT,5,79111807,79132289
DCUN1D4,4,51843000,51916839
TRAPPC2L,16,88856220,88862686
STK26,X,132023226,132075948
SLURP1,8,142740949,142742406
CFTR,7,117287120,117715971
SLC26A5,7,103352730,103446207
CETP,16,56961923,56983845
CD300C,17,74534362,74546133
EEF2K,16,22206272,22288738
S1PR3,9,88990863,89005155
LRRC1,6,53794497,53924125
KRTAP4-3,17,41167231,41168221
LCE3D,1,152579381,152580516
WWOX,16,78099400,79212667
COL13A1,10,69801880,69964275
ZNF521,18,25061924,25352194
PARP8,5,50665899,50846519
LDLRAD3,11,35943981,36232138
BZW1,2,200810594,200827338
ERN1,17,64039080,64130819
PRR27,4,70133616,70176799
KRTAP10-2,21,44550357,44551505
TOB2,22,41433489,41446801
TMEM61,1,54886833,54992296
SLC28A2,15,45252234,45277846
CYP20A1,2,203238952,203306026
GCDH,19,12891128,12915126
DYNLL1,12,120469804,120498495
PRR14L,22,31676256,31750207
SNX4,3,125446644,125520233
C12orf42,12,103237591,103495978
OPA3,19,45527767,45602212
CALML3,10,5524961,5526771
ABHD12B,14,50872053,50904970
NCF4,22,36860988,36878017
GMEB2,20,63587601,63628426
OR51T1,11,4881819,4882883
RGP1,9,35748613,35758600
ADAM7,8,24440930,24526970
KLHDC4,16,87696485,87765998
GP6,19,55013705,55038264
TTLL12,22,43166622,43187134
BPIFC,22,32413845,32464484
PRCC,1,156750610,156800817
HSPA1L,6,31809619,31815788
CPA4,7,130293134,130324180
UPK3A,22,45284924,45295874
PRAMEF6,1,12938472,12947580
ATR,3,142449007,142578781
P2RY6,11,73264498,73305103
TSR2,X,54440402,54448032
ARSJ,4,113900284,113979727
UBE2D4,7,43926436,43956136
TCERG1L,10,131092391,131311736
DNAI2,17,74274234,74314886
CAMK1D,10,12349547,12835545
NPPB,1,11857464,11858976
RBMY1B,Y,21511338,21525786
RUNDC1,17,42980552,42995142
ANXA2R,5,43039233,43043170
KCNJ15,21,38155549,38307357
FLG,1,152302165,152325239
P2RX2,12,132618776,132622388
SUCNR1,3,151873643,151884619
MRPL47,3,179582420,179604659
NFS1,20,35668052,35699373
BCL9L,11,118893875,118925926
ABHD18,4,127965267,128039953
ZSWIM6,5,61332258,61546172
ORAI3,16,30949068,30956461
ATP7A,X,77910690,78050395
TCP11,6,35118071,35148610
COPS6,7,100088948,100093340
PLA2G12A,4,109709989,109730070
UBC,12,124911604,124917368
MAPK15,8,143716279,143722458
XBP1,22,28794555,28800597
MTRES1,6,107028184,107051586
PIGO,9,35085493,35096632
ANKRD24,19,4182630,4224818
CREB3L1,11,46277637,46321422
PSMD6,3,64010549,64024010
MRAP,21,32291813,32314784
DDX17,22,38483438,38507660
ADAM12,10,126012381,126388477
OR4M1,14,19773504,19783696
MSX1,4,4859665,4863936
RAMP3,7,45157648,45188665
ADRB3,8,37962990,37966599
E2F6,2,11444375,11466177
PSORS1C2,6,31137534,31139066
PHF8,X,53936676,54048958
CMTM4,16,66614750,66696743
USP17L7,8,12132417,12134099
HIGD2A,5,176388751,176389761
H3Y2,5,17490967,17492076
PCK2,14,24094053,24110598
GAP43,3,115623510,115721490
DNAJA3,16,4425805,4456775
PCSK4,19,1481428,1490752
PACS1,11,66070272,66244744
NCF1,7,74773975,74789376
CEACAM7,19,41673298,41706976
PRKAA1,5,40759389,40798374
ADAM10,15,58588809,58749842
ZFP36,19,39406847,39409407
BCKDK,16,31106107,31112791
SRC,20,37344673,37406050
CTTN,11,70398404,70436584
IL17F,6,52236681,52245689
ZXDA,X,57905430,57910458
FAM151B,5,80487969,80542563
CCDC60,12,119334703,119541047
RPAP2,1,92299028,92402056
ARL4C,2,234493041,234497081
CHTF18,16,788046,800737
NXPH1,7,8433609,8752961
RNF224,9,137226908,137229640
SEC22B,1,120150898,120176520
PBX2,6,32184733,32190202
CCDC24,1,43991359,43996529
FAM174C,19,1275530,1279244
GSG1L2,17,9800608,9822079
TMEM156,4,38965999,39032922
TRAFD1,12,112125514,112153610
PPARGC1B,5,149729994,149855022
PRKD2,19,46674275,46717127
SKP2,5,36151989,36196849
SETD2,3,47016428,47164113
SEC11A,15,84669529,84716460
CD24,6,106969831,106975627
MUCL3,6,30940973,30954221
FAAH2,X,57286632,57490641
PRAMEF12,1,12773738,12777906
XKR5,8,6805013,6835526
PEX11G,19,7476869,7497449
UMPS,3,124730433,124749273
NHS,X,17375200,17735994
TMEM151A,11,66291894,66296664
H2AC1,6,25723397,25726562
OSER1,20,44195939,44210872
WDR87,19,37884823,37906677
OR1Q1,9,122614738,122615682
TMEM237,2,201620184,201643570
RTL8B,X,135020513,135022542
P2RX7,12,121132819,121188032
VASH1,14,76761468,76783015
TBX10,11,67631303,67639763
TOR1B,9,129803157,129811281
DARS2,1,173824540,173858808
FAM24A,10,122910610,122913111
RNF167,17,4939997,4945222
PRELID3B,20,59033143,59042897
CHRNA5,15,78565520,78595269
MRPL53,2,74471982,74472687
PCDHGB7,5,141417645,141512975
RNF217,6,124962437,125092633
TDRD5,1,179591613,179691272
LRRFIP1,2,237627554,237813682
LSM1,8,38163335,38176730
TNFSF13B,13,108251240,108308484
KRT26,17,40766238,40772201
TMEM87B,2,112055269,112119318
CASP10,2,201182693,201229428
SMAD9,13,36844831,36920887
C1QTNF1,17,79022729,79049788
MAPK14,6,36027738,36122511
BCAP29,7,107579957,107629170
NUB1,7,151341708,151378461
UBE2Q2,15,75843307,75901078
CAND1,12,67269358,67319953
OSBPL7,17,47807367,47821803
GNL3,3,52681156,52696160
CDK7,5,69234795,69277430
PHKA1,X,72578814,72714327
MTFR2,6,136231024,136250571
PDCD2,6,170575295,170584692
TPPP2,14,21024109,21036276
ZNF571,19,37554782,37595134
FSD1L,9,105447796,105552433
F2RL3,19,16888999,16892606
KPTN,19,47475141,47484265
TUBB6,18,12307287,12344320
TST,22,37010859,37024797
CDC42EP4,17,73283624,73312005
YY1AP1,1,155659446,155689334
NPIPB2,16,11927259,11976643
USP20,9,129834698,129881842
PPP2R5C,14,101761682,101927989
SEPTIN9,17,77280569,77500596
VSNL1,2,17539020,17657018
HBD,11,5232678,5243657
MFSD3,8,144509070,144511213
C10orf90,10,126424997,126798708
COLCA1,11,111290787,111305498
G3BP1,5,151770951,151812911
OR1C1,1,247754846,247760556
RAMP1,2,237858893,237912111
INA,10,103277138,103290351
AGL,1,99849777,99924024
DRC1,2,26401920,26456717
PTPN9,15,75463251,75579583
NPTX2,7,98617285,98629869
TCEAL4,X,103576231,103590165
CMPK1,1,47333790,47394866
FOXN4,12,109277978,109309284
ETFA,15,76188555,76311730
RBMXL2,11,7088998,7091148
PIP5K1C,19,3630181,3700487
CCDC169,13,36222008,36297840
PLA2G2C,1,20161253,20186518
SCAMP1,5,78360114,78480739
SLC35F4,14,57563920,57982194
OR10AD1,12,48202339,48203292
RPAIN,17,5419216,5432882
VPS45,1,150067279,150145329
PAK1IP1,6,10694633,10711166
IL17C,16,88638572,88640468
HIKESHI,11,86302181,86345943
B4GALT2,1,43978943,43991173
EXOSC8,13,36998816,37025881
DCDC2,6,24171755,24360249
NBPF20,1,145289900,145425603
EDF1,9,136862115,136866312
SLC52A1,17,5032600,5052009
LAMTOR3,4,99878336,99894428
OR1D5,17,3062669,3063607
ACAA2,18,49782164,49813953
KSR2,12,117453012,117968990
ASB7,15,100602547,100651703
CLVS1,8,61057158,61501645
AMER3,2,130755540,130768134
SRP54,14,34981957,35029686
ZNRF2,7,30284418,30370457
BAZ1A,14,34752028,34875647
EXOSC7,3,44975241,45036066
TFF1,21,42362282,42366535
ERICH1,8,614746,738106
OR14C36,1,248348775,248349713
STX10,19,13144058,13150383
RAB11FIP1,8,37858618,37899513
MINK1,17,4833147,4898065
NUDT7,16,77722485,77742260
TMEM88,17,7855059,7856114
EMP2,16,10528422,10580689
TRAPPC6A,19,45162928,45178265
NUP155,5,37288137,37371140
POM121L12,7,53035633,53036925
GPD2,2,156435290,156613735
PPP1R11,6,30066709,30070333
RFTN2,2,197568224,197676051
FAM83D,20,38926312,38953106
GPRIN1,5,176595802,176610177
PDIA3,15,43746394,43773279
H2AJ,12,14774405,14778002
LSM10,1,36391238,36397945
GLRX5,14,95533503,95544724
ZDHHC12,9,128720864,128724137
MVB12B,9,126326815,126507041
NDUFS3,11,47565336,47584565
XAF1,17,6755377,6775647
IAH1,2,9473658,9496543
PNPLA2,11,818914,825573
CPN2,3,194339630,194351401
C2orf78,2,73784183,73817148
DSG2,18,31497624,31551351
SPATA4,4,176184579,176195585
KLK3,19,50854915,50860764
HEY1,8,79762371,79767857
CIAO2B,16,66932065,66934423
MTCP1,X,155064034,155147937
SEL1L3,4,25747433,25863760
ALKBH4,7,102456238,102464865
C5,9,120932987,121075195
PARD3,10,34109560,34815419
ACVR1B,12,51951679,51997082
TRMT112,11,64316460,64318074
TSPAN13,7,16753745,16784536
DCAF10,9,37800554,37867666
C2orf66,2,196804417,196809355
RABGGTB,1,75786188,75795086
LHX1,17,36936784,36944612
CCDC134,22,41800321,41832172
OR52B2,11,6169355,6170326
TPRA1,3,127571232,127598318
SEMA5A,5,9035033,9546142
IQCE,7,2558972,2614733
FCAMR,1,206957965,206970625
VN1R5,1,247255972,247257210
RSPO2,8,107899316,108083790
EGLN2,19,40798996,40808444
CYB5R2,11,7665097,7677222
SHCBP1L,1,182899865,182953525
PIK3CB,3,138652336,138834957
GBA3,4,22692914,22819575
ABRAXAS1,4,83459517,83523348
TENT5D,X,80335504,80445311
SPAG5,17,28577565,28599025
POLR2C,16,57462660,57472009
DMRT2,9,1049000,1057563
DNASE1,16,3611728,3680143
SLCO1B3-SLCO1B7,12,20815674,21090245
GALNT16,14,69259277,69357033
ASB17,1,75918873,75932404
ERMN,2,157318626,157327713
ZBTB21,21,41986831,42010387
MYO1F,19,8517463,8577464
NTHL1,16,2039814,2047866
H4C14,1,149832657,149839767
VWA5B2,3,184228996,184242342
DDIT4L,4,100185870,100190782
NGF,1,115285904,115338770
IL12RB2,1,67307364,67398724
PPP3CA,4,101023409,101348278
PI3,20,45174902,45176544
ACCSL,11,44047981,44059977
CRH,8,66176376,66178464
CWH43,4,48986162,49062093
SPINK7,5,148312419,148315922
TRIM3,11,6448613,6474459
EFHC2,X,44146255,44343850
COX5B,2,97646062,97648383
HLA-DRB3,HSCHR6_MHC_APD_CTG1,3824514,3837642
GNG5,1,84498284,84507237
C10orf67,10,23202696,23344845
PRM1,16,11280841,11281330
TUBG2,17,42659223,42667007
NPNT,4,105894775,106004027
NDUFB2,7,140690777,140723923
AAMP,2,218264125,218270178
MAP3K11,11,65597755,65615382
EDEM1,3,5187646,5219958
STX5,11,62806860,62832051
TFAP2D,6,50713526,50773033
NXN,17,799310,979776
NUTM2G,9,96928310,96940253
DEFB109B,8,7312722,7320096
PDE4D,5,58969038,60522120
ITPRID2,2,181891730,181930738
GPRASP2,X,102712056,102717733
PAK5,20,9537370,9839076
PTGDS,9,136975053,136981750
POLA2,11,65261913,65305959
SERPINA3,14,94612377,94624645
ARHGAP19,10,97222173,97292673
IQUB,7,123452174,123535077
GTF2H2C,5,69558392,69595221
ZNRF1,16,74999014,75110994
MBIP,14,36298555,36320671
CYGB,17,76527356,76551175
MLIP,6,53929982,54266946
SLC9A3,5,470456,524449
UGT2B4,4,69480137,69526017
PPP1R13B,14,103733195,103847614
TGM3,20,2296001,2341079
DDX39B,6,31530218,31542451
SP9,2,174334954,174338500
KCNB1,20,49293394,49484297
CXCL9,4,76001275,76007509
PRR4,12,10845849,11171600
LRIF1,1,110946652,110963988
LHX4,1,180230188,180278984
CSTF2,X,100820369,100841523
CHAC2,2,53767804,53775196
NRG2,5,139846779,140043299
LIAS,4,39459004,39485109
VTI1A,10,112446998,112818744
CPNE3,8,86514435,86561498
SH3TC1,4,8182072,8241803
RWDD4,4,183639635,183659203
ACP2,11,47238400,47249288
PPP1R26,9,135479073,135488897
USP31,16,23061406,23149452
POLR1B,2,112541915,112579818
STX4,16,31032889,31042975
HGFAC,4,3441924,3449493
TMPO,12,98515561,98550351
PBRM1,3,52544735,52685966
HSD17B6,12,56751817,56788409
FASTKD5,20,3146519,3159865
BNIP2,15,59659146,59689350
LSM2,6,31797392,31806987
KCNJ16,17,70053429,70135608
TARBP2,12,53500921,53506431
EEPD1,7,36153075,36301557
LPAR1,9,110871773,111038863
KLHDC10,7,130070534,130135720
MLLT10,10,21524617,21743630
ARMCX1,X,101550411,101554704
TAOK2,16,29973868,29992261
ZNF660,3,44578223,44599694
ZNF646,16,31074403,31084196
KRR1,12,75490863,75511636
SPANXN4,X,143025928,143034702
DAND5,19,12965159,12974760
IGSF22,11,18704312,18726230
LCN9,9,135663309,135666961
CABP4,11,67452406,67461752
CXorf51B,X,146809771,146810411
C3orf62,3,49268596,49277232
NT5M,17,17303331,17347663
CARHSP1,16,8852942,8870941
OR2M7,1,248323630,248324568
TMEM44,3,194587673,194633689
LMNB1,5,126776623,126837232
ANKRD50,4,124664048,124712732
NOXO1,16,1978912,1984636
COPA,1,160288594,160343566
NXT2,X,109535781,109544698
SPRTN,1,231337104,231355023
FYB2,1,56718789,56819696
ANK1,8,41653220,41896741
CT62,15,71110244,71116593
CLUH,17,2689386,2712663
FAM131C,1,16057769,16073651
TPI1,12,6867119,6870948
NEB,2,151485336,151734487
REM1,20,31474979,31484917
DCTN6,8,30156319,30183639
INCA1,17,4988130,4999117
GPN2,1,26876132,26890283
ZNF713,7,55887456,55942530
CBX8,17,79792132,79801683
STOX2,4,183797692,184023526
EBAG9,8,109539711,109570072
KANSL1,17,46029916,46225389
APLP2,11,130068147,130144811
NAT8L,4,2059327,2069089
ZNF182,X,47974851,48004375
NKTR,3,42600471,42648738
MPDU1,17,7583529,7592789
ATAD5,17,30831966,30895869
PLAUR,19,43646095,43670547
GDF1,19,18868545,18896158
PSIP1,9,15464065,15511202
KERA,12,91050491,91058024
CNTLN,9,17134982,17503923
DRICH1,22,23608452,23632321
SNX6,14,34561093,34630177
BCLAF3,X,19912860,19991097
OR5K1,3,98463201,98472924
RPA3,7,7634843,7718607
YPEL5,2,30146771,30160538
SHMT2,12,57226554,57234935
LAG3,12,6772360,6778455
SOCS2,12,93569808,93583487
EXTL2,1,100872372,100896000
ATXN2L,16,28822999,28837237
ZNF784,19,55620741,55624566
PTGIS,20,49503874,49568157
OR5H14,3,98147479,98156614
GIMAP6,7,150625375,150632648
TNIP2,4,2741648,2756367
OR2T12,1,248290139,248303424
KRTAP19-4,21,30496824,30497165
CNNM3,2,96816245,96835382
SPNS3,17,4433940,4488208
RSPH10B2,7,6754101,6799365
BCAN,1,156641390,156659532
CNTRL,9,121074660,121177729
DDX3X,X,41333348,41364472
MTF2,1,93079235,93139079
C19orf18,19,57958437,57974534
GLRA2,X,14529298,14731812
CLEC16A,16,10944539,11182186
VPS72,1,151176304,151195321
GTPBP2,6,43605316,43629264
TFDP1,13,113584525,113641509
SLC35A4,5,140564819,140569100
ACSF3,16,89088375,89164121
RNF113A,X,119870475,119871733
IRF6,1,209785254,209806217
GNPDA1,5,141991749,142013057
CCNJL,5,160249083,160345396
SLC23A3,2,219161465,219170095
TMEM117,12,43835967,44389762
RBP7,1,9997054,10016021
HLA-DRA,6,32439872,32445047
DENND6A,3,57625454,57693127
MARS2,2,197705369,197708395
MRPL9,1,151759647,151763496
UTY,Y,13234577,13480673
KCMF1,2,84970644,85059472
RAB23,6,57186992,57222848
TYW3,1,74733152,74767555
DUSP14,17,37488397,37513517
IL12A,3,159988835,159996019
MBP,18,76978827,77133683
UBE2A,X,119474802,119591083
EGFLAM,5,38258409,38465480
CCDC188,22,20148416,20151055
HNRNPDL,4,82422565,82430471
LGI4,19,35124510,35142451
H2AC15,6,27835508,27838375
MGAT5,2,134119933,134454621
PGM3,6,83147324,83194005
OR4X2,11,48245104,48246015
LRRC19,9,26993136,27005709
SHBG,17,7613946,7633469
AK6,5,69350984,69370013
SRRD,22,26483877,26494658
R3HCC1,8,23270120,23296279
LAYN,11,111540280,111561745
KRTAP5-9,11,71548420,71549608
NICN1,3,49422333,49429326
RSPH4A,6,116616479,116632985
SLC2A5,1,9035106,9088478
TSPAN31,12,57738013,57750219
ZNF283,19,43827321,43852017
OR13C9,9,104617248,104618204
KIF5A,12,57546026,57586633
TMEM109,11,60912521,60923443
DEFB118,20,31368601,31373923
RIMS4,20,44751808,44810546
RNASE2,14,20955487,20956436
ZYG11B,1,52726447,52827336
CLIP4,2,29095545,29199777
AKAP10,17,19904302,19978343
OPCML,11,132414977,133532501
CCT8L2,22,16590751,16592810
CFAP298,21,32592079,32612845
MRPL20,1,1401908,1407306
KLF6,10,3775996,3785281
CCL23,17,36013056,36017972
KCTD16,5,144170873,144485686
PLEKHM2,1,15681461,15734769
FRMD5,15,43870761,44195271
USP27X,X,49879484,49882558
CD19,16,28931965,28939342
SUMF2,7,56064002,56080670
PIRT,17,10822470,10838087
MYOM1,18,3066693,3220126
ERCC3,2,127257285,127294188
RIT1,1,155897808,155911408
ZNF142,2,218633329,218659655
ZNF622,5,16451518,16465811
ABCC9,12,21797389,21942543
SLC25A5,X,119468395,119471396
LVRN,5,115962454,116027619
SNX20,16,50666300,50681743
MGRN1,16,4616493,4690977
CFAP100,3,126394656,126436556
GPR18,13,99254732,99261744
ADCYAP1,18,904871,912172
SEH1L,18,12947133,12987667
ESYT3,3,138434586,138481686
BUB3,10,123154395,123170467
EIF2D,1,206571292,206612514
KIR2DS4,19,54832676,54848569
SENP6,6,75601509,75718281
HTN1,4,70050438,70058848
PPP2R3C,14,35085467,35122532
XYLB,3,38346760,38421348
SPTLC1,9,92000087,92115433
LINC02801,1,87186535,87295477
INVS,9,100098699,100306072
MSH2,2,47403067,47663146
GALNT7,4,173168811,173323967
GATC,12,120446444,120463749
CAPN10,2,240586383,240617705
TREM1,6,41267100,41286682
LRR1,14,49598761,49614672
STT3A,11,125591712,125625215
DPH3,3,16257061,16264982
ZNF878,19,12040992,12052972
CFAP126,1,161364733,161367885
KCTD13,16,29905012,29926236
SRF,6,43171269,43181506
SPRR4,1,152970648,152972574
CRCP,7,66114604,66154568
ORC5,7,104126341,104208047
CLPSL2,6,35776535,35779557
CATSPERG,19,38335775,38370943
SVEP1,9,110365248,110579880
FANCI,15,89243854,89318091
SEPTIN14,7,55793540,55862755
FOXD4L3,9,68302867,68305084
ANP32E,1,150218417,150236202
GNPDA2,4,44682200,44726588
PLAT,8,42174718,42207709
DLX1,2,172084740,172089677
B4GALT7,5,177600114,177611056
VCAN,5,83471618,83582303
IL36RN,2,113058638,113065382
TMEM186,16,8780384,8797763
RPP25,15,74954418,74956772
RNF13,3,149809445,149962153
FOXI1,5,170105897,170109734
DHX40,17,59565558,59610481
GMNC,3,190852737,190892429
CSNK1E,22,38290691,38320044
TOGARAM2,2,28956506,29052236
ATP6V0B,1,43974487,43978295
NXNL2,9,88534033,88584274
PCDHA9,5,140847772,141012347
XPOT,12,64404168,64451129
AMY2A,1,103617427,103625780
MYC,8,127735434,127742951
SCUBE1,22,43197280,43343375
FAM131B,7,143353400,143362815
NCAM1,11,112961275,113278436
SYTL4,X,100671783,100732151
VWA3B,2,98087116,98313299
FAM89A,1,231018958,231040254
FSBP,8,94378377,94436952
BCL2L13,22,17628848,17730855
DUSP19,2,183078559,183100008
NUP188,9,128947683,129007835
RNF185,22,31160158,31207019
SOX14,3,137764315,137766334
HSFX1,X,149774068,149776867
RTKN2,10,62183035,62268844
MRPL24,1,156737294,156741590
TMEM134,11,67461710,67469288
CAPN9,1,230747348,230804397
IFNA5,9,21304326,21305313
TOMM6,6,41787652,41790064
NAB1,2,190646746,190692769
UBR4,1,19074510,19210266
C1orf162,1,111473792,111478512
TUBB2B,6,3223324,3231730
SHROOM2,X,9786429,9949443
SLC7A2,8,17496975,17570573
ARTN,1,43933320,43937244
DIO2,14,80197526,80387757
C1QC,1,22642558,22648110
BEX3,X,103376299,103378301
RRM2B,8,102204502,102239382
SLC1A1,9,4490225,4587469
GJA4,1,34792997,34795756
RBMY1D,Y,21880076,21894526
SERPIND1,22,20774112,20787721
BSPH1,19,47968046,47992170
POTED,21,13609777,13645823
FKBP7,2,178463664,178478600
GSTT4,22,23998401,24005453
DUS4L,7,107563484,107579483
TUSC2,3,50320027,50328251
PARK7,1,7954264,7985505
SEMA4G,10,100969498,100985871
MRPL38,17,75898643,75905093
LRRC7,1,69567922,70151945
OR8S1,12,48525632,48526570
SYT13,11,45240302,45286341
IL17B,5,149371324,149404202
PDCD6,5,271621,314974
DDIAS,11,82899975,82958277
TMEM238,19,55379244,55384292
SLC15A1,13,98683801,98752836
PCNP,3,101574180,101594465
ZNF497,19,58354357,58362848
GRIP1,12,66347431,67069162
PDIA4,7,149003046,149028662
CYB5R1,1,202961118,202967277
P2RY8,Y,1462572,1537187
RPL7A,9,133348194,133351435
KCNH3,12,49539028,49558337
GTF2H2C_2,HSCHR5_2_CTG1_1,965310,997934
PLEKHA7,11,16777297,17014420
TMEM219,16,29940885,29973052
GPR31,6,167155247,167157980
POMC,2,25160853,25168903
CHCHD10,22,23765834,23767982
SMIM8,6,87322580,87399749
ADO,10,62804720,62808479
OR1E2,17,3432870,3433841
ALAS2,X,55009055,55030986
PNKP,19,49859882,49878351
SEPSECS,4,25120014,25160550
TMEM11,17,21197954,21214595
ACTR3,2,113889600,113962596
ZNF239,10,43554516,43574623
CALCRL,2,187341946,187448506
MPG,16,77007,85851
ULBP1,6,149963943,149973715
SIK1,21,43414483,43427131
MAGOH,1,53226890,53238621
FUOM,10,133353952,133358039
ACTR10,14,58200080,58235636
TMEM174,5,73173193,73175143
COL2A1,12,47972967,48004689
HOXA10,7,27170605,27180261
CTAG1B,X,154617609,154619282
KLF12,13,73686089,74134922
FANCM,14,45135909,45200890
EXD2,14,69191498,69244020
MAPK9,5,180233143,180292099
SIRT1,10,67884656,67918390
PMM1,22,41576896,41595275
CNFN,19,42387019,42390297
GMCL2,5,178184505,178187371
TTC3,21,37073226,37203112
MASP2,1,11022009,11047241
GEMIN8,X,13998099,14029928
MIPOL1,14,37197891,37579125
LSM6,4,146175685,146204436
GK,X,30653359,30731462
GABRA6,5,161547063,161702593
CCDC74B,2,130139287,130145134
CPNE9,3,9703691,9729908
FBLIM1,1,15756604,15786594
CTRC,1,15438442,15449242
SPATA33,16,89657740,89671272
CEP350,1,179954674,180114880
MSS51,10,73423579,73433561
BPIFB2,20,33007704,33023709
TMEM95,17,7355123,7357219
ACSL4,X,109624244,109733403
MEP1B,18,32185069,32220404
ADHFE1,8,66432467,66468907
SARDH,9,133663528,133739976
TTC5,14,20256558,20305963
LGALS3BP,17,78971238,78979962
FERMT1,20,6070288,6123644
CCL16,17,35976194,35981537
DUSP3,17,43766121,43779000
G2E3,14,30559148,30620064
DLX3,17,49990005,49995224
MAP3K6,1,27355180,27366972
MALSU1,7,23298739,23311729
TGS1,8,55773432,55826445
COL9A3,20,62816244,62841163
POLR3A,10,77953148,78029549
GRINA,8,143990053,143993427
NPHP1,2,110122311,110205066
PLEKHG6,12,6310225,6328934
MFSD14B,9,94374403,94461042
SRSF7,2,38743599,38751494
IQSEC1,3,12897043,13283281
GTF3C2,2,27324198,27357187
GDF15,19,18374731,18389176
RAB26,16,2140803,2154165
CDK15,2,201790461,201895550
MFSD1,3,158732198,158829719
PSG7,19,42924132,42937207
SLC43A2,17,1569268,1630103
GDPD4,11,77216558,77301687
CYP27A1,2,218781738,218815293
PHYHIPL,10,59176643,59247774
ZNF44,19,12224686,12294883
MRPL23,11,1947278,1986375
CD84,1,160541095,160579516
QPCTL,19,45692403,45703989
EVC,4,5711201,5814305
MTFR1,8,65644684,65771261
FCN2,9,134880714,134890508
CTNNA2,2,79185231,80648861
EIF4E3,3,71675414,71754773
GTSF1L,20,43726164,43727002
ATAD1,10,87751512,87842355
CFHR5,1,196975010,197009678
AKT1S1,19,49869033,49879470
TXNDC2,18,9885766,9889275
SKAP1,17,48133437,48430275
ACRV1,11,125671522,125680874
PLSCR5,3,146576555,146605346
CADM3,1,159171609,159203313
TSPO2,6,41042467,41044337
CCDC18,1,93179895,93279048
DPY19L2,12,63558913,63668939
SRRT,7,100875065,100888664
SRRM4,12,118981541,119163051
RNF138,18,32091871,32131561
PPIL2,22,21666000,21700015
DNAJB14,4,99896248,99946653
GSK3B,3,119821321,120094994
ZRANB2,1,71063251,71081289
RPL26,17,8377503,8384062
NSMCE4A,10,121953334,121975257
LINC02767,1,207909992,207986863
HCAR2,12,122701293,122703357
LTB,6,31580525,31582522
SERF1B,5,70025251,70043113
TMEM81,1,205083129,205084460
SCNN1G,16,23182677,23216883
ADGRB1,8,142449430,142545009
ODF1,8,102551589,102561018
DDX39A,19,14408798,14419383
GJC3,7,99923266,99929620
TVP23A,16,10760919,10818794
ZNF556,19,2867335,2883445
CERS3,15,100400395,100544995
ZBED2,3,111592900,111595346
AQP5,12,49961811,49965682
SLFNL1,1,41015589,41024551
IDO2,8,39934614,40016392
ZNF607,19,37696363,37719775
RC3H2,9,122844556,122905513
RPL3,22,39312870,39320389
METTL6,3,15381061,15440566
SFTPC,8,22156913,22164479
ZFAND2B,2,219195237,219209651
SIGLEC9,19,51124906,51140470
ALDH7A1,5,126531200,126595362
LGALS9,17,27629798,27649561
TM9SF2,13,99446311,99564048
ZC3H15,2,186486222,186511929
RCE1,11,66842835,66846552
TBC1D3F,17,36428612,36439566
TEX35,1,178513109,178548602
GALNT2,1,230057990,230282128
GALNT15,3,16174573,16231992
CHD7,8,60678740,60868028
TMEM30A,6,75252924,75284948
UPK3B,7,76510525,76516522
HEY2,6,125747664,125761269
PRDX6,1,173476814,173489064
ULK2,17,19770829,19867937
UBA52,19,18571730,18577550
SPDYE16,7,76531313,76543297
BPIFB1,20,33273480,33310380
FAM178B,2,96875882,96986580
PRSS8,16,31131433,31135727
PPIL4,6,149504495,149546092
CASP12,11,104885718,104898670
HMX2,10,123148136,123150672
PPP1R15A,19,48872212,48876291
AMY2B,1,103553815,103579534
STEAP3,2,119222447,119265652
FOXR1,11,118971712,118981287
OR5T2,11,56231282,56234255
NINL,20,25451594,25585586
PKP4,2,158456900,158682879
GLIPR2,9,36136536,36163913
EIF2A,3,150546678,150586016
GCH1,14,54842008,54903280
MMP12,11,102862736,102874982
FGA,4,154583126,154590745
BARD1,2,214725646,214809707
CTDSPL2,15,44427599,44529038
WDR5B,3,122411846,122416464
DDX21,10,68956135,68985072
CCDC158,4,76312997,76421868
LYPLA1,8,54046367,54102017
EP300,22,41091816,41180077
CDC42SE2,5,131245493,131398447
PSMA2,7,42916828,42932223
C10orf53,10,49679651,49710261
KIF2B,17,53822927,53825193
SPAG11A,8,7847876,7868867
LGALS7B,19,38789200,38791754
WRAP53,17,7686071,7703505
KCNIP4,4,20728606,21948772
KCNG1,20,51003655,51023244
ACMSD,2,134838312,134902906
PSMD14,2,161308414,161411720
MUC5B,11,1223066,1262172
MKKS,20,10401009,10434222
UBE2C,20,45812576,45816957
ZC3H12C,11,110093392,110171841
SERAC1,6,158109515,158168295
PCNX3,11,65615754,65637441
NAP1L4,11,2944429,2992386
GPR4,19,45589764,45602556
ZNF276,16,89720400,89740925
WDR43,2,28894638,28948223
GAL3ST3,11,66040748,66049502
TUBB1,20,59019429,59026654
SERPINF2,17,1742069,1755271
AFAP1,4,7758713,7939926
CEACAM1,19,42507304,42561234
FARP1,13,98142165,98455176
SCGB1D4,11,62296281,62299075
ANKFN1,17,55882301,56517016
IGSF1,X,131273506,131578899
ZDHHC24,11,66520625,66546235
LPAR4,X,78747680,78758724
CXCR4,2,136114349,136119177
FCHSD2,11,72836742,73142346
FGF3,11,69809968,69819416
RHBDL2,1,38885807,38941830
DLL1,6,170282202,170306565
CD70,19,6583183,6604103
LACTBL1,1,22953043,22972866
CDNF,10,14818270,14838575
MTX2,2,176269395,176338025
MYNN,3,169773377,169789716
GPR176,15,39799008,39920936
FILIP1,6,75291859,75493800
MBD4,3,129430947,129440543
SELENOI,2,26308547,26395885
PRKACG,9,69012504,69014113
KRTAP16-1,17,41307700,41309309
ESR2,14,64084232,64338112
SARM1,17,28364356,28404049
HADHA,2,26190635,26245044
RCAN3,1,24502340,24541040
SLC8A2,19,47428017,47471918
PSMF1,20,1113240,1189415
ZNF837,19,58367614,58381054
RTTN,18,70003031,70206028
PIGV,1,26787054,26800659
NDUFS8,11,68030617,68036647
MRPS24,7,43866557,43869893
NUDT2,9,34329506,34343713
CBLN1,16,49277917,49281838
MRPS26,20,3046041,3048254
EDN3,20,59300415,59325992
DONSON,21,33559542,33589015
CIITA,16,10866222,10943021
SOAT2,12,53103461,53124538
TMEM265,16,30740642,30745196
HAO2,1,119368727,119394258
RPS16,19,39433136,39436131
MYOF,10,93306429,93482334
LSAMP,3,115802374,117997592
EPHA6,3,96814581,97761532
UBE4B,1,10032832,10181244
FAM135B,8,138130023,138497261
NCR2,6,41335608,41350889
PRUNE2,9,76611376,76906591
RILPL1,12,123470054,123534103
C1QL1,17,44959693,44968303
C12orf54,12,48482498,48496524
PARVB,22,43999211,44172939
MC1R,16,89912119,89920977
ATP9B,18,79069272,79378391
COIL,17,56938199,56961050
FAM76B,11,95768953,95790409
MANBAL,20,37289559,37317260
HDGFL3,15,83112738,83208424
GNG7,19,2511214,2702724
STOML1,15,73978926,73994622
SASH3,X,129779949,129795201
MTMR9,8,11284523,11328146
DBF4,7,87876216,87909553
PGGHG,11,289095,296107
CFAP44,3,113286930,113441610
BBIP1,10,110898730,110919201
WDR54,2,74421477,74425770
TRMT10C,3,101561868,101566446
OR1S1,11,58212720,58216084
ASCC1,10,72096018,72217653
PHKG2,16,30748293,30761176
NRM,6,30688047,30691420
SLK,10,103966916,104029242
SLC18A3,10,49610310,49612720
RAP1GDS1,4,98261243,98443864
SLC29A1,6,44219245,44236432
MYOD1,11,17719571,17722136
CNEP1R1,16,50024410,50037088
IFT52,20,43590925,43647299
CWC25,17,38800441,38825646
CLCF1,11,67364168,67374177
AKR1E2,10,4786629,4848062
UQCRFS1,19,29205320,29213151
PPP1CB,2,28751562,28802940
GDPD3,16,30104810,30113537
FRG2,4,190024367,190027257
CIAO2A,15,64072114,64094262
LSMEM2,3,50279030,50288116
KRT37,17,41420547,41424585
OR5K3,3,98390666,98391631
IER3IP1,18,47152834,47176381
KCNA6,12,4809334,4813318
MPP1,X,154778684,154821039
KRTAP9-9,17,41255384,41256364
PPP3CC,8,22440819,22541145
TNFRSF13C,22,41922032,41926806
IL17RD,3,57089982,57170306
NPIPB15,16,74376306,74392115
PSAPL1,4,7430285,7434930
ADH1A,4,99276365,99291552
NOS1AP,1,162069691,162370475
DNAJC28,21,33486096,33491749
HNRNPAB,5,178204479,178211183
CLEC2D,12,9664969,9699553
APPBP2,17,60443158,60526242
KRT72,12,52585589,52601538
DIRAS1,19,2714566,2721438
SPTBN5,15,41848146,41894053
CYP26A1,10,93073475,93077885
ST3GAL4,11,126354677,126440344
REEP6,19,1491034,1497927
ZFY,Y,2935281,2982512
CCNG1,5,163437569,163448199
QRFPR,4,121328595,121381059
RALGAPA1,14,35538352,35809304
GGH,8,63014881,63039407
BEND4,4,42110853,42152878
TMPRSS11E,4,68447463,68497604
MINDY4,7,30771417,30892387
SHCBP1,16,46578591,46621379
ABHD13,13,108218167,108234243
CCDC85B,11,65890673,65891635
NOP16,5,176383933,176388927
SLC45A2,5,33944623,33984693
KRTAP1-1,17,41040541,41041450
SLC22A5,5,132369710,132395614
ADIPOR1,1,202940090,202958572
ZNF879,5,179023804,179035064
PLA2G2A,1,19975431,19980462
LRRC70,5,62578819,62581446
SLC12A1,15,48178438,48304078
GCSAM,3,112120839,112133270
MTIF2,2,55236230,55270263
TMEM176B,7,150790382,150803404
SLC35G6,17,7481446,7483496
NOVA1,14,26443090,26598033
KCNE4,2,223052190,223198399
PTPRH,19,55181230,55209508
NDUFA12,12,94895297,95003748
CSPG5,3,47562238,47580792
FAM47E,4,76214040,76284294
VAC14,16,70687439,70801173
AGAP6,10,49982190,50011654
XIRP2,2,166888480,167259753
GPR155,2,174431571,174487150
SPINK2,4,56809860,56821742
UBR3,2,169827442,170084131
GTF2A2,15,59638058,59657541
CCT7,2,73233420,73253021
CD8B,2,86815339,86861934
MAPK1IP1L,14,55051647,55070194
DESI2,1,244653091,244709033
TRARG1,17,1279662,1300978
TMEM129,4,1715951,1721358
SYT7,11,61513714,61581167
FSHB,11,30231014,30235261
QDPR,4,17460261,17512206
CYP1B1,2,38066973,38109902
PZP,12,9148840,9208399
ARPIN,15,89895006,89912952
ITGB2,21,44885948,44932079
TMEM229A,7,124030921,124033067
SFRP2,4,153780591,153789083
SLC25A17,22,40769630,40819401
KDM4B,19,4969107,5153611
NPFFR2,4,72031902,72148311
LRRC24,8,144522388,144527033
FAM72C,1,143955287,143971986
UBN1,16,4846665,4882401
SLCO1C1,12,20695332,20753386
GNG11,7,93921735,93928610
RNASE9,14,20556093,20561047
OR6T1,11,123942867,123943838
SMAD2,18,47808957,47931569
CPZ,4,8592660,8619761
DIO1,1,53891239,53911086
MMP23B,1,1631665,1635263
SLC39A6,18,36108531,36129385
FABP7,6,122779716,122784074
EGLN3,14,33924227,34462774
MFSD10,4,2930559,2935462
DCAF12L2,X,126163499,126166289
RASGRF1,15,78959906,79090780
C17orf107,17,4899418,4902934
ADCY1,7,45574140,45723116
KMO,1,241532134,241595642
CDHR2,5,176542511,176596284
TRIM28,19,58543740,58550773
ZNF41,X,47444693,47483247
CCDC6,10,59788747,59907029
CDRT4,17,15436015,15475733
CMBL,5,10275875,10307974
C4orf51,4,145680146,145771032
FAN1,15,30890559,30946209
SPARC,5,151661096,151687352
OR5L1,11,55811367,55812476
FZD2,17,44557484,44561262
SCUBE2,11,9019476,9138114
CPSF3,2,9423631,9473110
YIPF4,2,32277868,32316594
CNP,17,41966763,41977740
PRELID3A,18,12407896,12432238
SLC27A3,1,153774354,153780158
TBCC,6,42744498,42746103
HMGN1,21,39342315,39349653
CDCP2,1,54132687,54153770
XPNPEP3,22,40857077,40932815
APBA3,19,3750772,3761700
WFDC11,20,45648563,45670270
RPL36,19,5674947,5691881
AKAP1,17,57085092,57121349
POU3F1,1,38043829,38046793
ERAL1,17,28855009,28861067
ZNF513,2,27377235,27380790
ATP1B4,X,120362085,120383249
GHRH,20,37251086,37261819
EXOSC3,9,37759234,37832117
TGFB1I1,16,31471585,31478727
NPBWR1,8,52939182,52943734
CYP27C1,2,127183832,127220385
CACNA1C,12,1970772,2697950
HCAR1,12,122726076,122730844
EMC1,1,19215660,19251552
SOWAHB,4,76894152,76898144
CHKA,11,68052859,68121444
MPPE1,18,11882622,11909180
NUDT11,X,51490011,51496592
CEACAM21,19,41549518,41586844
UPRT,X,75156388,75304885
LYPD3,19,43460787,43465608
CASR,3,122183668,122291629
PTEN,10,87862638,87971930
GDAP2,1,117863485,117929662
ABCG4,11,119149052,119162653
SCAMP4,19,1905214,1926013
DOCK5,8,25184689,25418082
RPS15,19,1438354,1440497
CKM,19,45306411,45323372
TMCO5A,15,37921858,37967724
PPP2R2C,4,6320578,6563600
MMP15,16,58025606,58046901
GAS6,13,113820468,113864123
SYNJ2BP,14,70366499,70417097
GBP5,1,89256189,89272890
PIK3R5,17,8878911,8965726
TNNI3,19,55151767,55157773
PRRX2,9,129665630,129722674
ZNF93,19,19900913,19963464
UBD,6,29555515,29559732
GAS1,9,86944362,86947506
CNKSR3,6,154387515,154510685
CCPG1,15,55340032,55408510
ATN1,12,6924463,6942322
ZNF598,16,1997654,2009821
HSPA12A,10,116671192,116850251
GTPBP6,Y,303346,318846
MAP4K1,19,38587641,38619161
USP22,17,20999596,21043760
DTX3L,3,122564338,122575203
RARS1,5,168486447,168519306
AZIN1,8,102826111,102893864
PAFAH1B2,11,117144284,117176894
KCNJ9,1,160081501,160090563
TTK,6,80003887,80043580
PGP,16,2211593,2214840
PPA2,4,105369077,105474113
NSMAF,8,58583504,58659959
MITD1,2,99161427,99181058
DDTL,22,23966888,23972558
PSEN1,14,73136418,73223691
DDX28,16,68020916,68023232
PAX1,20,21705659,21718481
CHCHD1,10,73782047,73783652
RAB3A,19,18196752,18204042
SEC62,3,169966635,169998373
PRAME,22,22547701,22559361
MZF1,19,58561915,58573597
SLC9A1,1,27098809,27166981
TMEM150C,4,82483170,82562357
NLRP10,11,7957537,7965447
POLE3,9,113407232,113410723
CSNK1G1,15,64165525,64356554
LGALS12,11,63506052,63519767
CPT1B,22,50568856,50578681
CDH19,18,66501083,66604438
ACAD10,12,111686037,111757125
SHPK,17,3608240,3636250
ATG13,11,46617251,46674818
MSI1,12,120341329,120369437
GINS1,20,25391008,25452700
GGT6,17,4556927,4560818
JMY,5,79236128,79327215
PDGFRL,8,17576433,17644071
FANCD2,3,10026370,10101937
PHC2,1,33323623,33431095
TIMM29,19,10928811,10933535
VAPA,18,9913916,9960021
CTXN3,5,127649082,127658630
RYR1,19,38433691,38595273
LMTK3,19,48485271,48513935
SAA1,11,18266260,18269977
ITM2A,X,79360384,79367697
CDH8,16,61647242,62037035
CCDC85C,14,99500190,99604207
MAGI3,1,113390501,113685923
OR10J4,1,159432204,159433138
AUH,9,91213815,91361961
TSTD3,6,99520976,99589899
MXRA5,X,3308565,3346652
JPT1,17,75135248,75168281
KRT7,12,52232520,52252186
RRP7A,22,42507982,42519853
PDAP1,7,99392048,99408665
TXNDC16,14,52429472,52553563
PHF7,3,52410507,52427966
EIF4A3,17,80134369,80147151
UBA6,4,67612652,67701199
SCG3,15,51681492,51721026
ABCA3,16,2275878,2340749
TARM1,19,54069895,54081365
TMEM39A,3,119428949,119468854
FOXM1,12,2857676,2877174
C2orf68,2,85605254,85612066
CCDC144A,17,16689537,16777974
UBQLN3,11,5507300,5509958
FBXW12,3,48372219,48401259
RAB3C,5,58582221,58859394
JSRP1,19,2252074,2269759
SERINC2,1,31409565,31434680
TRIM55,8,66126896,66175489
MRPS22,3,139005806,139360497
FBXO41,2,73254682,73284478
SLC27A2,15,50182196,50236445
CUL4A,13,113208193,113267108
FAM184A,6,118959763,119149387
CTSB,8,11842524,11869533
PPP1R2C,X,42777366,42778163
MROH9,1,170935429,171064765
TMEM141,9,136791303,136793317
FCAR,19,54874235,54891420
ORC1,1,52372010,52404471
PSMD4,1,151254709,151267479
GAL3ST2,2,241776822,241804287
DIAPH3,13,59665583,60163928
MAP3K5,6,136557034,136793097
SLX1B,16,29454533,29458223
WDTC1,1,27233776,27308711
CRISP3,6,49727376,49744437
WSCD2,12,108129288,108250537
NLRC4,2,32224453,32265770
UNC13C,15,53978201,54628707
RAD51C,17,58692573,58735611
ZBED4,22,49853827,49897383
JMJD8,16,681666,684528
AP1S1,7,101154352,101161596
CDKN2D,19,10566460,10569059
ZMYM1,1,35032172,35118818
HSPBAP1,3,122739981,122793831
TESK1,9,35605262,35610041
EMILIN2,18,2846930,2916003
SULT2B1,19,48552172,48599425
FAM3A,X,154506159,154516882
ARHGAP28,18,6729680,6915716
SOWAHA,5,132813302,132816786
WDR20,14,102139503,102224847
TEX38,1,46668855,46673594
TMPRSS5,11,113687543,113706382
TMEM213,7,138797952,138838101
ARCN1,11,118572390,118603033
ODAPH,4,75556048,75565871
DMRT1,9,841690,969090
SKIDA1,10,21513475,21526368
ANXA4,2,69643808,69827121
TOX,8,58805412,59119279
EBF4,20,2692780,2760108
CCL8,17,34319435,34321402
GBP7,1,89131742,89176062
PINK1,1,20633458,20651511
BLMH,17,30248200,30292152
KDELR2,7,6445953,6484193
FBXW10,17,18744026,18779349
ASTN2,9,116423112,117415070
ANGPTL5,11,101890674,101916522
MRPS14,1,175010789,175023432
GPR34,X,41688973,41698371
BNIP1,5,173144442,173164397
SRGAP2C,1,121184811,121392874
OR14A2,1,247722957,247748141
CDKN2AIPNL,5,134402065,134411881
TNFAIP8,5,119268692,119399688
INO80E,16,29995715,30005793
NYAP1,7,100483605,100494802
ANO6,12,45215987,45482280
PGM1,1,63593241,63660245
FARP2,2,241356264,241494847
RBM20,10,110643948,110839471
SERPINB9,6,2887169,2903309
ARMC10,7,103074625,103102902
SMTNL2,17,4583999,4608319
SLC3A1,2,44275458,44321494
GAB4,22,16961936,17008222
AMZ1,7,2679276,2775500
EEF1AKMT2,10,124748149,124791887
ZNF311,6,28994040,29005648
TRIM6,11,5596109,5612958
AICDA,12,8602155,8613242
EXOC6B,2,72175984,72826051
SNIP1,1,37534449,37554293
SSH1,12,108778191,108857613
PKP1,1,201283452,201332993
NT5DC1,6,116100837,116249497
NF2,22,29603546,29698598
TCEAL9,X,103356461,103358472
MIS18BP1,14,45203190,45253542
MAFK,7,1530702,1543049
OCIAD1,4,48805141,48862342
EIF5A2,3,170888418,170908644
NEMF,14,49782083,49852822
SRA1,5,140537340,140557677
ADSS1,14,104724174,104747325
KHK,2,27086723,27100777
TBC1D8B,X,106802673,106876150
TMEM14C,6,10722915,10731132
POTEI,2,130459455,130509707
HBM,16,153892,166764
D2HGDH,2,241734596,241768816
CD8A,2,86784610,86808396
SMG1,16,18804860,18926412
SMIM10L2B,X,135094985,135098712
YTHDC1,4,68310387,68350098
VXN,8,66492326,66518524
CTHRC1,8,103371538,103382990
MYL1,2,210290150,210315174
GKAP1,9,83739423,83829516
SLC7A13,8,86214063,86321146
PCDH7,4,30720369,31146805
PRAP1,10,133347196,133354013
MRPS15,1,36455718,36464418
VPS13C,15,61852389,62060473
CD1E,1,158353696,158357553
OR5H2,3,98282505,98284070
KRTAP19-1,21,30479706,30480367
MED27,9,131852928,132079875
DTNA,18,34493291,34891844
TMEM59,1,54026681,54053504
SYAP1,X,16719545,16765340
PPP4C,16,30075967,30085385
POLR2F,22,37952607,38041915
HPSE,4,83292461,83335153
PAQR8,6,52361421,52407777
PAPPA,9,116153791,116402321
PIBF1,13,72781641,73017823
CABP1,12,120640590,120667327
EWSR1,22,29268009,29300530
UBASH3A,21,42403447,42447684
ENOX1,13,43213004,43787328
OPHN1,X,67949349,68434120
CYP2C19,10,94762662,94856282
NOSIP,19,49555468,49592927
TMEM225,11,123882920,123885670
GEMIN6,2,38751534,38785002
C1orf216,1,35713875,35718894
IGLON5,19,51311644,51330891
TNFSF9,19,6531026,6535924
USP19,3,49108046,49120938
SLC9C1,3,112140898,112294227
RFXANK,19,19191957,19202844
SS18L1,20,62143769,62182514
SMIM38,11,69155478,69162440
NRXN1,2,49918503,51225575
EIF4E1B,5,176630582,176646644
ANXA11,10,80150889,80205583
SYT17,16,19167971,19268332
EIF3B,7,2354086,2380747
SIM2,21,36699115,36749917
COQ4,9,128322515,128334072
ATF1,12,50763710,50821162
MMP13,11,102942995,102955732
ZNF418,19,57921882,57935402
KIF5B,10,32009014,32056454
PTPN12,7,77537295,77640072
RPP21,6,30345125,30346884
MED12L,3,151085286,151437072
CYB561D1,1,109494052,109502932
THUMPD2,2,39736060,39779276
PARVG,22,44172956,44219533
DTNB,2,25377028,25673717
CATSPER2,15,43628503,43668118
GSC,14,94768223,94770113
HP1BP3,1,20739095,20787323
ESD,13,46770748,46799772
SELENOO,22,50201011,50217616
PSKH1,16,67893254,67929676
SNAI2,8,48917598,48921740
C11orf40,11,4571423,4577820
CCDC93,2,117915478,118014192
HAX1,1,154269393,154275882
CRHR2,7,30651444,30700129
IZUMO1,19,48740852,48746909
SOBP,6,107490073,107661306
KRTAP9-3,17,41232449,41233454
POM121C,7,75416784,75486358
TFB1M,6,155256134,155314493
RTP4,3,187368385,187372076
FIG4,6,109690609,109878098
VWA3A,16,22092528,22156964
PTMS,12,6765516,6770952
RAB6C,2,129979666,129982738
RAET1G,6,149916878,149923121
MYLK3,16,46702282,46790407
PJA1,X,69160721,69165521
PTPN21,14,88465778,88555013
TIGD5,8,143597831,143603224
UBAP2,9,33921691,34049420
LRCH2,X,115110616,115234096
LRRK1,15,100919327,101078257
OR51H1,11,4859617,4860564
PAN3,13,28138207,28295335
CD83,6,14117256,14140682
DRC3,17,17972813,18016889
RPIA,2,88691642,88750933
CELF4,18,37243040,37565994
CTPS2,X,16587950,16712976
LY6H,8,143157914,143160711
HDHD2,18,47076104,47151106
CD207,2,70830211,70835816
SLA,8,133036728,133102912
GRWD1,19,48445824,48457022
SHISAL1,22,44243665,44312951
PPAN-P2RY11,19,10106223,10114780
RBFA,18,80034389,80050651
KIF26B,1,245154985,245709432
PKMYT1,16,2968024,2980813
NLRP1,17,5499415,5619424
TLX2,2,74513463,74517148
CPA2,7,130266863,130289798
APBA2,15,28884449,29118317
MYOZ2,4,119128431,119187789
ZMAT3,3,178960121,179072323
CSDE1,1,114716913,114758704
TMC2,20,2536573,2643580
DNAJC12,10,67796668,67838188
PPM1L,3,160755602,161078902
MED19,11,57703710,57712259
TAP2,6,32821833,32838784
B3GNT8,19,41425359,41428730
CCDC180,9,97307304,97378751
NECAP2,1,16440707,16460081
SHC2,19,416589,461100
WDR49,3,167477789,167653983
HABP4,9,96450160,96491336
C19orf38,19,10836567,10869791
SGIP1,1,66533267,66751139
CWF19L1,10,100232296,100267684
PLEKHA3,2,178480457,178516463
KRTAP12-2,21,44666189,44666927
USO1,4,75724522,75814290
REX1BD,19,18588685,18592338
IFT46,11,118544528,118572970
TALDO1,11,747399,765035
RPL39,X,119786497,119791662
VWC2,7,49772822,49921950
IL1RAP,3,190514051,190659750
AMTN,4,70518569,70532743
EEA1,12,92770637,92929350
NAPEPLD,7,103099776,103151172
FAAP100,17,81539885,81553961
NEBL,10,20779973,21293011
SUV39H1,X,48695554,48709016
CYP4V2,4,186191475,186215245
ZSWIM2,2,186827475,186849208
MMP2,16,55389700,55506691
TYK2,19,10350528,10380608
TSHZ2,20,52972358,53495330
UNC5B,10,71212523,71302885
GPA33,1,167048289,167166479
CDC14A,1,100325629,100520277
SLC14A1,18,45687025,45752521
ZNF740,12,53180694,53195142
SIRT5,6,13574210,13615158
H2BC8,6,26216200,26216688
IFIH1,2,162267074,162318684
PFDN6,6,33288680,33298401
MRPL44,2,223957403,223969078
SPINT3,20,45512461,45515622
LDHB,12,21635340,21757890
KRTAP12-4,21,44654213,44654659
SRP14,15,40035690,40039181
IL31,12,122172029,122174221
PDK3,X,24465244,24550466
GPC2,7,100169606,100177381
BOC,3,113210846,113287463
GPC6,13,93226807,94408020
CCR2,3,46353864,46360940
ZCCHC8,12,122471600,122500932
DMKN,19,35497220,35513693
FAT2,5,151504092,151591331
BACE2,21,41167801,41282530
ZNF839,14,102317377,102342702
KRT81,12,52285913,52291534
TGFB3,14,75958097,75983026
RGPD4,2,107826892,107892544
UTS2B,3,191267168,191330572
ICAM3,19,10333776,10339847
MINDY2,15,58771117,58861900
ENDOV,17,80415158,80438086
LRRC75B,22,24585620,24593208
COL11A1,1,102876467,103108872
FHAD1,1,15236521,15400283
APOL6,22,35648386,35668404
SMIM40,6,33323628,33329279
OR4C5,11,48365485,48366465
TAF2,8,119730774,119832863
AKR7A3,1,19282496,19288823
OR11H2,14,19712936,19713883
ITFG1,16,47154387,47464149
EID3,12,104303739,104305205
PC,11,66848208,66958524
ATF7,12,53507856,53626410
SMR3B,4,70370093,70390244
SCP2D1,20,18813783,18814378
OR56A1,11,6019336,6034338
CMPK2,2,6840570,6866635
ROPN1,3,123968521,123992178
MRC2,17,62627670,62693597
RBMY1E,Y,21903618,21918042
UXT,X,47651792,47659187
HAL,12,95972662,95996365
EHHADH,3,185190624,185281990
RNF111,15,58865175,59097419
TMEM107,17,8172457,8176405
CTSZ,20,58985686,59008238
KATNBL1,15,34140365,34210119
KRTCAP2,1,155169408,155173475
CCDC8,19,46410329,46413564
SLC22A17,14,23346314,23352912
ABCC3,17,50634609,50692631
BNIPL,1,151036321,151047720
CRNDE,16,54844649,54931354
CYP2D7,22,42140203,42149500
OR5AN1,11,59358895,59371714
DSG4,18,31376777,31414912
ANKRD33B,5,10564070,10657816
B3GAT1,11,134378504,134412242
GRIN2B,12,13437942,13982002
TMEM263,12,106955667,106978778
PAGR1,16,29816152,29822489
NUP107,12,68686951,68745809
HDAC7,12,47782722,47833132
ADRA2C,4,3766348,3768526
KANSL3,2,96593170,96642787
C8orf44-SGK3,8,66667596,66860472
ASH1L,1,155335268,155563162
COL21A1,6,56056590,56394094
CD3G,11,118344344,118355161
SBF2,11,9776776,10304877
RAD9B,12,110501655,110533556
RAB33B,4,139453232,139476609
EXOC4,7,133253071,134067137
LAMC3,9,131009149,131094473
ZBTB32,19,35704558,35717048
C17orf99,17,78146385,78166297
FAM174B,15,92617448,92809884
ALG11,13,52012391,52079232
DDX60,4,168216291,168318883
KIF2A,5,62306162,62391025
PTX3,3,157436850,157443633
BTF3,5,73498408,73505667
ZNF415,19,53107879,53133077
MAP3K15,X,19360056,19515508
CLDN15,7,101232092,101238820
GAPVD1,9,125261780,125367207
SULT1B1,4,69721167,69787961
PSD4,2,113157325,113209396
SPINT1,15,40843513,40858383
MRPL36,5,1798381,1802001
CARNS1,11,67414968,67425613
MRFAP1L1,4,6707693,6709923
CRNN,1,152409243,152414263
TNRC6A,16,24610209,24827632
PLK1,16,23677656,23690367
ZNF630,X,47983356,48071893
SLC25A1,22,19175575,19178788
ATMIN,16,81035842,81047350
AMOTL1,11,94706431,94876748
AKTIP,16,53490502,53504411
PHF2,9,93576584,93679599
NMNAT3,3,139558709,139678017
WFDC8,20,45551153,45579326
CNPY2,12,56308024,56316346
PMP2,8,81440326,81447518
DRAXIN,1,11690958,11725857
C9orf153,9,86220265,86259657
MCRIP2,16,636817,648474
GTPBP10,7,90335223,90391453
LGALS14,19,39704481,39709444
C17orf67,17,56791913,56838773
PAXBP1,21,32733899,32771796
PHTF2,7,77798761,77957503
ARHGAP6,X,11117651,11665920
TDRD1,10,114179270,114232666
OCA2,15,27754874,28099664
DPY19L4,8,94719703,94793836
GPR12,13,26755200,26760802
ITGA9,3,37452090,37823507
KIZ,20,21125975,21246622
SMARCD1,12,50085200,50100712
MTCH2,11,47616697,47642698
KLC1,14,103561896,103714249
RACK1,5,181236897,181248096
FBXL13,7,102811189,103075400
PANX1,11,94128828,94181968
KCTD10,12,109448655,109477359
RRAS,19,49635292,49640143
CYP3A4,7,99756959,99784274
TTI1,20,37983007,38033461
ARHGEF12,11,120336238,120489937
DHX58,17,42101404,42112733
TNFAIP8L3,15,51056598,51105276
EFNA4,1,155063737,155069553
SERINC3,20,44496221,44522094
CTAGE8,7,144266674,144269288
GLRA1,5,151822513,151924851
SAPCD1,6,31762656,31764851
RTN4RL1,17,1934677,2025334
PRM2,16,11275639,11276480
DAD1,14,22564902,22589235
LDHD,16,75111855,75116782
LAMB2,3,49121113,49133118
CNIH1,14,54423561,54441439
MANBA,4,102630770,102760999
RPS6KB1,17,59893046,59950574
YPEL2,17,59331655,59401729
ADAMTS7,15,78759204,78811503
ACR,22,50738196,50745339
PMCH,12,102196459,102197833
KCNJ3,2,154697855,154858354
CASQ1,1,160190385,160201886
ITGA10,1,145891206,145910111
TBRG1,11,124622836,124635926
CDKL2,4,75576494,75630716
ZNF431,19,21142005,21196053
TXNDC15,5,134874318,134901635
RIOK3,18,23453280,23486603
HSD17B8,6,33204631,33206831
DTD2,14,31446036,31457506
USP36,17,78787381,78841441
FER1L5,2,96642737,96704887
AMZ2,17,68205481,68257712
HEBP1,12,12974867,13000275
PARP10,8,143977153,144019930
STAC2,17,39210540,39225945
DDN,12,48995149,48999375
PIPOX,17,28950513,29057583
YAF2,12,42157104,42238349
SLC5A3,21,34073578,34106260
MTERF2,12,106973120,106987173
H2BC6,6,26172059,26184655
IQCM,4,149351709,149896233
OR2L5,1,248013660,248024276
CD99L2,X,150766336,150898816
CEP112,17,65635537,66192251
DOK2,8,21908873,21913960
PHF13,1,6613731,6624030
CNTN6,3,1092658,1404217
PUDP,X,6667865,7148165
B3GNT3,19,17794697,17814175
LYRM1,16,20899821,20925011
ZNF287,17,16546954,16569218
TMEM31,X,103710909,103714036
NDUFB7,19,14566078,14572066
SRP68,17,76038775,76072517
GAST,17,41712331,41715969
ZC2HC1C,14,75064109,75119502
CCDC102B,18,68715138,69057126
MAPK6,15,51952106,52067375
NKIRAS2,17,42011382,42025644
CNKSR1,1,26177476,26189884
PCDH11Y,Y,5000226,5742224
AXIN1,16,287440,352730
ABCC10,6,43427366,43450430
RGS7,1,240767636,241357374
PEX13,2,61017225,61051990
JPT2,16,1678256,1702859
UBE3D,6,82892390,83065841
DUSP2,2,96143166,96145440
LRPPRC,2,43886224,43996226
ARNT2,15,80404315,80597937
ATP5MC1,17,48892765,48895875
PDCD6IP,3,33798571,33869707
IKBKE,1,206470332,206496891
KRT19,17,41523613,41528308
HTRA4,8,38974228,38988663
RAC3,17,82031637,82034204
OR5T3,11,56252254,56253222
SLC35A5,3,112561269,112587350
PIWIL3,22,24719034,24774720
SPACA9,9,132878027,132890201
H1-6,6,26107412,26108135
OAT,10,124397298,124419760
COL25A1,4,108808725,109302752
LAT,16,28984808,28990784
BECN1,17,42809870,42833350
SCAF4,21,31670804,31732184
TRAPPC5,19,7680833,7687703
CCDC116,22,21632716,21637329
TMEM43,3,14125015,14143681
MAP7D1,1,36155579,36180849
TLK1,2,170990823,171231314
CLEC18C,16,70173322,70187361
ENC1,5,74627406,74641424
MSRB1,16,1938229,1943199
KCNK2,1,215005775,215237090
ATP5MGL,22,42639803,42640601
IQCC,1,32205648,32208688
TUBB,6,30717435,30725538
H2AC8,6,26216921,26218515
C4BPB,1,207088802,207100001
ZNF528,19,52397849,52418412
LRRC69,8,91101832,91219257
MAZ,16,29806106,29811164
VPS54,2,63892146,64019476
ZKSCAN7,3,44555193,44594173
PKNOX2,11,125164537,125434287
RD3,1,211476522,211492484
OR7G2,19,9100407,9107475
KDELR1,19,48382575,48393837
GPD1,12,50103982,50111316
TRAF6,11,36483769,36510292
SLC7A6OS,16,68284503,68310952
MB,22,35606764,35637951
GNAQ,9,77716097,78031972
TGM6,20,2380901,2432753
TCAP,17,39665349,39666554
PCSK7,11,117204337,117232528
ATPAF1,1,46632071,46673867
EIF3H,8,116642130,116766925
APBB1IP,10,26438341,26568449
PRKCD,3,53156009,53192717
AASDH,4,56337994,56387523
LAMP1,13,113297088,113323674
DCPS,11,126304047,126350005
RAG2,11,36575574,36598279
PPIP5K2,5,103120149,103212799
PNPLA4,X,7898247,7927739
IRGQ,19,43584367,43596145
DAAM2,6,39792298,39904877
URGCP-MRPS24,7,43866558,43906589
CRX,19,47819779,47843330
NECTIN1,11,119623408,119729200
PRDM16,1,3069168,3438621
FEZ1,11,125442881,125592578
SSR3,3,156539553,156559474
SETD6,16,58515479,58523842
NDUFB4,3,120596303,120602507
GPLD1,6,24424565,24495205
SNCG,10,86955771,86963261
CMTM5,14,23376627,23379772
ID1,20,31573014,31606515
SLCO2B1,11,75100563,75206549
SMC5,9,70258270,70354874
DUT,15,48331011,48343373
CYP1A1,15,74719542,74725536
TRMT9B,8,12945642,13031503
RNASE11,14,20582892,20609884
RBP4,10,93590170,93603110
NIN,14,50719763,50831504
KIF23,15,69414246,69448427
ADGRA2,8,37784191,37844896
ENPP2,8,119557085,119673453
CAPN8,1,223538007,223665723
UROC1,3,126481165,126517777
GRIK5,19,41998316,42070240
ZNF474,5,122129546,122182658
PRAMEF14,1,13341892,13347134
FAM3B,21,41304212,41357727
PITRM1,10,3137728,3172841
RDH10,8,73294602,73325281
SARAF,8,30063003,30083208
IMMP1L,11,31432399,31509645
OR56B4,11,6107684,6108835
WDR6,3,49007062,49015953
RLN2,9,5299864,5304716
SYT10,12,33374238,33439819
SMPD3,16,68358327,68448508
ZFP82,19,36383120,36418667
CPSF1,8,144393229,144409861
ZBP1,20,57603575,57620576
F7,13,113105762,113120685
KLRC2,12,10426854,10442300
AGTPBP1,9,85546539,85742144
PTCH1,9,95442980,95517057
RNASE13,14,21032818,21034807
MRPL46,15,88459468,88467420
ERICH5,8,98064271,98095512
OR10G8,11,124026798,124030634
OR5D18,11,55819630,55820571
TNFRSF13B,17,16929816,16972118
VAT1L,16,77788564,77980107
TMEM164,X,110002631,110184260
KRT77,12,52689626,52703524
C1QTNF2,5,160347754,160370645
PCDHB7,5,141172644,141176383
ZNF496,1,247297412,247332822
CMTM3,16,66603874,66613892
SNF8,17,48929316,48944842
PNPLA8,7,108470417,108569666
SERPINC1,1,173903519,173917543
DDX1,2,15591178,15634346
FKBP14,7,30010587,30026702
CLN6,15,68206992,68257211
DDX20,1,111754832,111775602
RBP5,12,7115736,7128889
NCAPH,2,96335734,96377091
BCLAF1,6,136256627,136289851
CACNA1S,1,201039512,201112451
DEFB115,20,31257664,31259632
CNMD,13,52703258,52740089
WNT2B,1,112466541,112530165
POC1A,3,52074590,52154735
CATSPERZ,11,64300358,64304770
CCDC91,12,28133249,28581511
LMO4,1,87328428,87348923
SCN3B,11,123629187,123655244
CLDN16,3,190322522,190412460
GPRIN3,4,89236383,89307937
HIGD1A,3,42782908,42804527
IRF8,16,85899116,85922606
RNF32,7,156640281,156677191
ZNF462,9,106862286,107013634
SYCN,19,39202825,39204263
MAP3K2,2,127298668,127388465
GABARAP,17,7240008,7242449
DZIP3,3,108589480,108694846
ABCA1,9,104781006,104928155
SH2D1A,X,124227868,124373197
ATG14,14,55366391,55411830
CDC25B,20,3786772,3806730
CARD9,9,136363956,136373683
ATOH7,10,68230595,68232113
DCTPP1,16,30423615,30430030
RNF128,X,106693794,106797016
SH3RF3,2,109129205,109504634
TEX11,X,70528940,70908711
DEF8,16,89948127,89968066
LEO1,15,51938025,51971791
MDS2,1,23581495,23640574
RSU1,10,16590611,16817463
FSHR,2,48962157,49154527
DEFB128,20,187853,189711
TBC1D7,6,13266542,13328583
VIM,10,17228241,17237593
ZDBF2,2,206274657,206314437
ADGRF5,6,46852310,46956392
PDLIM5,4,94451857,94668227
C10orf88,10,122930901,122954311
NPC1L1,7,44512535,44541330
WBP2NL,22,41998725,42058456
CEACAM5,19,41708585,41730519
HTR3C,3,184053047,184060673
JAKMIP1,4,6026199,6200591
SBSN,19,35523367,35528351
SPC25,2,168834132,168913371
NECTIN2,19,44846175,44889228
BTBD9,6,38168451,38640172
MED20,6,41905354,41921139
PHYKPL,5,178207144,178233208
CLCN2,3,184346185,184363274
C1QTNF4,11,47589666,47595642
GPR132,14,105048658,105065940
OR1L4,9,122723990,122724925
MPRIP,17,17042457,17217679
ZNF333,19,14689801,14733746
HNRNPU,1,244840638,244864560
STRN4,19,46719511,46746994
INSIG1,7,155296731,155311963
FOLR2,11,72216601,72221950
FAM91A1,8,123768439,123815452
CALML5,10,5498697,5499570
SPACA3,17,32970376,32997877
TLL2,10,96364608,96513941
SH3BGRL3,1,26280057,26281522
FBXO30,6,145793502,145815267
OR2H1,6,29457155,29464328
ZNF723,19,22832291,22858667
ADCK5,8,144373101,144393242
MAEL,1,166975582,167022214
PITPNB,22,27851669,27920134
IFT27,22,36758202,36776309
XIAP,X,123859693,123913972
SH3RF1,4,169094259,169271185
VWCE,11,61255672,61295334
RNF20,9,101533853,101563344
AGK,7,141551278,141655244
CDC26,9,113255835,113275602
THSD7A,7,11370365,11832198
SESN2,1,28259473,28282491
CLBA1,14,104985775,105010482
OR51F2,11,4821321,4822456
TCEAL3,X,103607451,103629690
SPATA1,1,84506300,84567379
MPLKIP,7,40126027,40134622
BLOC1S2,10,100273280,100286697
CENPVL3,X,51617020,51618912
STC1,8,23841929,23854806
SLC25A4,4,185143233,185150382
SRD5A1,5,6633290,6676539
CTNS,17,3636459,3663103
CALCB,11,14904997,15082342
PRNP,20,4685730,4701590
NFYA,6,41072946,41102403
OTOL1,3,161496808,161503942
CDC20,1,43358928,43363207
MGAT5B,17,76868404,76950393
TEDDM1,1,182398117,182400667
ADNP,20,50888916,50931437
XKR8,1,27959588,27968093
SAXO2,15,82262810,82284930
DLX6,7,97005553,97011040
GKN2,2,68945232,68952955
ROPN1L,5,10441524,10559716
AGXT2,5,34997427,35048240
CXorf51A,X,146814106,146814744
F2,11,46719166,46739822
XKR6,8,10896045,11201833
PTF1A,10,23192312,23194245
EIF2B2,14,75002894,75012366
PCK1,20,57560573,57568121
TIA1,2,70209444,70248761
GDA,9,72114595,72257193
H3C15,1,149852608,149853125
LRRC40,1,70143411,70205639
MT1H,16,56669814,56671129
MOCS3,20,50958818,50963929
CFL2,14,34709113,34714823
SLC13A5,17,6684715,6713377
ING5,2,241687085,241729481
ANGPTL4,19,8363223,8374371
MCM9,6,118813442,118935162
DEFB121,20,31404845,31412838
ESRP2,16,68229033,68238102
IQGAP3,1,156525405,156572604
CD7,17,82313564,82317608
MIS18A,21,32268224,32279098
GCKR,2,27496532,27523688
CSK,15,74782055,74803198
SOS1,2,38962206,39124345
SEZ6L,22,26169462,26383597
UNKL,16,1363205,1414751
UBA5,3,132654446,132679794
PEAK1,15,77100656,77420216
CTPS1,1,40979300,41012565
KCNJ12,17,21376303,21419870
GRAMD2B,5,126360132,126496494
STAG1,3,136336234,136752432
CABP5,19,48029383,48044079
SLC29A3,10,71319259,71381423
KRTAP13-1,21,30396031,30396822
STAU1,20,49113338,49188417
COL16A1,1,31652260,31704319
SNN,16,11668027,11679159
IGFL3,19,46120067,46124688
STBD1,4,76306733,76311130
FEZF1,7,122301303,122310691
IQGAP1,15,90388207,90502239
FARSB,2,222566899,222656313
SLBP,4,1692731,1712344
CCNJ,10,96043394,96060870
KIF2C,1,44739817,44767767
TMIGD1,17,30315839,30334098
FABP5,8,81280535,81284777
CLPP,19,6361427,6370242
AGR2,7,16791387,16833433
CD226,18,69831158,69961803
CLINT1,5,157785743,157859169
CCNL1,3,157146508,157160760
SDHAF4,6,70566917,70589569
NDUFB3,2,201071433,201085754
PRX,19,40393764,40415070
PHLDA2,11,2928273,2929420
ANKDD1B,5,75611182,75681773
MCRIP1,17,81821790,81833302
FXYD1,19,35137159,35143109
DBNL,7,44044628,44069456
EDA,X,69616067,70039472
WNT4,1,22117313,22143969
ARHGEF3,3,56727418,57079329
C5orf52,5,157671533,157680158
EFHD2,1,15409849,15430339
TK1,17,78172780,78187233
KCNIP2,10,101825969,101843965
PPP4R3C,X,27460207,27463341
SUGT1,13,52652682,52700909
DGKK,X,50365405,50470850
PRSS54,16,58279997,58295047
PYGM,11,64746389,64759974
SSX2IP,1,84643706,84690955
SLC30A2,1,26037252,26046136
CADM1,11,115169218,115504957
KCNH1,1,210676823,211134183
GOLT1A,1,204198158,204214121
DEPDC5,22,31753867,31908033
C12orf76,12,110027028,110073636
PEX11B,1,145911349,145918730
PRB1,12,11351823,11355591
SLC10A4,4,48483343,48489526
RBSN,3,15068571,15099163
FSCN2,17,81528377,81537130
CD34,1,207880972,207911402
KRTAP4-12,17,41123091,41124182
IL17REL,22,49991811,50012765
TEX12,11,112167372,112172556
DGCR2,22,19036280,19122461
B4GALNT1,12,57623409,57633239
ABHD6,3,58237516,58295693
ATE1,10,121709393,121928801
CHP1,15,41230824,41281888
CFAP97,4,185159665,185210815
FBXO6,1,11664189,11674354
STAG3,7,100177563,100214387
OTOGL,12,80099537,80380880
COMMD9,11,36269284,36289449
PRAG1,8,8317736,8387357
CBLL1,7,107743073,107761667
DMTF1,7,87152409,87196337
CAPZB,1,19338775,19485600
EFCAB12,3,129401321,129428636
CSNK1A1,5,149492982,149551471
EXOC2,6,485133,693169
NUDT1,7,2242203,2251824
SFXN4,10,119140767,119165714
CTLA4,2,203853888,203873965
TP63,3,189631389,189897276
PTH2,19,49422419,49423660
EPM2AIP1,3,36985043,36993131
SEC63,6,107867756,107958309
INSM2,14,35534164,35537054
LOC102723360,21,7629236,7692266
LOC390877,19,6393764,6414088
LOC102723407,KI270726.1,41444,41876
LOC100288966,GL000213.1,108007,139659
CH507-42P11.6,21,43446565,43453902
LOC112267897,13,63746741,63751080
LOC100996637,2,495721,496637
LOC102723713,KI270728.1,933862,936467
LOC107985524,1,120558654,120631047
LOC112694756,16,30053123,30070414
LOC112267859,9,65878766,65894790
LOC112268270,20,57266306,57282998
LOC107985535,22,45875967,45891465
SMIM2,13,44094822,44161490
LOC105373133,X,13044695,13156774
LOC388282,16,57798186,57816949
LOC105373244,X,70427346,70435378
LOC100652833,5,99522398,99525361
LOC441239,7,64888513,64890894
LOC107986453,5,135812667,135827546
LOC101929692,6,170612424,170745923
LOC645188,X,141625813,141626752
ERVFC1,X,97841749,97849381
LOC389602,7,155952030,155968391
LOC102724200,21,5155499,5163695
LOC102724646,6,111873583,111972861
LOC101927788,15,32513733,32615399
LOC102723996,21,5022531,5036771
LOC102724250,HG1343_HG173_HG459_PATCH,585030,647269
LOC100131107,1,152079557,152080903
LOC400499,16,11359845,11527247
LOC112267992,17,28230561,28238670
LOC105372714,20,33150548,33160705
LOC105373347,X,147180802,147271962
LOC105373289,1,227786266,227807353
LOC100287290,3,158732263,158784552
LOC105378979,5,56766395,56772875
LOC105375938,8,60903386,60910860
LOC105373242,X,68923168,69084586
LOC107986531,6,37418034,37433206
LOC100287036,16,89320452,89325110
LOC105369591,11,126119677,126158835
LOC112577592,18,7455840,7461232
LOC107987386,KI270728.1,1796109,1817103
LOC101930420,3,91374236,91513775
LOC107984851,16,22724498,22814859
LOC114841035,11,64241095,64244132
LOC107985792,2,23015411,23199168
LOC107983981,15,52803690,53211107
LOC102724642,2,87125198,87196629
LOC107987014,9,116567636,116586328
LOC105371933,17,35373130,35374705
LOC105370705,14,23057690,23063277
LOC100129307,13,77661376,77662626
LOC102724159,21,5130871,5154658
LOC105373780,2,184567625,184599008
LOC112268136,14,38255980,38371338
LOC107984974,17,31008244,31093127
LOC112267968,6,159051674,159121510
LOC102724843,21,7048748,7116635
LOC107985532,22,21652128,21670237
LOC107985433,20,30278906,30290066
LOC107985876,2,43031797,43217246
LOC730183,16,30697043,30699060
LOC100652871,HSCHR22_1_CTG7,176360,179160
LOC102723532,KI270727.1,386278,387620
LOC105372977,22,27187520,27189216
LOC730098,9,34664163,34666122
LOC101928764,13,21283487,21298709
LOC389831,21,6228128,6267431
LOC102723971,9,135604345,135619893
LOC105373314,X,115454733,115455194
LOC102724877,3,194070103,194123469
LOC102723502,KI270727.1,136160,167571
LOC647264,13,63832361,63833053
LOC101927375,13,24541120,24597681
LOC389199,4,7939001,7940296
LOC100505502,10,31362799,31364049
LOC101928095,8,7113082,7228240
